timestamp,value,is_anomaly
2073630,0.0114999999998872,0
2073660,0.0099999999999454,0
2073690,0.0109999999999672,0
2073720,0.0079999999999927,0
2073750,0.0090000000000145,0
2073780,0.0050000000000181,0
2073810,0.2324999999998908,0
2073840,0.1195000000000618,0
2073870,0.0080000000000836,0
2073900,0.2274999999999636,0
2073930,0.11200000000008,0
2073960,0.025,0
2073990,0.1769999999999527,0
2074020,0.0455000000000836,0
2074050,0.2350000000000364,0
2074080,0.1529999999998836,0
2074110,0.0265000000001236,0
2074140,0.0214999999997417,0
2074170,0.0080000000000836,0
2074200,0.0655000000000654,0
2074230,0.0259999999999308,0
2074260,0.0079999999999927,0
2074290,0.0115000000000691,0
2074320,0.0115000000000691,0
2074350,0.1600000000001273,0
2074380,0.1344999999999345,0
2074410,0.0880000000000109,0
2074440,0.0099999999998544,0
2074470,0.0310000000002219,0
2074500,0.2440000000001418,0
2074530,0.1385000000002037,0
2074560,0.0255000000001018,0
2074590,0.0204999999999017,0
2074620,0.2485000000000582,0
2074650,0.1504999999999199,0
2074680,0.0350000000000363,0
2074710,0.0164999999999963,0
2074740,0.2644999999998617,0
2074770,0.1784999999998945,0
2074800,0.0220000000000254,0
2074830,0.0160000000002582,0
2074860,0.0164999999999054,0
2074890,0.0134999999999308,0
2074920,0.0244999999998981,0
2074950,0.0234999999999672,0
2074980,0.1609999999998763,0
2075010,0.1139999999999417,0
2075040,0.0260000000000218,0
2075070,0.0170000000000982,0
2075100,0.0145000000000436,0
2075130,0.0210000000000945,0
2075160,0.0325000000000727,0
2075190,0.01850000000004,0
2075220,0.0734999999998763,0
2075250,0.1465000000001964,0
2075280,0.0560000000001309,0
2075310,0.1169999999998253,0
2075340,0.0614999999997962,0
2075370,0.1650000000000545,0
2075400,0.1015000000002146,0
2075430,0.261500000000251,0
2075460,0.0864999999999781,0
2075490,0.0084999999999126,0
2075520,0.0280000000001564,0
2075550,0.1299999999998362,0
2075580,0.075,0
2075610,0.1470000000000254,0
2075640,0.199499999999989,0
2075670,0.2289999999999054,0
2075700,0.2629999999999199,0
2075730,0.2905000000000655,0
2075760,0.3334999999999127,0
2075790,0.3590000000001055,0
2075820,0.3574999999998909,0
2075850,0.3574999999999818,0
2075880,0.3665000000000873,0
2075910,0.3780000000001564,0
2075940,0.4585000000000037,0
2075970,0.4805000000000291,0
2076000,0.4054999999999382,0
2076030,0.4664999999999963,0
2076060,0.5144999999999527,0
2076090,0.47450000000008,0
2076120,0.5125000000000001,0
2076150,0.5405000000002474,0
2076180,0.5369999999999892,0
2076210,0.5820000000000618,0
2076240,0.5734999999997854,0
2076270,0.5029999999997927,0
2076300,0.5269999999999527,0
2076330,0.6140000000000329,0
2076360,0.5469999999999345,0
2076390,0.6165000000001782,0
2076420,0.5729999999998654,0
2076450,0.6034999999998036,0
2076480,0.5554999999999382,0
2076510,0.70550000000012,0
2076540,0.5055000000000291,0
2076570,0.368999999999778,0
2076600,0.3910000000000764,0
2076630,0.2340000000001055,0
2076660,0.0334999999999126,0
2076690,0.2449999999997999,0
2076720,0.2049999999999272,0
2076750,0.0144999999999527,0
2076780,0.0149999999999636,0
2076810,0.0175000000000181,0
2076840,0.3700000000000728,0
2076870,0.1200000000000727,0
2076900,0.1640000000001236,0
2076930,0.2660000000001674,0
2076960,0.2270000000000436,0
2076990,0.1914999999999964,0
2077020,0.1609999999999673,0
2077050,0.2109999999998763,0
2077080,0.5144999999999528,0
2077110,0.2835000000000036,0
2077140,0.0945000000000618,0
2077170,0.0145000000001346,0
2077200,0.0150000000001455,0
2077230,0.275499999999829,0
2077260,0.1735000000001491,0
2077290,0.1880000000001019,0
2077320,0.106999999999789,0
2077350,0.0424999999999272,0
2077380,0.0440000000001418,0
2077410,0.0570000000001527,0
2077440,0.0664999999999054,0
2077470,0.0699999999998908,0
2077500,0.0735000000000582,0
2077530,0.0729999999999563,0
2077560,0.0759999999999308,0
2077590,0.0714999999999236,0
2077620,0.5174999999999272,0
2077650,0.2520000000001346,0
2077680,0.1015000000002146,0
2077710,0.5054999999998473,0
2077740,0.14350000000004,0
2077770,0.0710000000000945,0
2077800,0.0855000000001382,0
2077830,0.143499999999949,0
2077860,0.3650000000001455,0
2077890,0.0985000000001491,0
2077920,0.2669999999999163,0
2077950,0.1039999999999054,0
2077980,0.1259999999999309,0
2078010,0.1169999999999163,0
2078040,0.0100000000000363,0
2078070,0.0204999999999927,0
2078100,0.2434999999997671,0
2078130,0.0414999999999054,0
2078160,0.3784999999999855,0
2078190,0.1540000000001782,0
2078220,0.0199999999998908,0
2078250,0.0174999999998362,0
2078280,0.0155000000002473,0
2078310,0.0154999999998835,0
2078340,0.0110000000000582,0
2078370,0.0134999999997489,0
2078400,0.0130000000001018,0
2078430,0.0144999999998617,0
2078460,0.0130000000001018,0
2078490,0.2474999999999454,0
2078520,0.1175000000000181,0
2078550,0.0089999999998326,0
2078580,0.0229999999997744,0
2078610,0.0265000000000327,0
2078640,0.0160000000000763,0
2078670,0.0215000000000145,0
2078700,0.024999999999909,0
2078730,0.0199999999998908,0
2078760,0.0265000000000327,0
2078790,0.0380000000001018,0
2078820,0.0189999999999599,0
2078850,0.0259999999999308,0
2078880,0.0349999999999454,0
2078910,0.0340000000001964,0
2078940,0.0399999999999636,0
2078970,0.03100000000004,0
2079000,0.0315000000001418,0
2079030,0.0384999999999308,0
2079060,0.037499999999909,0
2079090,0.0335000000000036,0
2079120,0.0575000000000727,0
2079150,0.1665000000001782,0
2079180,0.0804999999999381,0
2079210,0.0139999999999417,0
2079240,0.0335000000000036,0
2079270,0.04300000000012,0
2079300,0.0284999999999854,0
2079330,0.0330000000000836,0
2079360,0.0304999999997562,0
2079390,0.0275000000000545,0
2079420,0.1325000000000727,0
2079450,0.1180000000000291,0
2079480,0.0619999999998981,0
2079510,0.0290000000002692,0
2079540,0.0414999999998144,0
2079570,0.1424999999998363,0
2079600,0.1519999999997708,0
2079630,0.0800000000001091,0
2079660,0.0679999999999381,0
2079690,0.2660000000000764,0
2079720,0.2905000000000655,0
2079750,0.1589999999998326,0
2079780,0.02450000000008,0
2079810,0.0104999999999563,0
2079840,0.2449999999999818,0
2079870,0.1784999999999854,0
2079900,0.0199999999999818,0
2079930,0.0139999999998508,0
2079960,0.0590000000000145,0
2079990,0.2034999999998945,0
2080020,0.1130000000000109,0
2080050,0.0124999999997271,0
2080080,0.0095000000001164,0
2080110,0.2344999999998436,0
2080140,0.1155000000001564,0
2080170,0.0174999999997453,0
2080200,0.0064999999999599,0
2080230,0.005999999999949,0
2080260,0.0040000000000873,0
2080290,0.2069999999998799,0
2080320,0.1824999999997999,0
2080350,0.1424999999999272,0
2080380,0.0125000000000909,0
2080410,0.0100000000000363,0
2080440,0.0949999999999818,0
2080470,0.1489999999998872,0
2080500,0.2790000000000873,0
2080530,0.0229999999998654,0
2080560,0.1275000000000545,0
2080590,0.168500000000131,0
2080620,0.2174999999998363,0
2080650,0.1264999999999418,0
2080680,0.0110000000000582,0
2080710,0.0085000000000945,0
2080740,0.0250000000001819,0
2080770,0.1944999999999709,0
2080800,0.1474999999998545,0
2080830,0.0800000000002,0
2080860,0.0100000000000363,0
2080890,0.0144999999998617,0
2080920,0.0109999999999672,0
2080950,0.0094999999999345,0
2080980,0.0170000000000072,0
2081010,0.0284999999999854,0
2081040,0.0075000000001637,0
2081070,0.0485000000000582,0
2081100,0.2099999999999454,0
2081130,0.0775000000002364,0
2081160,0.0190000000001418,0
2081190,0.337000000000171,0
2081220,0.1395000000002255,0
2081250,0.0170000000000982,0
2081280,0.2364999999998872,0
2081310,0.043999999999869,0
2081340,0.0130000000000109,0
2081370,0.0110000000000582,0
2081400,0.0145000000000436,0
2081430,0.0174999999999272,0
2081460,0.0204999999998108,0
2081490,0.1440000000001418,0
2081520,0.0430000000000291,0
2081550,0.1070000000000618,0
2081580,0.0200000000000727,0
2081610,0.0164999999998144,0
2081640,0.2260000000001127,0
2081670,0.0944999999999709,0
2081700,0.0210000000000036,0
2081730,0.0240000000000691,0
2081760,0.0284999999998035,0
2081790,0.2364999999999781,0
2081820,0.0594999999998435,0
2081850,0.0100000000001273,0
2081880,0.0109999999999672,0
2081910,0.0160000000000763,0
2081940,0.0149999999999636,0
2081970,0.012499999999909,0
2082000,0.0165000000000873,0
2082030,0.1470000000001164,0
2082060,0.0190000000000509,0
2082090,0.0144999999998617,0
2082120,0.0190000000001418,0
2082150,0.0159999999998944,0
2082180,0.2390000000000327,0
2082210,0.0855000000001382,0
2082240,0.0285000000000763,0
2082270,0.0129999999999199,0
2082300,0.0069999999999708,0
2082330,0.0289999999999054,0
2082360,0.1594999999999345,0
2082390,0.0830000000001746,0
2082420,0.005500000000211,0
2082450,0.0085000000001855,0
2082480,0.0104999999999563,0
2082510,0.0230000000000473,0
2082540,0.0060000000001309,0
2082570,0.0335000000000945,0
2082600,0.1929999999996653,0
2082630,0.1295000000000072,0
2082660,0.0125,0
2082690,0.0115000000000691,0
2082720,0.0100000000001273,0
2082750,0.0094999999999345,0
2082780,0.0150000000000545,0
2082810,0.2465000000001965,0
2082840,0.1130000000000109,0
2082870,0.0159999999999854,0
2082900,0.0174999999999272,0
2082930,0.1604999999997744,0
2082960,0.1615000000000691,0
2082990,0.0065000000000509,0
2083020,0.0045000000001891,0
2083050,0.0079999999999017,0
2083080,0.2305000000000291,0
2083110,0.1989999999999781,0
2083140,0.0280000000000654,0
2083170,0.0325000000000727,0
2083200,0.0090000000001964,0
2083230,0.0115000000000691,0
2083260,0.0079999999999927,0
2083290,0.0095000000000254,0
2083320,0.0099999999999454,0
2083350,0.0090000000001055,0
2083380,0.0114999999998872,0
2083410,0.01150000000016,0
2083440,0.0094999999998435,0
2083470,0.105500000000211,0
2083500,0.1039999999999054,0
2083530,0.0125000000000909,0
2083560,0.2430000000000291,0
2083590,0.1154999999999745,0
2083620,0.0109999999998763,0
2083650,0.2349999999996725,0
2083680,0.1840000000001055,0
2083710,0.0205000000000836,0
2083740,0.0110000000000582,0
2083770,0.012999999999738,0
2083800,0.2140000000000327,0
2083830,0.1520000000001346,0
2083860,0.0175000000001091,0
2083890,0.0160000000000764,0
2083920,0.1605000000000473,0
2083950,0.1544999999998254,0
2083980,0.0220000000000254,0
2084010,0.2529999999999746,0
2084040,0.1169999999998253,0
2084070,0.0094999999999345,0
2084100,0.0105000000000472,0
2084130,0.2376544754091979,0
2084160,0.1384999999998399,0
2084190,0.0150000000001455,0
2084220,0.2399999999999636,0
2084250,0.1219999999998435,0
2084280,0.011999999999989,0
2084310,0.2424999999999272,0
2084340,0.2020000000000436,0
2084370,0.0164999999999054,0
2084400,0.0109999999999672,0
2084430,0.0129999999999199,0
2084460,0.2494999999998981,0
2084490,0.1915000000000873,0
2084520,0.0299999999998362,0
2084550,0.0160000000000763,0
2084580,0.0134999999998399,0
2084610,0.01150000000016,0
2084640,0.0150000000002364,0
2084670,0.012499999999909,0
2084700,0.0119999999998981,0
2084730,0.011999999999989,0
2084760,0.0114999999998872,0
2084790,0.0095000000000254,0
2084820,0.0170000000001891,0
2084850,0.0100000000000363,0
2084880,0.0100000000000363,0
2084910,0.0214999999996507,0
2084940,0.2389999999998508,0
2084970,0.0850000000000363,0
2085000,0.2309999999998581,0
2085030,0.0985000000000582,0
2085060,0.2380000000000109,0
2085090,0.0564999999999599,0
2085120,0.2380000000000109,0
2085150,0.1119999999997162,0
2085180,0.8649999999999638,0
2085210,0.2524999999998727,0
2085240,0.0975000000000363,0
2085270,0.3480000000000474,0
2085300,0.1319999999998799,0
2085330,0.3049999999998363,0
2085360,0.0234999999999672,0
2085390,0.2125000000001819,0
2085420,0.2909999999998944,0
2085450,0.2015000000000327,0
2085480,0.0949999999999818,0
2085510,0.1030000000001564,0
2085540,0.2424999999998363,0
2085570,0.093499999999949,0
2085600,0.337499999999818,0
2085630,0.1359999999999672,0
2085660,0.0600000000001273,0
2085690,0.2369999999998981,0
2085720,0.0664999999999963,0
2085750,0.0814999999999599,0
2085780,0.018999999999869,0
2085810,0.0649999999997817,0
2085840,0.0450000000000727,0
2085870,0.0605000000000472,0
2085900,0.08100000000004,0
2085930,0.0579999999999927,0
2085960,0.0394999999997708,0
2085990,0.0845000000000254,0
2086020,0.0414999999999054,0
2086050,0.0675000000001091,0
2086080,0.1199999999999818,0
2086110,0.0645000000000436,0
2086140,0.0524999999997817,0
2086170,0.0784999999999854,0
2086200,0.0489999999998872,0
2086230,0.0699999999999818,0
2086260,0.1290000000000873,0
2086290,0.0584999999999126,0
2086320,0.0690000000000509,0
2086350,0.0684999999998581,0
2086380,0.0524999999999636,0
2086410,0.0820000000000618,0
2086440,0.1285000000000764,0
2086470,0.0725000000000364,0
2086500,0.1224999999997635,0
2086530,0.0774999999999636,0
2086560,0.0570000000001528,0
2086590,0.0929999999998472,0
2086620,0.1185000000001309,0
2086650,0.0899999999999636,0
2086680,0.1039999999999963,0
2086710,0.0880000000000109,0
2086740,0.0819999999998799,0
2086770,0.0894999999999527,0
2086800,0.2259999999999308,0
2086830,0.1244999999999891,0
2086860,0.0129999999999199,0
2086890,0.2705000000002656,0
2086920,0.1340000000000145,0
2086950,0.1119999999998981,0
2086980,0.0589999999999236,0
2087010,0.3100000000000363,0
2087040,0.0230000000000472,0
2087070,0.0550000000002,0
2087100,0.0390000000001237,0
2087130,0.0390000000000327,0
2087160,0.0784999999998945,0
2087190,0.0639999999998508,0
2087220,0.1424999999999272,0
2087250,0.0384999999999308,0
2087280,0.0695000000001528,0
2087310,0.0595000000000254,0
2087340,0.05550000000012,0
2087370,0.0760000000000218,0
2087400,0.08050000000012,0
2087430,0.0519999999999527,0
2087460,0.0825000000000727,0
2087490,0.0654999999999745,0
2087520,0.0574999999998908,0
2087550,0.0625,0
2087580,0.0570000000001527,0
2087610,0.0889999999999417,0
2087640,0.0660000000000764,0
2087670,0.0725000000000364,0
2087700,0.0840000000000145,0
2087730,0.0759999999999308,0
2087760,0.2469999999999345,0
2087790,0.0594999999998435,0
2087820,0.1050000000000182,0
2087850,0.2585000000000036,0
2087880,0.0979999999997744,0
2087910,0.1785000000002583,0
2087940,0.0140000000001236,0
2087970,0.0704999999998108,0
2088000,0.0910000000000764,0
2088030,0.0270000000001346,0
2088060,0.1204999999999927,0
2088090,0.037499999999909,0
2088120,0.0470000000000254,0
2088150,0.0700000000000727,0
2088180,0.0409999999999854,0
2088210,0.0605000000000472,0
2088240,0.0870000000001709,0
2088270,0.0594999999998435,0
2088300,0.0454999999999927,0
2088330,0.0729999999998654,0
2088360,0.0470000000001164,0
2088390,0.0534999999998945,0
2088420,0.0525000000001455,0
2088450,0.0634999999998399,0
2088480,0.0669999999998253,0
2088510,0.0569999999999709,0
2088540,0.0660000000002583,0
2088570,0.0655000000002473,0
2088600,0.0784999999998035,0
2088630,0.075,0
2088660,0.0720000000002073,0
2088690,0.0704999999999927,0
2088720,0.0759999999997489,0
2088750,0.2435000000001309,0
2088780,0.0970000000001164,0
2088810,0.0170000000000072,0
2088840,0.0189999999999599,0
2088870,0.0600000000001273,0
2088900,0.0830000000001746,0
2088930,0.0229999999999563,0
2088960,0.0720000000001164,0
2088990,0.0259999999998399,0
2089020,0.0610000000000582,0
2089050,0.05,0
2089080,0.0315000000002328,0
2089110,0.0600000000002182,0
2089140,0.0719999999999345,0
2089170,0.0759999999998399,0
2089200,0.056999999999789,0
2089230,0.04950000000008,0
2089260,0.0774999999999636,0
2089290,0.0824999999997999,0
2089320,0.0829999999999017,0
2089350,0.0540000000001782,0
2089380,0.0669999999997344,0
2089410,0.0860000000000582,0
2089440,0.2300000000002,0
2089470,0.0709999999998217,0
2089500,0.0159999999998035,0
2089530,0.1945000000001528,0
2089560,0.0420000000000982,0
2089590,0.1340000000001964,0
2089620,0.0425000000002,0
2089650,0.0719999999998435,0
2089680,0.0640000000000327,0
2089710,0.0899999999999636,0
2089740,0.0774999999999636,0
2089770,0.0665000000000873,0
2089800,0.0920000000000072,0
2089830,0.0909999999998035,0
2089860,0.06899999999996,0
2089890,0.0630000000001928,0
2089920,0.0765000000000327,0
2089950,0.2135000000002037,0
2089980,0.1310000000001309,0
2090010,0.0144999999999527,0
2090040,0.2310000000002219,0
2090070,0.06899999999996,0
2090100,0.01850000000004,0
2090130,0.1330000000000837,0
2090160,0.04350000000004,0
2090190,0.0565000000000509,0
2090220,0.0780000000002473,0
2090250,0.0424999999999272,0
2090280,0.0659999999999854,0
2090310,0.0689999999999599,0
2090340,0.0495000000001709,0
2090370,0.0765000000000327,0
2090400,0.0649999999998726,0
2090430,0.0765000000001236,0
2090460,0.0680000000000291,0
2090490,0.1755000000001018,0
2090520,0.1334999999998217,0
2090550,0.0190000000001418,0
2090580,0.1210000000000036,0
2090610,0.1849999999999454,0
2090640,0.1694999999999709,0
2090670,0.0174999999999272,0
2090700,0.0065000000000509,0
2090730,0.0079999999999017,0
2090760,0.0070000000002437,0
2090790,0.0065000000001418,0
2090820,0.0100000000000363,0
2090850,0.0049999999999272,0
2090880,0.10550000000012,0
2090910,0.1590000000000145,0
2090940,0.3595000000000254,0
2090970,0.0339999999999236,0
2091000,0.237499999999909,0
2091030,0.1349999999999454,0
2091060,0.0909999999999854,0
2091090,0.1760000000001128,0
2091120,0.1119999999999891,0
2091150,0.1929999999997562,0
2091180,0.2085000000000946,0
2091210,0.1885000000001128,0
2091240,0.1275000000000545,0
2091270,0.175499999999829,0
2091300,0.1830000000002655,0
2091330,0.1799999999999272,0
2091360,0.1455000000001746,0
2091390,0.0245000000001709,0
2091420,0.0149999999999636,0
2091450,0.0420000000000982,0
2091480,0.0230000000000473,0
2091510,0.01850000000004,0
2091540,0.0335000000000945,0
2091570,0.2389999999999418,0
2091600,0.0834999999997308,0
2091630,0.0135000000000218,0
2091660,0.0069999999998799,0
2091690,0.0220000000001164,0
2091720,0.1994999999998981,0
2091750,0.0455000000000836,0
2091780,0.0129999999999199,0
2091810,0.0160000000000763,0
2091840,0.2555000000001201,0
2091870,0.1425000000001091,0
2091900,0.2584999999999127,0
2091930,0.1229999999999563,0
2091960,0.0175000000000181,0
2091990,0.0160000000001673,0
2092020,0.0155000000000654,0
2092050,0.0349999999997635,0
2092080,0.1235000000000582,0
2092110,0.0284999999999854,0
2092140,0.0074999999998908,0
2092170,0.2405000000002474,0
2092200,0.18100000000004,0
2092230,0.2125,0
2092260,0.1505000000002837,0
2092290,0.0135000000001127,0
2092320,0.0189999999999599,0
2092350,0.2440000000001418,0
2092380,0.0735000000000582,0
2092410,0.0110000000000582,0
2092440,0.2300000000000182,0
2092470,0.0779999999999745,0
2092500,0.0085000000000036,0
2092530,0.0115000000000691,0
2092560,0.0080000000000836,0
2092590,0.2305000000000291,0
2092620,0.1225000000000363,0
2092650,0.0115000000000691,0
2092680,0.0075000000002546,0
2092710,0.0074999999997999,0
2092740,0.0090000000000145,0
2092770,0.006499999999869,0
2092800,0.018000000000211,0
2092830,0.0070000000001527,0
2092860,0.0100000000001273,0
2092890,0.0090000000000145,0
2092920,0.0085000000000036,0
2092950,0.00600000000004,0
2092980,0.1905000000001564,0
2093010,0.1384999999999308,0
2093040,0.0225000000000363,0
2093070,0.0080000000000836,0
2093100,0.0105000000001382,0
2093130,0.0135000000000218,0
2093160,0.0085000000000036,0
2093190,0.0074999999998908,0
2093220,0.0070000000000618,0
2093250,0.0135000000000218,0
2093280,0.0124999999999999,0
2093310,0.0109999999999672,0
2093340,0.0110000000000582,0
2093370,0.1039999999999963,0
2093400,0.1035000000000763,0
2093430,0.0150000000001455,0
2093460,0.0080000000000836,0
2093490,0.2269999999998617,0
2093520,0.0830000000000836,0
2093550,0.0135000000000218,0
2093580,0.0905000000000654,0
2093610,0.1164999999999963,0
2093640,0.225000000000091,0
2093670,0.0654999999999745,0
2093700,0.2350000000001273,0
2093730,0.1205000000002655,0
2093760,0.2269999999999526,0
2093790,0.1670000000001892,0
2093820,0.0269999999999527,0
2093850,0.0085000000000036,0
2093880,0.0135000000000218,0
2093910,0.0154999999997926,0
2093940,0.0160000000002582,0
2093970,0.0140000000001236,0
2094000,0.0125,0
2094030,0.2290000000000873,0
2094060,0.1139999999998508,0
2094090,0.0129999999999199,0
2094120,0.2250000000000909,0
2094150,0.0855000000002291,0
2094180,0.0034999999998035,0
2094210,0.00600000000004,0
2094240,0.0244999999997162,0
2094270,0.0265000000002146,0
2094300,0.0209999999999126,0
2094330,0.024000000000251,0
2094360,0.1315000000001419,0
2094390,0.1059999999998581,0
2094420,0.011999999999989,0
2094450,0.0070000000000618,0
2094480,0.0079999999999927,0
2094510,0.0204999999999927,0
2094540,0.0269999999999527,0
2094570,0.0284999999999854,0
2094600,0.0274999999999636,0
2094630,0.2360000000000582,0
2094660,0.13700000000008,0
2094690,0.0090000000000145,0
2094720,0.0154999999998835,0
2094750,0.0124999999997271,0
2094780,0.0205000000000836,0
2094810,0.0400000000000545,0
2094840,0.7239999999997963,0
2094870,0.1809999999998581,0
2094900,0.17400000000016,0
2094930,0.3989999999998873,0
2094960,0.1730000000000473,0
2094990,0.1524999999999636,0
2095020,0.0195000000000618,0
2095050,0.0220000000000254,0
2095080,0.1269999999997708,0
2095110,0.0414999999999963,0
2095140,0.0054999999999381,0
2095170,0.0055000000000291,0
2095200,0.0054999999999381,0
2095230,0.0065000000001418,0
2095260,0.0050000000001091,0
2095290,0.005999999999949,0
2095320,0.0050000000000181,0
2095350,0.0074999999999818,0
2095380,0.0030000000000654,0
2095410,0.00600000000004,0
2095440,0.0065000000001418,0
2095470,0.0075000000000727,0
2095500,0.0049999999997453,0
2095530,0.0045000000000982,0
2095560,0.0054999999999381,0
2095590,0.0070000000000618,0
2095620,0.0039999999999054,0
2095650,0.0055000000000291,0
2095680,0.0070000000000618,0
2095710,0.0075000000001637,0
2095740,0.0040000000000873,0
2095770,0.0069999999998799,0
2095800,0.0050000000000181,0
2095830,0.0075000000000727,0
2095860,0.0045000000000982,0
2095890,0.0055000000000291,0
2095920,0.0055000000000291,0
2095950,0.0044999999999163,0
2095980,0.0044999999999163,0
2096010,0.0064999999999599,0
2096040,0.0069999999999708,0
2096070,0.005999999999949,0
2096100,0.0055000000000291,0
2096130,0.0044999999997344,0
2096160,0.0065000000000509,0
2096190,0.0055000000000291,0
2096220,0.0045000000000982,0
2096250,0.0085000000000945,0
2096280,0.0065000000000509,0
2096310,0.005999999999949,0
2096340,0.005999999999949,0
2096370,0.0050000000000181,0
2096400,0.0050000000001091,0
2096430,0.0050000000000181,0
2096460,0.005999999999949,0
2096490,0.00600000000004,0
2096520,0.0044999999999163,0
2096550,0.0049999999999272,0
2096580,0.00600000000004,0
2096610,0.0054999999999381,0
2096640,0.0054999999998472,0
2096670,0.0034999999999854,0
2096700,0.0034999999999854,0
2096730,0.0100000000000363,0
2096760,0.0069999999998799,0
2096790,0.0040000000000873,0
2096820,0.0039999999999054,0
2096850,0.0035000000000763,0
2096880,0.0035000000001673,0
2096910,0.0054999999999381,0
2096940,0.0034999999999854,0
2096970,0.0050000000001091,0
2097000,0.0055000000000291,0
2097030,0.0049999999998362,0
2097060,0.0039999999999054,0
2097090,0.00550000000012,0
2097120,0.0034999999998944,0
2097150,0.00600000000004,0
2097180,0.00550000000012,0
2097210,0.0065000000000509,0
2097240,0.0059999999998581,0
2097270,0.0060000000001309,0
2097300,0.005500000000211,0
2097330,0.0039999999999963,0
2097360,0.0070000000000618,0
2097390,0.005999999999949,0
2097420,0.006499999999869,0
2097450,0.0050000000001091,0
2097480,0.0045000000000982,0
2097510,0.0054999999999381,0
2097540,0.0044999999999163,0
2097570,0.0054999999998472,0
2097600,0.0054999999999381,0
2097630,0.0075000000002546,0
2097660,0.006499999999869,0
2097690,0.0069999999999708,0
2097720,0.0055000000000291,0
2097750,0.0060000000002219,0
2097780,0.0050000000001091,0
2097810,0.0039999999998144,0
2097840,0.0039999999999963,0
2097870,0.0040000000001782,0
2097900,0.0044999999998253,0
2097930,0.0049999999998362,0
2097960,0.005999999999949,0
2097990,0.0039999999999963,0
2098020,0.0030000000000654,0
2098050,0.0030000000000654,0
2098080,0.0065000000000509,0
2098110,0.0044999999999163,0
2098140,0.0050000000001091,0
2098170,0.0045000000000982,0
2098200,0.0055000000000291,0
2098230,0.00550000000012,0
2098260,0.0079999999999017,0
2098290,0.0049999999998362,0
2098320,0.0040000000001782,0
2098350,0.0029999999999745,0
2098380,0.0035000000000763,0
2098410,0.005999999999949,0
2098440,0.0054999999997562,0
2098470,0.0045000000000072,0
2098500,0.0040000000000873,0
2098530,0.0074999999999818,0
2098560,0.0065000000000509,0
2098590,0.0069999999999708,0
2098620,0.0024999999999636,0
2098650,0.0060000000001309,0
2098680,0.0029999999999745,0
2098710,0.0069999999999708,0
2098740,0.0029999999997926,0
2098770,0.0074999999998908,0
2098800,0.0044999999999163,0
2098830,0.0040000000000873,0
2098860,0.0029999999999745,0
2098890,0.005999999999949,0
2098920,0.0054999999998472,0
2098950,0.005500000000211,0
2098980,0.0044999999997344,0
2099010,0.0070000000000618,0
2099040,0.0035000000001673,0
2099070,0.0060000000002219,0
2099100,0.0035000000000763,0
2099130,0.0069999999999708,0
2099160,0.0050000000000181,0
2099190,0.0059999999998581,0
2099220,0.0045000000000982,0
2099250,0.0049999999999272,0
2099280,0.0050000000001091,0
2099310,0.0044999999999163,0
2099340,0.0044999999997344,0
2099370,0.0035000000000763,0
2099400,0.005999999999949,0
2099430,0.0114999999999781,0
2099460,0.0040000000000873,0
2099490,0.0029999999998835,0
2099520,0.0024999999999636,0
2099550,0.0050000000001091,0
2099580,0.0030000000000654,0
2099610,0.0044999999999163,0
2099640,0.00550000000012,0
2099670,0.0040000000000873,0
2099700,0.0049999999998362,0
2099730,0.005500000000211,0
2099760,0.0050000000000181,0
2099790,0.0060000000001309,0
2099820,0.0049999999998362,0
2099850,0.0049999999999272,0
2099880,0.0050000000001091,0
2099910,0.00600000000004,0
2099940,0.0050000000000181,0
2099970,0.0029999999999745,0
2100000,0.005500000000211,0
2100030,0.0039999999999963,0
2100060,0.0034999999998944,0
2100090,0.0039999999998144,0
2100120,0.00550000000012,0
2100150,0.006499999999869,0
2100180,0.0035000000001673,0
2100210,0.005999999999949,0
2100240,0.0049999999999272,0
2100270,0.0040000000000873,0
2100300,0.0034999999998035,0
2100330,0.0090000000001055,0
2100360,0.0050000000001091,0
2100390,0.0055000000000291,0
2100420,0.0040000000000873,0
2100450,0.0044999999999163,0
2100480,0.0049999999999272,0
2100510,0.00600000000004,0
2100540,0.0040000000001782,0
2100570,0.0045000000000982,0
2100600,0.0030000000000654,0
2100630,0.0055000000000291,0
2100660,0.0044999999999163,0
2100690,0.0045000000000982,0
2100720,0.0045000000000982,0
2100750,0.0045000000000072,0
2100780,0.1560000000002219,0
2100810,0.0029999999999745,0
2100840,0.00600000000004,0
2100870,0.0039999999999963,0
2100900,0.0030000000000654,0
2100930,0.0054999999999381,0
2100960,0.0060000000001309,0
2100990,0.0049999999998362,0
2101020,0.0030000000000654,0
2101050,0.0045000000000982,0
2101080,0.0044999999998253,0
2101110,0.0039999999999054,0
2101140,0.0050000000000181,0
2101170,0.0045000000000982,0
2101200,0.0069999999998799,0
2101230,0.0075000000001637,0
2101260,0.0044999999998253,0
2101290,0.0044999999999163,0
2101320,0.0064999999999599,0
2101350,0.0055000000000291,0
2101380,0.0024999999999636,0
2101410,0.0045000000000072,0
2101440,0.00600000000004,0
2101470,0.0029999999999745,0
2101500,0.0030000000000654,0
2101530,0.0044999999998253,0
2101560,0.0065000000001418,0
2101590,0.0050000000001091,0
2101620,0.0034999999999854,0
2101650,0.0049999999999272,0
2101680,0.0034999999999854,0
2101710,0.0050000000001091,0
2101740,0.0045000000001891,0
2101770,0.0034999999999854,0
2101800,0.0034999999998944,0
2101830,0.0055000000000291,0
2101860,0.0045000000000072,0
2101890,0.0054999999999381,0
2101920,0.0039999999999963,0
2101950,0.0050000000001091,0
2101980,0.0025000000000545,0
2102010,0.0059999999998581,0
2102040,0.0030000000000654,0
2102070,0.0055000000000291,0
2102100,0.0019999999998617,0
2102130,0.0065000000000509,0
2102160,0.0034999999999854,0
2102190,0.0034999999999854,0
2102220,0.0034999999999854,0
2102250,0.0040000000000873,0
2102280,0.0029999999998835,0
2102310,0.0019999999999527,0
2102340,0.0034999999998944,0
2102370,0.0029999999998835,0
2102400,0.0019999999999527,0
2102430,0.0045000000001891,0
2102460,0.0039999999999963,0
2102490,0.0030000000000654,0
2102520,0.0039999999999054,0
2102550,0.0045000000000072,0
2102580,0.00550000000012,0
2102610,0.0040000000000873,0
2102640,0.0049999999999272,0
2102670,0.0040000000001782,0
2102700,0.0039999999999963,0
2102730,0.0039999999999963,0
2102760,0.0050000000000181,0
2102790,0.00550000000012,0
2102820,0.0039999999999963,0
2102850,0.0035000000000763,0
2102880,0.1135000000001127,0
2102910,0.0035000000001673,0
2102940,0.0064999999999599,0
2102970,0.0039999999999054,0
2103000,0.0040000000000873,0
2103030,0.0039999999999963,0
2103060,0.0065000000000509,0
2103090,0.0049999999997453,0
2103120,0.005999999999949,0
2103150,0.0039999999999054,0
2103180,0.0045000000000982,0
2103210,0.0050000000000181,0
2103240,0.0054999999998472,0
2103270,0.0045000000000072,0
2103300,0.0050000000000181,0
2103330,0.0045000000000982,0
2103360,0.0060000000001309,0
2103390,0.0049999999999272,0
2103420,0.0045000000000982,0
2103450,0.0075000000001637,0
2103480,0.0034999999999854,0
2103510,0.0074999999999818,0
2103540,0.00600000000004,0
2103570,0.0055000000000291,0
2103600,0.0050000000000181,0
2103630,0.0050000000000181,0
2103660,0.0054999999999381,0
2103690,0.0040000000001782,0
2103720,0.0050000000000181,0
2103750,0.0055000000000291,0
2103780,0.0034999999999854,0
2103810,0.0069999999999708,0
2103840,0.0040000000000873,0
2103870,0.0055000000000291,0
2103900,0.006499999999778,0
2103930,0.0050000000001091,0
2103960,0.006499999999869,0
2103990,0.0045000000001891,0
2104020,0.0045000000000072,0
2104050,0.0055000000000291,0
2104080,0.0044999999999163,0
2104110,0.0055000000000291,0
2104140,0.0059999999998581,0
2104170,0.0034999999998035,0
2104200,0.0050000000000181,0
2104230,0.0050000000001091,0
2104260,0.0050000000000181,0
2104290,0.005999999999949,0
2104320,0.00550000000012,0
2104350,0.0034999999998944,0
2104380,0.0060000000001309,0
2104410,0.0049999999998362,0
2104440,0.0085000000001855,0
2104470,0.0044999999999163,0
2104500,0.0029999999999745,0
2104530,0.0025000000000545,0
2104560,0.006499999999869,0
2104590,0.0034999999998944,0
2104620,0.0050000000000181,0
2104650,0.0035000000000763,0
2104680,0.0050000000000181,0
2104710,0.0075000000000727,0
2104740,0.00600000000004,0
2104770,0.0064999999999599,0
2104800,0.00600000000004,0
2104830,0.0065000000000509,0
2104860,0.0054999999999381,0
2104890,0.0034999999998035,0
2104920,0.00550000000012,0
2104950,0.00600000000004,0
2104980,0.0050000000000181,0
2105010,0.0069999999998799,0
2105040,0.0069999999999708,0
2105070,0.0045000000000982,0
2105100,0.0034999999998944,0
2105130,0.0050000000000181,0
2105160,0.0044999999999163,0
2105190,0.0045000000000072,0
2105220,0.0045000000000982,0
2105250,0.0054999999999381,0
2105280,0.0060000000001309,0
2105310,0.0069999999999708,0
2105340,0.0039999999999963,0
2105370,0.0050000000002,0
2105400,0.0050000000000181,0
2105430,0.0039999999999963,0
2105460,0.0074999999998908,0
2105490,0.0050000000001091,0
2105520,0.0054999999998472,0
2105550,0.0065000000001418,0
2105580,0.0050000000000181,0
2105610,0.0070007000699778,0
2105640,0.0044999999999163,0
2105670,0.0054999999999381,0
2105700,0.0050000000000181,0
2105730,0.0100000000001273,0
2105760,0.0074999999999818,0
2105790,0.0049999999999272,0
2105820,0.0060000000001309,0
2105850,0.0050000000000181,0
2105880,0.0050000000001091,0
2105910,0.00550000000012,0
2105940,0.0055000000000291,0
2105970,0.00600000000004,0
2106000,0.0049999999998362,0
2106030,0.0049999999999272,0
2106060,0.0065000000000509,0
2106090,0.0030000000000654,0
2106120,0.0270000000000436,0
2106150,0.0074999999999818,0
2106180,0.0040000000000873,0
2106210,0.0059999999997671,0
2106240,0.0075000000001637,0
2106270,0.00600000000004,0
2106300,0.0049999999999272,0
2106330,0.0069999999998799,0
2106360,0.0104999999998653,0
2106390,0.005500000000211,0
2106420,0.0079999999998108,0
2106450,0.0059999999998581,0
2106480,0.0074999999998908,0
2106510,0.0044999999999163,0
2106540,0.0069999999999708,0
2106570,0.0055000000000291,0
2106600,0.0080000000000836,0
2106630,0.0075000000000727,0
2106660,0.0089999999998326,0
2106690,0.00550000000012,0
2106720,0.0064999999999599,0
2106750,0.0054999999999381,0
2106780,0.0060000000001309,0
2106810,0.0074999999999818,0
2106840,0.006499999999869,0
2106870,0.006499999999869,0
2106900,0.0044999999999163,0
2106930,0.0050000000000181,0
2106960,0.0055000000000291,0
2106990,0.0045000000000982,0
2107020,0.0044999999999163,0
2107050,0.0050000000000181,0
2107080,0.0070000000001527,0
2107110,0.0039999999999963,0
2107140,0.00600000000004,0
2107170,0.0039999999999054,0
2107200,0.0064999999999599,0
2107230,0.0054999999998472,0
2107260,0.0060000000002219,0
2107290,0.0059999999997671,0
2107320,0.00550000000012,0
2107350,0.0044999999999163,0
2107380,0.0074999999998908,0
2107410,0.00550000000012,0
2107440,0.006499999999869,0
2107470,0.0045000000001891,0
2107500,0.0059999999998581,0
2107530,0.0089999999999236,0
2107560,0.006499999999778,0
2107590,0.0035000000000763,0
2107620,0.0050000000000181,0
2107650,0.0054999999998472,0
2107680,0.0075000000000727,0
2107710,0.0069999999999708,0
2107740,0.0060000000001309,0
2107770,0.0045000000000072,0
2107800,0.0069999999999708,0
2107830,0.0054999999998472,0
2107860,0.0075000000001637,0
2107890,0.0054999999999381,0
2107920,0.005999999999949,0
2107950,0.0050000000001091,0
2107980,0.0029999999999745,0
2108010,0.00600000000004,0
2108040,0.0069999999998799,0
2108070,0.0060000000001309,0
2108100,0.0050000000000181,0
2108130,0.0044999999999163,0
2108160,0.0074999999999818,0
2108190,0.0055000000000291,0
2108220,0.0034999999999854,0
2108250,0.0055000000000291,0
2108280,0.0060000000002219,0
2108310,0.0039999999999963,0
2108340,0.005999999999949,0
2108370,0.0079999999999927,0
2108400,0.006499999999869,0
2108430,0.0089999999999236,0
2108460,0.0080000000001746,0
2108490,0.0025000000000545,0
2108520,0.0054999999997562,0
2108550,0.005500000000211,0
2108580,0.0039999999998144,0
2108610,0.0075000000002546,0
2108640,0.0075000000001637,0
2108670,0.0054999999999381,0
2108700,0.0054999999999381,0
2108730,0.0034999999998035,0
2108760,0.0055000000000291,0
2108790,0.0050000000002,0
2108820,0.0049999999999272,0
2108850,0.0044999999999163,0
2108880,0.0075000000000727,0
2108910,0.0074999999997999,0
2108940,0.0045000000000072,0
2108970,0.0029999999998835,0
2109000,0.0055000000000291,0
2109030,0.0024999999999636,0
2109060,0.0035000000000763,0
2109090,0.0050000000000181,0
2109120,0.0040000000000873,0
2109150,0.0049999999999272,0
2109180,0.0054999999999381,0
2109210,0.0054999999998472,0
2109240,0.0049999999999272,0
2109270,0.0069999999998799,0
2109300,0.0065000000001418,0
2109330,0.0099999999999454,0
2109360,0.0039999999999963,0
2109390,0.0035000000000763,0
2109420,0.0049999999999272,0
2109450,0.0054999999999381,0
2109480,0.0054999999999381,0
2109510,0.0075000000000727,0
2109540,0.0039999999998144,0
2109570,0.0030000000000654,0
2109600,0.0039999999998144,0
2109630,0.0035000000000763,0
2109660,0.00600000000004,0
2109690,0.0065000000001418,0
2109720,0.0054999999999381,0
2109750,0.0029999999998835,0
2109780,0.0045000000000072,0
2109810,0.0050000000000181,0
2109840,0.0054999999999381,0
2109870,0.0050000000001091,0
2109900,0.0055000000000291,0
2109930,0.005999999999949,0
2109960,0.0075000000000727,0
2109990,0.0054999999998472,0
2110020,0.00600000000004,0
2110050,0.0044999999999163,0
2110080,0.00550000000012,0
2110110,0.0040000000000873,0
2110140,0.0070000000000618,0
2110170,0.0045000000000072,0
2110200,0.0059999999997671,0
2110230,0.0085000000001855,0
2110260,0.0045000000000072,0
2110290,0.0050000000001091,0
2110320,0.005999999999949,0
2110350,0.00550000000012,0
2110380,0.0039999999997235,0
2110410,0.0030000000000654,0
2110440,0.0070000000000618,0
2110470,0.0045000000001891,0
2110500,0.0039999999998144,0
2110530,0.0035000000000763,0
2110560,0.0075000000001637,0
2110590,0.00550000000012,0
2110620,0.0034999999999854,0
2110650,0.0074999999999818,0
2110680,0.0035000000001673,0
2110710,0.0049999999999272,0
2110740,0.0039999999999963,0
2110770,0.0034999999999854,0
2110800,0.0025000000001455,0
2110830,0.0029999999999745,0
2110860,0.0029999999997016,0
2110890,0.0050000000001091,0
2110920,0.0029999999999745,0
2110950,0.0045000000000072,0
2110980,0.0045000000000072,0
2111010,0.0045000000000072,0
2111040,0.0059999999998581,0
2111070,0.0025000000000545,0
2111100,0.0039999999999963,0
2111130,0.0045000000000072,0
2111160,0.0064999999999599,0
2111190,0.0039999999999963,0
2111220,0.0045000000000072,0
2111250,0.0045000000000072,0
2111280,0.0050000000000181,0
2111310,0.0054999999999381,0
2111340,0.0040000000000873,0
2111370,0.0050000000000181,0
2111400,0.005999999999949,0
2111430,0.0030000000000654,0
2111460,0.00600000000004,0
2111490,0.00600000000004,0
2111520,0.0045000000000982,0
2111550,0.0049999999998362,0
2111580,0.0060000000001309,0
2111610,0.0069999999998799,0
2111640,0.0070000000000618,0
2111670,0.0169999999999163,0
2111700,0.005999999999949,0
2111730,0.0049999999999272,0
2111760,0.0084999999999126,0
2111790,0.0065000000000509,0
2111820,0.0075000000000727,0
2111850,0.0074999999998908,0
2111880,0.0084999999999126,0
2111910,0.005500000000211,0
2111940,0.005999999999949,0
2111970,0.0065000000000509,0
2112000,0.0069999999998799,0
2112030,0.0090000000001055,0
2112060,0.0059999999997671,0
2112090,0.00550000000012,0
2112120,0.0055000000000291,0
2112150,0.0054999999997562,0
2112180,0.0059999999998581,0
2112210,0.0090000000001055,0
2112240,0.0069999999999708,0
2112270,0.005999999999949,0
2112300,0.0039999999999963,0
2112330,0.00600000000004,0
2112360,0.0090000000000145,0
2112390,0.005999999999949,0
2112420,0.006499999999778,0
2112450,0.005500000000211,0
2112480,0.0095000000000254,0
2112510,0.005999999999949,0
2112540,0.0100000000001273,0
2112570,0.0084999999998217,0
2112600,0.0074999999998908,0
2112630,0.0055000000000291,0
2112660,0.0075000000000727,0
2112690,0.0065000000002328,0
2112720,0.0064999999999599,0
2112750,0.0064999999999599,0
2112780,0.0055000000000291,0
2112810,0.0075000000000727,0
2112840,0.0079999999998108,0
2112870,0.005999999999949,0
2112900,0.0064999999999599,0
2112930,0.0154999999999745,0
2112960,0.0114999999999781,0
2112990,0.0075000000002546,0
2113020,0.0145000000000436,0
2113050,0.0044999999998253,0
2113080,0.0075000000001637,0
2113110,0.0065000000000509,0
2113140,0.0064999999999599,0
2113170,0.0055000000000291,0
2113200,0.0074999999998908,0
2113230,0.0065000000000509,0
2113260,0.005999999999949,0
2113290,0.0050000000001091,0
2113320,0.0060000000001309,0
2113350,0.0064999999996871,0
2113380,0.0055000000000291,0
2113410,0.0079999999999927,0
2113440,0.0150000000001455,0
2113470,0.0134999999999308,0
2113500,0.0045000000000982,0
2113530,0.0090000000000145,0
2113560,0.0055000000000291,0
2113590,0.0054999999999381,0
2113620,0.0039999999999054,0
2113650,0.0075000000001637,0
2113680,0.0059999999998581,0
2113710,0.0069999999999708,0
2113740,0.0060000000001309,0
2113770,0.0039999999999963,0
2113800,0.005999999999949,0
2113830,0.0069999999999708,0
2113860,0.0045000000000072,0
2113890,0.0040000000000873,0
2113920,0.0069999999998799,0
2113950,0.00600000000004,0
2113980,0.0070000000001527,0
2114010,0.0055000000000291,0
2114040,0.0075000000000727,0
2114070,0.0039999999999963,0
2114100,0.0044999999997344,0
2114130,0.0044999999999163,0
2114160,0.0070000000000618,0
2114190,0.0045000000000982,0
2114220,0.00600000000004,0
2114250,0.0085000000000945,0
2114280,0.0069999999998799,0
2114310,0.00600000000004,0
2114340,0.0045000000000072,0
2114370,0.00600000000004,0
2114400,0.006499999999869,0
2114430,0.006499999999869,0
2114460,0.005500000000211,0
2114490,0.006499999999869,0
2114520,0.005999999999949,0
2114550,0.0039999999997235,0
2114580,0.0060000000001309,0
2114610,0.0065000000001418,0
2114640,0.0069999999999708,0
2114670,0.0050000000000181,0
2114700,0.0054999999999381,0
2114730,0.0070000000000618,0
2114760,0.0074999999998908,0
2114790,0.0075000000000727,0
2114820,0.0049999999999272,0
2114850,0.00600000000004,0
2114880,0.0044999999999163,0
2114910,0.0080000000001746,0
2114940,0.0045000000000982,0
2114970,0.0050000000000181,0
2115000,0.0044999999999163,0
2115030,0.0030000000000654,0
2115060,0.0054999999998472,0
2115090,0.0040000000001782,0
2115120,0.0045000000001891,0
2115150,0.0059999999998581,0
2115180,0.0054999999998472,0
2115210,0.0050000000000181,0
2115240,0.005999999999949,0
2115270,0.0064999999999599,0
2115300,0.0039999999999963,0
2115330,0.0065000000001418,0
2115360,0.0084999999999126,0
2115390,0.0069999999998799,0
2115420,0.0050000000002,0
2115450,0.0060000000001309,0
2115480,0.1454999999998108,0
2115510,0.0069999999999708,0
2115540,0.0044999999999163,0
2115570,0.0045000000000072,0
2115600,0.0074999999998908,0
2115630,0.0095000000002073,0
2115660,0.0070000000000618,0
2115690,0.00550000000012,0
2115720,0.0055000000000291,0
2115750,0.0070000000001527,0
2115780,0.0045000000000982,0
2115810,0.0054999999999381,0
2115840,0.0060000000001309,0
2115870,0.0065000000000509,0
2115900,0.006499999999869,0
2115930,0.006499999999869,0
2115960,0.0070000000002437,0
2115990,0.0050000000000181,0
2116020,0.0074999999999818,0
2116050,0.0054999999999381,0
2116080,0.0074999999999818,0
2116110,0.0055000000000291,0
2116140,0.0055000000000291,0
2116170,0.0054999999998472,0
2116200,0.0049999999998362,0
2116230,0.0060000000001309,0
2116260,0.0045000000000072,0
2116290,0.0064999999999599,0
2116320,0.0080000000000836,0
2116350,0.0034999999998944,0
2116380,0.0049999999998362,0
2116410,0.0080000000000836,0
2116440,0.0079999999999927,0
2116470,0.00550000000012,0
2116500,0.0075000000000727,0
2116530,0.0115000000000691,0
2116560,0.0064999999999599,0
2116590,0.0054999999999381,0
2116620,0.0054999999998472,0
2116650,0.00600000000004,0
2116680,0.0064999999999599,0
2116710,0.0054999999998472,0
2116740,0.006499999999869,0
2116770,0.0049999999999272,0
2116800,0.0074999999998908,0
2116830,0.0050000000000181,0
2116860,0.0039999999999054,0
2116890,0.005999999999949,0
2116920,0.0059999999998581,0
2116950,0.0045000000000982,0
2116980,0.0055000000000291,0
2117010,0.0049999999999272,0
2117040,0.0085000000000945,0
2117070,0.0050000000000181,0
2117100,0.0064999999999599,0
2117130,0.0045000000000072,0
2117160,0.006499999999869,0
2117190,0.00550000000012,0
2117220,0.0065000000001418,0
2117250,0.0044999999999163,0
2117280,0.00600000000004,0
2117310,0.0075000000001637,0
2117340,0.0054999999999381,0
2117370,0.0070000000001527,0
2117400,0.0084999999998217,0
2117430,0.0105000000000472,0
2117460,0.0054999999999381,0
2117490,0.00600000000004,0
2117520,0.0090000000001055,0
2117550,0.0034999999999854,0
2117580,0.0054999999999381,0
2117610,0.005999999999949,0
2117640,0.006499999999778,0
2117670,0.0050000000001091,0
2117700,0.0060000000001309,0
2117730,0.0045000000000072,0
2117760,0.0039999999999963,0
2117790,0.0050000000001091,0
2117820,0.0054999999999381,0
2117850,0.0049999999999272,0
2117880,0.0065000000002328,0
2117910,0.0039999999999054,0
2117940,0.0069999999999708,0
2117970,0.0065000000001418,0
2118000,0.0055000000000291,0
2118030,0.0075000000001637,0
2118060,0.00600000000004,0
2118090,0.00600000000004,0
2118120,0.0045000000000982,0
2118150,0.0054999999999381,0
2118180,0.0060000000001309,0
2118210,0.0059999999998581,0
2118240,0.0135000000001127,0
2118270,0.0089999999999236,0
2118300,0.0070000000000618,0
2118330,0.0075000000001637,0
2118360,0.0064999999999599,0
2118390,0.0039999999998144,0
2118420,0.0029999999998835,0
2118450,0.00600000000004,0
2118480,0.0060000000001309,0
2118510,0.005999999999949,0
2118540,0.00550000000012,0
2118570,0.0049999999997453,0
2118600,0.0070000000001527,0
2118630,0.0045000000000072,0
2118660,0.0039999999999054,0
2118690,0.0050000000001091,0
2118720,0.0045000000001891,0
2118750,0.006499999999869,0
2118780,0.0050000000001091,0
2118810,0.0050000000000181,0
2118840,0.0070000000000618,0
2118870,0.0054999999999381,0
2118900,0.0049999999999272,0
2118930,0.0074999999999818,0
2118960,0.0344999999999345,0
2118990,0.0049999999998362,0
2119020,0.0044999999999163,0
2119050,0.0054999999999381,0
2119080,0.0044999999999163,0
2119110,0.0069999999999708,0
2119140,0.006499999999869,0
2119170,0.0050000000000181,0
2119200,0.0044999999999163,0
2119230,0.0079999999999927,0
2119260,0.0034999999998944,0
2119290,0.0054999999999381,0
2119320,0.00600000000004,0
2119350,0.00600000000004,0
2119380,0.0050000000000181,0
2119410,0.0069999999999708,0
2119440,0.0059999999998581,0
2119470,0.0049999999999272,0
2119500,0.0055000000000291,0
2119530,0.0044999999999163,0
2119560,0.0059999999997671,0
2119590,0.0050000000000181,0
2119620,0.0059999999998581,0
2119650,0.0054999999999381,0
2119680,0.0070000000000618,0
2119710,0.0074999999998908,0
2119740,0.0055000000000291,0
2119770,0.005999999999949,0
2119800,0.006499999999778,0
2119830,0.0060000000001309,0
2119860,0.0070000000000618,0
2119890,0.0070000000000618,0
2119920,0.0079999999999927,0
2119950,0.00600000000004,0
2119980,0.0065000000001418,0
2120010,0.0069999999999708,0
2120040,0.0085000000000036,0
2120070,0.0055000000000291,0
2120100,0.0069999999998799,0
2120130,0.0115000000000691,0
2120160,0.0099999999999454,0
2120190,0.00600000000004,0
2120220,0.0080000000000836,0
2120250,0.006499999999869,0
2120280,0.0090000000001964,0
2120310,0.0080000000000836,0
2120340,0.00550000000012,0
2120370,0.0075000000000727,0
2120400,0.0074999999998908,0
2120430,0.0075000000000727,0
2120460,0.005999999999949,0
2120490,0.0074999999999818,0
2120520,0.0105000000000472,0
2120550,0.0085000000000945,0
2120580,0.0070000000000618,0
2120610,0.0075000000000727,0
2120640,0.0075000000000727,0
2120670,0.0064999999999599,0
2120700,0.0060000000001309,0
2120730,0.0164999999999963,0
2120760,0.0074999999997999,0
2120790,0.0064999999999599,0
2120820,0.0074999999998908,0
2120850,0.0070000000000618,0
2120880,0.0090000000000145,0
2120910,0.0054999999999381,0
2120940,0.0085000000001855,0
2120970,0.0070000000001527,0
2121000,0.0055000000000291,0
2121030,0.0105000000000472,0
2121060,0.0085000000000036,0
2121090,0.0054999999999381,0
2121120,0.0070000000000618,0
2121150,0.00600000000004,0
2121180,0.0060000000001309,0
2121210,0.0074999999997089,0
2121240,0.0089999999998326,0
2121270,0.0075000000001637,0
2121300,0.0079999999999927,0
2121330,0.00550000000012,0
2121360,0.0075000000000727,0
2121390,0.0069999999997889,0
2121420,0.0065000000001418,0
2121450,0.0095000000000254,0
2121480,0.0070000000000618,0
2121510,0.00600000000004,0
2121540,0.0065000000000509,0
2121570,0.0055000000000291,0
2121600,0.0084999999997307,0
2121630,0.0050000000000181,0
2121660,0.0075000000000727,0
2121690,0.005999999999949,0
2121720,0.0065000000000509,0
2121750,0.0074999999999818,0
2121780,0.0074999999999818,0
2121810,0.00600000000004,0
2121840,0.0079999999999927,0
2121870,0.0040000000000873,0
2121900,0.00600000000004,0
2121930,0.0089999999999236,0
2121960,0.0090000000000145,0
2121990,0.0085000000001855,0
2122020,0.00600000000004,0
2122050,0.0085000000000945,0
2122080,0.0075000000000727,0
2122110,0.0085000000000036,0
2122140,0.0070000000002437,0
2122170,0.0065000000000509,0
2122200,0.0069999999999708,0
2122230,0.0065000000000509,0
2122260,0.0064999999999599,0
2122290,0.0054999999999381,0
2122320,0.0074999999998908,0
2122350,0.0074999999999818,0
2122380,0.0060000000001309,0
2122410,0.0055000000000291,0
2122440,0.0054999999999381,0
2122470,0.00550000000012,0
2122500,0.0049999999999272,0
2122530,0.0045000000000072,0
2122560,0.0094999999998435,0
2122590,0.0059999999998581,0
2122620,0.0070000000002437,0
2122650,0.0055000000000291,0
2122680,0.0090000000001964,0
2122710,0.0064999999999599,0
2122740,0.005999999999949,0
2122770,0.0054999999999381,0
2122800,0.0060000000001309,0
2122830,0.0060000000001309,0
2122860,0.0055000000000291,0
2122890,0.005999999999949,0
2122920,0.0060000000001309,0
2122950,0.0050000000001091,0
2122980,0.0050000000000181,0
2123010,0.0069999999999708,0
2123040,0.0070000000001527,0
2123070,0.0059999999998581,0
2123100,0.0065000000000509,0
2123130,0.0070000000000618,0
2123160,0.005999999999949,0
2123190,0.0054999999998472,0
2123220,0.0050000000001091,0
2123250,0.006499999999869,0
2123280,0.0065000000001418,0
2123310,0.0070000000001527,0
2123340,0.0059999999998581,0
2123370,0.0050000000000181,0
2123400,0.005999999999949,0
2123430,0.0040000000001782,0
2123460,0.0060000000001309,0
2123490,0.0065000000000509,0
2123520,0.005999999999949,0
2123550,0.0055000000000291,0
2123580,0.00550000000012,0
2123610,0.0059999999998581,0
2123640,0.0045000000000072,0
2123670,0.0054999999998472,0
2123700,0.0055000000000291,0
2123730,0.0079999999999927,0
2123760,0.00600000000004,0
2123790,0.0050000000000181,0
2123820,0.0050000000000181,0
2123850,0.0054999999999381,0
2123880,0.0045000000000982,0
2123910,0.0045000000000982,0
2123940,0.0039999999999054,0
2123970,0.0049999999997453,0
2124000,0.0045000000000072,0
2124030,0.0080000000000836,0
2124060,0.0049999999999272,0
2124090,0.0045000000000072,0
2124120,0.0054999999999381,0
2124150,0.0050000000000181,0
2124180,0.0044999999997344,0
2124210,0.0049999999999272,0
2124240,0.0070000000000618,0
2124270,0.00600000000004,0
2124300,0.0064999999999599,0
2124330,0.0035000000000763,0
2124360,0.0055000000000291,0
2124390,0.0049999999999272,0
2124420,0.0045000000001891,0
2124450,0.0064999999999599,0
2124480,0.0075000000000727,0
2124510,0.0049999999999272,0
2124540,0.0079999999998108,0
2124570,0.0060000000001309,0
2124600,0.00600000000004,0
2124630,0.0045000000000072,0
2124660,0.0064999999999599,0
2124690,0.0060000000001309,0
2124720,0.0089999999998326,0
2124750,0.0040000000000873,0
2124780,0.0080000000000836,0
2124810,0.0054999999998472,0
2124840,0.0069999999999708,0
2124870,0.0050000000000181,0
2124900,0.0065000000000509,0
2124930,0.0054999999997562,0
2124960,0.0094999999999345,0
2124990,0.0044999999999163,0
2125020,0.0104999999997744,0
2125050,0.0040000000000873,0
2125080,0.0085000000001855,0
2125110,0.0044999999999163,0
2125140,0.0079999999999927,0
2125170,0.0059999999998581,0
2125200,0.0090000000000145,0
2125230,0.0045000000000982,0
2125260,0.0069999999999708,0
2125290,0.0079999999999017,0
2125320,0.0065000000001418,0
2125350,0.006499999999869,0
2125380,0.0079999999999017,0
2125410,0.0044999999999163,0
2125440,0.0070000000000618,0
2125470,0.0055000000000291,0
2125500,0.0099999999999454,0
2125530,0.0094999999999345,0
2125560,0.0069999999999708,0
2125590,0.0070000000000618,0
2125620,0.006999999999607,0
2125650,0.0049999999999272,0
2125680,0.0079999999999927,0
2125710,0.0064999999999599,0
2125740,0.0089999999998326,0
2125770,0.005999999999949,0
2125800,0.0094999999999345,0
2125830,0.0064999999999599,0
2125860,0.0089999999999236,0
2125890,0.00600000000004,0
2125920,0.006499999999778,0
2125950,0.00600000000004,0
2125980,0.0065000000000509,0
2126010,0.0075000000001637,0
2126040,0.0040000000000873,0
2126070,0.0054999999998472,0
2126100,0.0079999999998108,0
2126130,0.0069999999999708,0
2126160,0.0095000000000254,0
2126190,0.00600000000004,0
2126220,0.005999999999949,0
2126250,0.0040000000001782,0
2126280,0.0055000000000291,0
2126310,0.0045000000000072,0
2126340,0.0050000000000181,0
2126370,0.0050000000000181,0
2126400,0.005999999999949,0
2126430,0.0074999999999818,0
2126460,0.005999999999949,0
2126490,0.0029999999999745,0
2126520,0.0065000000000509,0
2126550,0.005999999999949,0
2126580,0.0080000000000836,0
2126610,0.0034999999999854,0
2126640,0.0065000000001418,0
2126670,0.0044999999999163,0
2126700,0.0064999999999599,0
2126730,0.0029999999999745,0
2126760,0.0069999999999708,0
2126790,0.0044999999998253,0
2126820,0.00600000000004,0
2126850,0.0039999999999963,0
2126880,0.0045000000000072,0
2126910,0.0059999999998581,0
2126940,0.0060000000002219,0
2126970,0.0024999999998726,0
2127000,0.0079999999999927,0
2127030,0.0074999999999818,0
2127060,0.0075000000000727,0
2127090,0.0045000000000072,0
2127120,0.0085000000000945,0
2127150,0.00600000000004,0
2127180,0.0050000000000181,0
2127210,0.0059999999998581,0
2127240,0.0070000000000618,0
2127270,0.0055000000000291,0
2127300,0.005999999999949,0
2127330,0.0075000000000727,0
2127360,0.00600000000004,0
2127390,0.0034999999999854,0
2127420,0.0039999999999963,0
2127450,0.0029999999999745,0
2127480,0.0049999999999272,0
2127510,0.0054999999999381,0
2127540,0.0024999999999636,0
2127570,0.0045000000000982,0
2127600,0.0054999999999381,0
2127630,0.0045000000000072,0
2127660,0.0050000000002,0
2127690,0.0024999999998726,0
2127720,0.0025000000000545,0
2127750,0.0044999999999163,0
2127780,0.0049999999999272,0
2127810,0.0050000000000181,0
2127840,0.0064999999999599,0
2127870,0.0030000000000654,0
2127900,0.0049999999998362,0
2127930,0.0065000000001418,0
2127960,0.0044999999999163,0
2127990,0.0035000000001673,0
2128020,0.0074999999998908,0
2128050,0.0020000000000436,0
2128080,0.0045000000000072,0
2128110,0.005500000000211,0
2128140,0.0044999999999163,0
2128170,0.0030000000000654,0
2128200,0.0039999999999054,0
2128230,0.0040000000000873,0
2128260,0.0034999999998035,0
2128290,0.0040000000001782,0
2128320,0.0050000000000181,0
2128350,0.0034999999998944,0
2128380,0.0045000000000982,0
2128410,0.0065000000002328,0
2128440,0.0034999999999854,0
2128470,0.0034999999999854,0
2128500,0.0065000000001418,0
2128530,0.0049999999999272,0
2128560,0.00600000000004,0
2128590,0.0045000000000982,0
2128620,0.0065000000000509,0
2128650,0.011999999999989,0
2128680,0.0045000000000072,0
2128710,0.0050000000000181,0
2128740,0.0070000000000618,0
2128770,0.0050000000001091,0
2128800,0.005999999999949,0
2128830,0.0055000000000291,0
2128860,0.0050000000000181,0
2128890,0.0045000000000072,0
2128920,0.0044999999999163,0
2128950,0.0049999999999272,0
2128980,0.0055000000000291,0
2129010,0.0060000000002219,0
2129040,0.0050000000000181,0
2129070,0.0035000000001673,0
2129100,0.0065000000001418,0
2129130,0.0049999999998362,0
2129160,0.0055000000000291,0
2129190,0.0040000000000873,0
2129220,0.0059999999997671,0
2129250,0.0064999999999599,0
2129280,0.006499999999869,0
2129310,0.00600000000004,0
2129340,0.005999999999949,0
2129370,0.00550000000012,0
2129400,0.0040000000000873,0
2129430,0.0039999999999963,0
2129460,0.0069999999998799,0
2129490,0.0034999999998944,0
2129520,0.0074999999999818,0
2129550,0.0039999999999963,0
2129580,0.0055000000000291,0
2129610,0.0034999999999854,0
2129640,0.0070000000000618,0
2129670,0.0034999999999854,0
2129700,0.0050000000002,0
2129730,0.0054999999998472,0
2129760,0.0039999999999054,0
2129790,0.0039999999999963,0
2129820,0.0069999999999708,0
2129850,0.0049999999999272,0
2129880,0.0070000000000618,0
2129910,0.0024999999999636,0
2129940,0.0050000000000181,0
2129970,0.0050000000000181,0
2130000,0.0045000000000072,0
2130030,0.0085000000001855,0
2130060,0.0039999999998144,0
2130090,0.0029999999998835,0
2130120,0.005999999999949,0
2130150,0.0040000000000873,0
2130180,0.0059999999998581,0
2130210,0.0039999999999963,0
2130240,0.0055000000000291,0
2130270,0.0070000000000618,0
2130300,0.0075000000000727,0
2130330,0.0110000000000582,0
2130360,0.0069999999997889,0
2130390,0.0035000000000763,0
2130420,0.0034999999999854,0
2130450,0.0039999999999054,0
2130480,0.0069999999999708,0
2130510,0.0055000000000291,0
2130540,0.0049999999999272,0
2130570,0.0054999999999381,0
2130600,0.0050000000001091,0
2130630,0.00550000000012,0
2130660,0.0070000000000618,0
2130690,0.0039999999999054,0
2130720,0.0060000000002219,0
2130750,0.0074999999999818,0
2130780,0.005999999999949,0
2130810,0.0035000000000763,0
2130840,0.0055000000000291,0
2130870,0.0065000000000509,0
2130900,0.0074999999998908,0
2130930,0.0050000000000181,0
2130960,0.0244999999998071,0
2130990,0.00600000000004,0
2131020,0.006499999999869,0
2131050,0.0045000000000072,0
2131080,0.0065000000000509,0
2131110,0.0050000000000181,0
2131140,0.0045000000000072,0
2131170,0.0055000000000291,0
2131200,0.00600000000004,0
2131230,0.0034999999999854,0
2131260,0.0050000000000181,0
2131290,0.0054999999999381,0
2131320,0.0055000000000291,0
2131350,0.0064999999999599,0
2131380,0.0054999999999381,0
2131410,0.0050000000000181,0
2131440,0.005999999999949,0
2131470,0.0035000000000763,0
2131500,0.0045000000000982,0
2131530,0.0034999999998944,0
2131560,0.0050000000000181,0
2131590,0.0065000000002328,0
2131620,0.0065000000000509,0
2131650,0.0065000000000509,0
2131680,0.0080000000000836,0
2131710,0.0039999999999054,0
2131740,0.0069999999999708,0
2131770,0.0050000000000181,0
2131800,0.0079999999999017,0
2131830,0.0074999999999818,0
2131860,0.00550000000012,0
2131890,0.0044999999999163,0
2131920,0.0050000000001091,0
2131950,0.0045000000000072,0
2131980,0.0069999999999708,0
2132010,0.0055000000000291,0
2132040,0.0064999999999599,0
2132070,0.0029999999999745,0
2132100,0.0085000000000036,0
2132130,0.0065000000001418,0
2132160,0.0069999999999708,0
2132190,0.0054999999999381,0
2132220,0.0064999999999599,0
2132250,0.0089999999999236,0
2132280,0.00550000000012,0
2132310,0.0045000000000982,0
2132340,0.0069999999998799,0
2132370,0.0034999999999854,0
2132400,0.0049999999998362,0
2132430,0.0024999999999636,0
2132460,0.0055000000000291,0
2132490,0.0109999999998763,0
2132520,0.0065000000002328,0
2132550,0.0050000000000181,0
2132580,0.0049999999997453,0
2132610,0.0034999999998944,0
2132640,0.0050000000000181,0
2132670,0.0034999999999854,0
2132700,0.00600000000004,0
2132730,0.0090000000000145,0
2132760,0.0195000000001527,0
2132790,0.0040000000000873,0
2132820,0.006499999999869,0
2132850,0.0065000000000509,0
2132880,0.0070000000000618,0
2132910,0.0024999999997817,0
2132940,0.005500000000211,0
2132970,0.0040000000000873,0
2133000,0.0050000000000181,0
2133030,0.0050000000001091,0
2133060,0.0070000000000618,0
2133090,0.0045000000000072,0
2133120,0.0065000000000509,0
2133150,0.0045000000000072,0
2133180,0.0039999999999963,0
2133210,0.0030000000000654,0
2133240,0.00600000000004,0
2133270,0.0050000000001091,0
2133300,0.0074999999997089,0
2133330,0.0045000000001891,0
2133360,0.0054999999999381,0
2133390,0.0040000000000873,0
2133420,0.0059999999998581,0
2133450,0.0040000000000873,0
2133480,0.0055000000000291,0
2133510,0.0054999999998472,0
2133540,0.0045000000000072,0
2133570,0.0050000000001091,0
2133600,0.0044999999998253,0
2133630,0.0054999999998472,0
2133660,0.0054999999999381,0
2133690,0.0050000000001091,0
2133720,0.0045000000000072,0
2133750,0.0060000000001309,0
2133780,0.0070000000001527,0
2133810,0.0040000000000873,0
2133840,0.0080000000000836,0
2133870,0.0054999999998472,0
2133900,0.00600000000004,0
2133930,0.0034999999999854,0
2133960,0.0054999999999381,0
2133990,0.0030000000000654,0
2134020,0.0055000000000291,0
2134050,0.0050000000000181,0
2134080,0.005999999999949,0
2134110,0.0040000000001782,0
2134140,0.0050000000001091,0
2134170,0.0035000000000763,0
2134200,0.0069999999999708,0
2134230,0.0029999999999745,0
2134260,0.0059999999998581,0
2134290,0.0035000000000763,0
2134320,0.0069999999999708,0
2134350,0.0029999999999745,0
2134380,0.0050000000000181,0
2134410,0.0044999999999163,0
2134440,0.0039999999999054,0
2134470,0.0040000000000873,0
2134500,0.0050000000001091,0
2134530,0.0079999999999927,0
2134560,0.0035000000000763,0
2134590,0.0039999999999054,0
2134620,0.00550000000012,0
2134650,0.0034999999999854,0
2134680,0.0070000000000618,0
2134710,0.0034999999998944,0
2134740,0.0054999999998472,0
2134770,0.0030000000000654,0
2134800,0.0050000000000181,0
2134830,0.0054999999999381,0
2134860,0.005500000000211,0
2134890,0.0040000000000873,0
2134920,0.0054999999998472,0
2134950,0.0035000000000763,0
2134980,0.0070000000000618,0
2135010,0.0035000000000763,0
2135040,0.0034999999998944,0
2135070,0.0040000000000873,0
2135100,0.0049999999999272,0
2135130,0.0039999999999963,0
2135160,0.0045000000000072,0
2135190,0.0035000000001673,0
2135220,0.0050000000000181,0
2135250,0.0035000000001673,0
2135280,0.0050000000001091,0
2135310,0.0035000000000763,0
2135340,0.0059999999998581,0
2135370,0.0024999999998726,0
2135400,0.0040000000000873,0
2135430,0.00550000000012,0
2135460,0.00550000000012,0
2135490,0.0034999999998944,0
2135520,0.0039999999999963,0
2135550,0.00550000000012,0
2135580,0.0050000000001091,0
2135610,0.0034999999998944,0
2135640,0.0034999999998944,0
2135670,0.0035000000000763,0
2135700,0.0034999999998944,0
2135730,0.0034999999999854,0
2135760,0.0044999999999163,0
2135790,0.0030000000000654,0
2135820,0.0050000000002,0
2135850,0.0085000000000036,0
2135880,0.0055000000000291,0
2135910,0.0034999999998944,0
2135940,0.006499999999869,0
2135970,0.0024999999999636,0
2136000,0.0050000000000181,0
2136030,0.0055000000000291,0
2136060,0.0090000000001964,0
2136090,0.0044999999998253,0
2136120,0.0044999999998253,0
2136150,0.0040000000000873,0
2136180,0.0045000000000982,0
2136210,0.0030000000000654,0
2136240,0.0049999999998362,0
2136270,0.0019999999999527,0
2136300,0.0040000000000873,0
2136330,0.0075000000000727,0
2136360,0.00600000000004,0
2136390,0.0039999999999054,0
2136420,0.0050000000000181,0
2136450,0.0060000000001309,0
2136480,0.0045000000000982,0
2136510,0.0039999999999963,0
2136540,0.0029999999998835,0
2136570,0.0039999999999054,0
2136600,0.00550000000012,0
2136630,0.0024999999998726,0
2136660,0.0050000000000181,0
2136690,0.0039999999999054,0
2136720,0.0060000000001309,0
2136750,0.005500000000211,0
2136780,0.0044999999999163,0
2136810,0.0039999999999963,0
2136840,0.005999999999949,0
2136870,0.0050000000001091,0
2136900,0.0045000000000072,0
2136930,0.0045000000000982,0
2136960,0.005999999999949,0
2136990,0.0044999999999163,0
2137020,0.0049999999999272,0
2137050,0.0050000000001091,0
2137080,0.0049999999999272,0
2137110,0.0060000000001309,0
2137140,0.0050000000001091,0
2137170,0.0024999999998726,0
2137200,0.0084999999998217,0
2137230,0.00600000000004,0
2137260,0.0050000000000181,0
2137290,0.0065000000000509,0
2137320,0.0059999999998581,0
2137350,0.0045000000000072,0
2137380,0.0050000000001091,0
2137410,0.0054999999999381,0
2137440,0.0074999999999818,0
2137470,0.0055000000000291,0
2137500,0.0054999999998472,0
2137530,0.0050000000000181,0
2137560,0.0040000000000873,0
2137590,0.0050000000000181,0
2137620,0.0059999999998581,0
2137650,0.0065000000001418,0
2137680,0.0060000000001309,0
2137710,0.0054999999998472,0
2137740,0.0054999999999381,0
2137770,0.0054999999999381,0
2137800,0.0064999999999599,0
2137830,0.0060000000001309,0
2137860,0.0054999999999381,0
2137890,0.0045000000000982,0
2137920,0.005999999999949,0
2137950,0.0045000000000072,0
2137980,0.0039999999999054,0
2138010,0.0050000000000181,0
2138040,0.0069999999999708,0
2138070,0.0030000000000654,0
2138100,0.0065000000000509,0
2138130,0.0079999999999927,0
2138160,0.00550000000012,0
2138190,0.0039999999998144,0
2138220,0.0065000000000509,0
2138250,0.0044999999998253,0
2138280,0.0050000000000181,0
2138310,0.0055000000000291,0
2138340,0.006499999999869,0
2138370,0.0040000000000873,0
2138400,0.0079999999999017,0
2138430,0.0040000000000873,0
2138460,0.00600000000004,0
2138490,0.0039999999997235,0
2138520,0.0090000000001964,0
2138550,0.0030000000000654,0
2138580,0.00550000000012,0
2138610,0.0039999999999963,0
2138640,0.0074999999999818,0
2138670,0.0050000000000181,0
2138700,0.0055000000000291,0
2138730,0.0049999999999272,0
2138760,0.0065000000000509,0
2138790,0.0045000000000072,0
2138820,0.005999999999949,0
2138850,0.00600000000004,0
2138880,0.0040000000000873,0
2138910,0.0050000000000181,0
2138940,0.0049999999998362,0
2138970,0.0029999999999745,0
2139000,0.0039999999999963,0
2139030,0.0039999999999963,0
2139060,0.0030000000000654,0
2139090,0.00550000000012,0
2139120,0.0055000000000291,0
2139150,0.0054999999999381,0
2139180,0.0064999999999599,0
2139210,0.0040000000000873,0
2139240,0.0064999999999599,0
2139270,0.0049999999999272,0
2139300,0.0060000000002219,0
2139330,0.0034999999998035,0
2139360,0.0065000000000509,0
2139390,0.0054999999998472,0
2139420,0.0075000000001637,0
2139450,0.0074999999999818,0
2139480,0.0074999999998908,0
2139510,0.0045000000000072,0
2139540,0.00600000000004,0
2139570,0.0045000000000072,0
2139600,0.0079999999999017,0
2139630,0.0054999999998472,0
2139660,0.0069999999999708,0
2139690,0.0045000000000072,0
2139720,0.0050000000000181,0
2139750,0.0040000000000873,0
2139780,0.0069999999999708,0
2139810,0.0039999999999963,0
2139840,0.0050000000000181,0
2139870,0.0035000000000763,0
2139900,0.0064999999999599,0
2139930,0.005999999999949,0
2139960,0.006499999999869,0
2139990,0.0034999999999854,0
2140020,0.00550000000012,0
2140050,0.0024999999999636,0
2140080,0.0074999999999818,0
2140110,0.0029999999999745,0
2140140,0.0035000000001673,0
2140170,0.0024999999999636,0
2140200,0.0054999999999381,0
2140230,0.0039999999999054,0
2140260,0.005999999999949,0
2140290,0.0039999999999963,0
2140320,0.0029999999999745,0
2140350,0.0050000000000181,0
2140380,0.0054999999998472,0
2140410,0.0039999999999963,0
2140440,0.0035000000001673,0
2140470,0.0025000000000545,0
2140500,0.00600000000004,0
2140530,0.0050000000000181,0
2140560,0.0045000000000072,0
2140590,0.0029999999998835,0
2140620,0.0045000000000072,0
2140650,0.0059999999997671,0
2140680,0.0065000000000509,0
2140710,0.0035000000000763,0
2140740,0.0075000000000727,0
2140770,0.0044999999999163,0
2140800,0.0079999999999017,0
2140830,0.0095000000000254,0
2140860,0.00600000000004,0
2140890,0.0054999999999381,0
2140920,0.0055000000000291,0
2140950,0.0125000000000909,0
2140980,0.0050000000000181,0
2141010,0.0034999999999854,0
2141040,0.0079999999999927,0
2141070,0.0040000000000873,0
2141100,0.0059999999998581,0
2141130,0.0049999999999272,0
2141160,0.005999999999949,0
2141190,0.0029999999999745,0
2141220,0.0075000000000727,0
2141250,0.0040000000000873,0
2141280,0.0074999999999818,0
2141310,0.0030000000000654,0
2141340,0.0075000000001637,0
2141370,0.0035000000000763,0
2141400,0.006499999999778,0
2141430,0.0050000000002,0
2141460,0.0054999999999381,0
2141490,0.0055000000000291,0
2141520,0.00550000000012,0
2141550,0.005999999999949,0
2141580,0.0069999999999708,0
2141610,0.0045000000000072,0
2141640,0.0060000000002219,0
2141670,0.0029999999998835,0
2141700,0.0050000000000181,0
2141730,0.0085000000000036,0
2141760,0.0065000000000509,0
2141790,0.0029999999999745,0
2141820,0.00550000000012,0
2141850,0.0035000000000763,0
2141880,0.00600000000004,0
2141910,0.006499999999869,0
2141940,0.0054999999999381,0
2141970,0.0039999999999963,0
2142000,0.0079999999998108,0
2142030,0.0035000000000763,0
2142060,0.0045000000000072,0
2142090,0.0040000000000873,0
2142120,0.0050000000001091,0
2142150,0.0029999999997926,0
2142180,0.0069999999997889,0
2142210,0.0039999999999963,0
2142240,0.005999999999949,0
2142270,0.00550000000012,0
2142300,0.0059999999998581,0
2142330,0.0040000000000873,0
2142360,0.0074999999999818,0
2142390,0.0039999999999054,0
2142420,0.0085000000000945,0
2142450,0.0040000000000873,0
2142480,0.0074999999998908,0
2142510,0.0055000000000291,0
2142540,0.00600000000004,0
2142570,0.0054999999999381,0
2142600,0.0065000000000509,0
2142630,0.0074999999998908,0
2142660,0.0070000000000618,0
2142690,0.0065000000000509,0
2142720,0.005999999999949,0
2142750,0.0040000000000873,0
2142780,0.0069999999998799,0
2142810,0.0040000000000873,0
2142840,0.0050000000001091,0
2142870,0.0039999999999054,0
2142900,0.0080000000000836,0
2142930,0.0040000000000873,0
2142960,0.0075000000002546,0
2142990,0.0034999999999854,0
2143020,0.0039999999999054,0
2143050,0.00550000000012,0
2143080,0.0069999999999708,0
2143110,0.005999999999949,0
2143140,0.0050000000001091,0
2143170,0.0034999999998944,0
2143200,0.0054999999997562,0
2143230,0.0045000000001891,0
2143260,0.0045000000000982,0
2143290,0.0024999999999636,0
2143320,0.0054999999999381,0
2143350,0.0029999999999745,0
2143380,0.00600000000004,0
2143410,0.0045000000000072,0
2143440,0.00550000000012,0
2143470,0.0024999999999636,0
2143500,0.0039999999999963,0
2143530,0.0069999999998799,0
2143560,0.00550000000012,0
2143590,0.0020000000000436,0
2143620,0.0054999999998472,0
2143650,0.0034999999999854,0
2143680,0.0060000000001309,0
2143710,0.0050000000000181,0
2143740,0.00550000000012,0
2143770,0.0034999999998944,0
2143800,0.0035000000000763,0
2143830,0.0034999999999854,0
2143860,0.0040000000000873,0
2143890,0.0054999999999381,0
2143920,0.0034999999998035,0
2143950,0.0045000000000982,0
2143980,0.005500000000211,0
2144010,0.0025000000000545,0
2144040,0.0069999999999708,0
2144070,0.0035000000001673,0
2144100,0.0069999999998799,0
2144130,0.0030000000000654,0
2144160,0.0045000000000072,0
2144190,0.0044999999999163,0
2144220,0.0040000000000873,0
2144250,0.0035000000000763,0
2144280,0.005999999999949,0
2144310,0.1925000000000181,0
2144340,0.0050000000001091,0
2144370,0.0034999999998035,0
2144400,0.0044999999999163,0
2144430,0.0055000000000291,0
2144460,0.0045000000000982,0
2144490,0.0040000000000873,0
2144520,0.00600000000004,0
2144550,0.0045000000000072,0
2144580,0.0059999999998581,0
2144610,0.0030000000001564,0
2144640,0.0050000000001091,0
2144670,0.0034999999998944,0
2144700,0.0195000000000618,0
2144730,0.025,0
2144760,0.0045000000000072,0
2144790,0.0045000000000982,0
2144820,0.0039999999999963,0
2144850,0.0025000000001455,0
2144880,0.0039999999999963,0
2144910,0.0044999999998253,0
2144940,0.0100000000000363,0
2144970,0.0284999999999854,0
2145000,0.4489999999997054,0
2145030,0.1394999999999527,0
2145060,0.2724999999999454,0
2145090,0.2985000000002401,0
2145120,0.3295000000000073,0
2145150,0.2454999999998108,0
2145180,0.1550000000001091,0
2145210,0.2779999999999746,0
2145240,0.213499999999749,0
2145270,0.5755000000000109,0
2145300,0.1460000000000036,0
2145330,0.032499999999618,0
2145360,0.0150000000002364,0
2145390,0.0104999999999563,0
2145420,0.3974999999999454,0
2145450,0.1674999999999272,0
2145480,0.0940000000001418,0
2145510,0.0985000000001491,0
2145540,0.0534999999999854,0
2145570,0.0494999999998981,0
2145600,0.0545000000000982,0
2145630,0.0720000000000254,0
2145660,0.0614999999999781,0
2145690,0.1050000000000182,0
2145720,0.0734999999998763,0
2145750,0.0705000000000836,0
2145780,0.049000000000251,0
2145810,0.5580000000000838,0
2145840,0.2854999999999563,0
2145870,0.0125,0
2145900,0.5554999999998473,0
2145930,0.2309999999997672,0
2145960,0.0140000000000327,0
2145990,0.4354999999998654,0
2146020,0.012499999999909,0
2146050,0.4595000000000255,0
2146080,0.0949999999998908,0
2146110,0.2270000000002255,0
2146140,0.0855000000001382,0
2146170,0.0095000000002073,0
2146200,0.0089999999996507,0
2146230,0.0130000000000109,0
2146260,0.2460000000000036,0
2146290,0.0804999999998472,0
2146320,0.0050000000000181,0
2146350,0.0054999999997562,0
2146380,0.0075000000000727,0
2146410,0.0055000000000291,0
2146440,0.0099999999999454,0
2146470,0.0114999999998872,0
2146500,0.0060000000001309,0
2146530,0.0055000000000291,0
2146560,0.0090000000001055,0
2146590,0.0070000000000618,0
2146620,0.0069999999999708,0
2146650,0.2390000000000327,0
2146680,0.0845000000001164,0
2146710,0.0064999999999599,0
2146740,0.0085000000000945,0
2146770,0.0114999999999781,0
2146800,0.0094999999998435,0
2146830,0.0075000000000727,0
2146860,0.0144999999998617,0
2146890,0.00600000000004,0
2146920,0.0099999999998544,0
2146950,0.0064999999999599,0
2146980,0.0095000000000254,0
2147010,0.0064999999999599,0
2147040,0.2460000000000036,0
2147070,0.0914999999999054,0
2147100,0.0105000000001382,0
2147130,0.1139999999999418,0
2147160,0.1390000000001237,0
2147190,0.0134999999999308,0
2147220,0.0090000000001964,0
2147250,0.2355000000002292,0
2147280,0.09300000000012,0
2147310,0.1009999999999308,0
2147340,0.1275000000000546,0
2147370,0.10600000000004,0
2147400,0.0470000000001164,0
2147430,0.1199999999998908,0
2147460,0.0759999999999308,0
2147490,0.0034999999999854,0
2147520,0.0080000000000836,0
2147550,0.0044999999999163,0
2147580,0.0085000000000945,0
2147610,0.0090000000001055,0
2147640,0.00600000000004,0
2147670,0.0565000000002328,0
2147700,0.1174999999999272,0
2147730,0.0139999999998508,0
2147760,0.237499999999909,0
2147790,0.1390000000001237,0
2147820,0.0079999999999927,0
2147850,0.0049999999998362,0
2147880,0.0179999999998472,0
2147910,0.0180000000000291,0
2147940,0.0275000000000545,0
2147970,0.0284999999999854,0
2148000,0.055999999999949,0
2148030,0.1344999999998435,0
2148060,0.0264999999999417,0
2148090,0.0044999999999163,0
2148120,0.0069999999999708,0
2148150,0.0300000000002,0
2148180,0.0330000000000836,0
2148210,0.0339999999998326,0
2148240,0.0214999999999236,0
2148270,0.23149999999996,0
2148300,0.1430000000000291,0
2148330,0.0080000000002655,0
2148360,0.0164999999999054,0
2148390,0.0135000000000218,0
2148420,0.0264999999997598,0
2148450,0.0339999999999236,0
2148480,0.2079999999998108,0
2148510,0.07450000000008,0
2148540,0.018499999999949,0
2148570,0.0159999999999854,0
2148600,0.03050000000012,0
2148630,0.0275000000002364,0
2148660,0.0214999999999236,0
2148690,0.2404999999999745,0
2148720,0.1404999999999745,0
2148750,0.0070000000002437,0
2148780,0.0134999999999308,0
2148810,0.0150000000000545,0
2148840,0.0150000000001455,0
2148870,0.0164999999999054,0
2148900,0.01200000000008,0
2148930,0.2509999999998399,0
2148960,0.1779999999999745,0
2148990,0.0165000000000873,0
2149020,0.0150000000001455,0
2149050,0.1704999999999927,0
2149080,0.1630000000001018,0
2149110,0.0164999999999054,0
2149140,0.0089999999999236,0
2149170,0.0069999999998799,0
2149200,0.0130000000000109,0
2149230,0.0089999999999236,0
2149260,0.0105000000001382,0
2149290,0.2205000000000836,0
2149320,0.1380000000002837,0
2149350,0.0135000000000218,0
2149380,0.0145000000002255,0
2149410,0.0114999999997962,0
2149440,0.011999999999989,0
2149470,0.0095000000000254,0
2149500,0.0135000000000218,0
2149530,0.224500000000171,0
2149560,0.1500000000000909,0
2149590,0.0155000000001564,0
2149620,0.0404999999998835,0
2149650,0.1219999999999345,0
2149680,0.0164999999999963,0
2149710,0.2374999999998181,0
2149740,0.1080000000000836,0
2149770,0.018499999999949,0
2149800,0.0140000000000327,0
2149830,0.01850000000004,0
2149860,0.0160000000001673,0
2149890,0.0175000000002,0
2149920,0.0150000000000545,0
2149950,0.0165000000000873,0
2149980,0.0209999999999126,0
2150010,0.031499999999869,0
2150040,0.2129999999999199,0
2150070,0.0990000000000691,0
2150100,0.006499999999869,0
2150130,0.0085000000000036,0
2150160,0.0149999999999636,0
2150190,0.01850000000004,0
2150220,0.018499999999949,0
2150250,0.0165000000000873,0
2150280,0.02450000000008,0
2150310,0.019499999999698,0
2150340,0.0270000000001346,0
2150370,0.0209999999999126,0
2150400,0.0224999999999454,0
2150430,0.0244999999998981,0
2150460,0.0205000000000836,0
2150490,0.0239999999999781,0
2150520,0.0240000000000691,0
2150550,0.0225000000002182,0
2150580,0.0169999999997344,0
2150610,0.02400000000016,0
2150640,0.0284999999998945,0
2150670,0.1549999999998363,0
2150700,0.1339999999998326,0
2150730,0.0294999999999163,0
2150760,0.0219999999999345,0
2150790,0.0259999999999308,0
2150820,0.024999999999909,0
2150850,0.0269999999999527,0
2150880,0.0269999999999527,0
2150910,0.018499999999949,0
2150940,0.0235000000000582,0
2150970,0.0539999999999963,0
2151000,0.1449999999997999,0
2151030,0.0614999999997962,0
2151060,0.0324999999999818,0
2151090,0.0350000000001273,0
2151120,0.0449999999997999,0
2151150,0.2084999999999127,0
2151180,0.1370000000001709,0
2151210,0.0125000000000909,0
2151240,0.0105000000000472,0
2151270,0.0065000000000509,0
2151300,0.0100000000001273,0
2151330,0.0105000000000472,0
2151360,0.2959999999998217,0
2151390,0.1705000000000837,0
2151420,0.0095000000000254,0
2151450,0.0100000000000363,0
2151480,0.0084999999999126,0
2151510,0.0100000000000363,0
2151540,0.0089999999998326,0
2151570,0.0045000000000072,0
2151600,0.2455000000000837,0
2151630,0.0829999999999017,0
2151660,0.5505000000001019,0
2151690,0.2360000000001491,0
2151720,0.0855000000000473,0
2151750,0.23100000000004,0
2151780,0.0545000000000982,0
2151810,0.2115000000000691,0
2151840,0.105500000000211,0
2151870,0.4159999999999855,0
2151900,0.2220000000000254,0
2151930,0.4235000000000583,0
2151960,0.2469999999999345,0
2151990,0.0875000000000909,0
2152020,0.2159999999998945,0
2152050,0.1039999999998144,0
2152080,0.6600000000000364,0
2152110,0.2340000000000145,0
2152140,0.0900000000002364,0
2152170,0.3760000000000219,0
2152200,0.2099999999998544,0
2152230,0.2740000000001601,0
2152260,0.1909999999999854,0
2152290,0.1164999999998144,0
2152320,0.4324999999997999,0
2152350,0.2139999999999418,0
2152380,0.3890000000002147,0
2152410,0.2335000000001855,0
2152440,0.0875,0
2152470,0.2280000000000654,0
2152500,0.0825000000000727,0
2152530,0.2305230523053505,0
2152560,0.1005000000000109,0
2152590,0.2340000000000145,0
2152620,0.1534999999999854,0
2152650,0.3460000000000946,0
2152680,0.2415000000000873,0
2152710,0.0960000000001855,0
2152740,0.230999999999949,0
2152770,0.074499999999989,0
2152800,0.4655000000000655,0
2152830,0.1484999999999672,0
2152860,0.2934999999998581,0
2152890,0.5289999999999054,0
2152920,0.2105000000000473,0
2152950,0.3865000000001601,0
2152980,0.2384999999999309,0
2153010,0.0849999999999454,0
2153040,0.2364999999998872,0
2153070,0.0770000000000436,0
2153100,0.3040000000000874,0
2153130,0.1110000000000582,0
2153160,0.400000000000091,0
2153190,0.0974999999997635,0
2153220,0.444499999999971,0
2153250,0.1334999999999127,0
2153280,0.4380000000001018,0
2153310,0.2145000000002255,0
2153340,0.4234999999998763,0
2153370,0.0320000000000618,0
2153400,0.23149999999996,0
2153430,0.0454999999999017,0
2153460,0.3800000000000182,0
2153490,0.1279999999999745,0
2153520,0.0159999999999854,0
2153550,0.1499999999998181,0
2153580,0.0199999999999818,0
2153610,0.2584999999998217,0
2153640,0.0439999999999599,0
2153670,0.0175000000001091,0
2153700,0.0130000000000109,0
2153730,0.1930000000000291,0
2153760,0.06200000000008,0
2153790,0.0064999999999599,0
2153820,0.0069999999998799,0
2153850,0.0184999999998581,0
2153880,0.3034999999997126,0
2153910,0.1584999999999127,0
2153940,0.1055000000000291,0
2153970,0.131499999999869,0
2154000,0.3124999999998181,0
2154030,0.1285000000001673,0
2154060,0.0305000000000291,0
2154090,0.0074999999999818,0
2154120,0.0074999999998908,0
2154150,0.2480000000001382,0
2154180,0.1340000000000145,0
2154210,0.0180000000000291,0
2154240,0.0084999999999126,0
2154270,0.1635000000000218,0
2154300,0.3479999999999563,0
2154330,0.0849999999999454,0
2154360,0.3374999999996362,0
2154390,0.2144999999999527,0
2154420,0.3955000000000837,0
2154450,0.2384999999998399,0
2154480,0.28650000000016,0
2154510,0.0130000000000109,0
2154540,0.0140000000001236,0
2154570,0.0700000000001637,0
2154600,0.2249999999998181,0
2154630,0.11200000000008,0
2154660,0.0909999999998945,0
2154690,0.2135000000001127,0
2154720,0.0909999999998945,0
2154750,0.0140000000000327,0
2154780,0.0114999999999781,0
2154810,0.2289999999998145,0
2154840,0.0904999999999745,0
2154870,0.0089999999999236,0
2154900,0.2275000000001455,0
2154930,0.1830000000000836,0
2154960,0.0164999999998144,0
2154990,0.0065000000000509,0
2155020,0.0060000000001309,0
2155050,0.0074999999998908,0
2155080,0.2464999999999236,0
2155110,0.1209999999999126,0
2155140,0.2295000000000072,0
2155170,0.1559999999997671,0
2155200,0.0255000000000109,0
2155230,0.0044999999999163,0
2155260,0.0109999999999672,0
2155290,0.0069999999999708,0
2155320,0.0100000000000363,0
2155350,0.0364999999999781,0
2155380,0.1255000000000109,0
2155410,0.0139999999998508,0
2155440,0.0295000000001891,0
2155470,0.030999999999949,0
2155500,0.0265000000000327,0
2155530,0.0194999999998799,0
2155560,0.2110000000001491,0
2155590,0.1664999999998144,0
2155620,0.0204999999999927,0
2155650,0.0140000000001236,0
2155680,0.0154999999998835,0
2155710,0.0075000000000727,0
2155740,0.0105000000000472,0
2155770,0.0105000000000472,0
2155800,0.0174999999999272,0
2155830,0.0140000000002146,0
2155860,0.0195000000000618,0
2155890,0.0110000000000582,0
2155920,0.0190000000001418,0
2155950,0.2375,0
2155980,0.2105000000002292,0
2156010,0.0369999999997162,0
2156040,0.0905000000001564,0
2156070,0.0284999999998944,0
2156100,0.0145000000000436,0
2156130,0.0080000000000836,0
2156160,0.0075000000001637,0
2156190,0.0154999999998835,0
2156220,0.0699999999999818,0
2156250,0.0345000000002073,0
2156280,0.0074999999998908,0
2156310,0.0054999999999381,0
2156340,0.0070000000000618,0
2156370,0.2344999999999345,0
2156400,0.2170000000000073,0
2156430,0.0140000000001236,0
2156460,0.0160000000000763,0
2156490,0.0145000000000436,0
2156520,0.0174999999999272,0
2156550,0.0115000000000691,0
2156580,0.0149999999997817,0
2156610,0.2390000000001237,0
2156640,0.1040000000000873,0
2156670,0.01850000000004,0
2156700,0.0135000000000218,0
2156730,0.01800000000012,0
2156760,0.0154999999998835,0
2156790,0.0140000000000327,0
2156820,0.0174999999998362,0
2156850,0.1890000000002147,0
2156880,0.0950000000003456,0
2156910,0.2494999999997162,0
2156940,0.1650000000000545,0
2156970,0.2099999999997635,0
2157000,0.1720000000000254,0
2157030,0.1074999999999818,0
2157060,0.1404999999999745,0
2157090,0.0444999999998799,0
2157120,0.0770000000002255,0
2157150,0.0385000000000218,0
2157180,0.2539999999999964,0
2157210,0.1315000000001419,0
2157240,0.0099999999999454,0
2157270,0.0105000000002291,0
2157300,0.0099999999997635,0
2157330,0.00600000000004,0
2157360,0.0104999999998653,0
2157390,0.0074999999999818,0
2157420,0.0095000000000254,0
2157450,0.2569999999999709,0
2157480,0.1274999999998727,0
2157510,0.0274999999999636,0
2157540,0.2430000000001201,0
2157570,0.1124999999999999,0
2157600,0.0385000000000218,0
2157630,0.175,0
2157660,0.0854999999998653,0
2157690,0.0090000000001964,0
2157720,0.0384999999999308,0
2157750,0.0774999999998726,0
2157780,0.0595000000000254,0
2157810,0.0585000000000945,0
2157840,0.0265000000002146,0
2157870,0.0220000000000254,0
2157900,0.0230000000000472,0
2157930,0.0389999999999417,0
2157960,0.0759999999999308,0
2157990,0.1965000000000145,0
2158020,0.0739999999999782,0
2158050,0.0190000000001418,0
2158080,0.2170000000000982,0
2158110,0.1724999999999454,0
2158140,0.0255000000002837,0
2158170,0.2299999999998363,0
2158200,0.1884999999999309,0
2158230,0.0335000000000945,0
2158260,0.0769999999999527,0
2158290,0.1520000000002255,0
2158320,0.0859999999999672,0
2158350,0.0074999999998908,0
2158380,0.1000000000000909,0
2158410,0.1314999999999599,0
2158440,0.1085000000000946,0
2158470,0.1019999999998617,0
2158500,0.1009999999998399,0
2158530,0.1085000000000946,0
2158560,0.1299999999998363,0
2158590,0.1174999999999272,0
2158620,0.1334999999999127,0
2158650,0.1209999999999126,0
2158680,0.0779999999997926,0
2158710,0.0409999999999854,0
2158740,0.0204999999999927,0
2158770,0.2395000000000436,0
2158800,0.1505000000000109,0
2158830,0.0420000000000982,0
2158860,0.0139999999999417,0
2158890,0.0629999999999199,0
2158920,0.1265000000001237,0
2158950,0.024999999999909,0
2158980,0.0520000000000436,0
2159010,0.1520000000000436,0
2159040,0.0815000000002328,0
2159070,0.2419999999997344,0
2159100,0.2109999999999672,0
2159130,0.2014999999997598,0
2159160,0.2070000000001527,0
2159190,0.20649999999996,0
2159220,0.1159999999997126,0
2159250,0.01150000000016,0
2159280,0.1974999999999454,0
2159310,0.0720000000001164,0
2159340,0.099999999999909,0
2159370,0.4649999999998727,0
2159400,0.1550000000000181,0
2159430,0.0604999999999563,0
2159460,0.1039999999999054,0
2159490,0.4479999999998654,0
2159520,0.2394999999999527,0
2159550,0.0400000000000545,0
2159580,0.225000000000091,0
2159610,0.1089999999999236,0
2159640,0.0140000000000327,0
2159670,0.0115000000000691,0
2159700,0.0119999999998981,0
2159730,0.0104999999998653,0
2159760,0.006499999999778,0
2159790,0.0070000000003346,0
2159820,0.006499999999778,0
2159850,0.0049999999999272,0
2159880,0.1155000000001564,0
2159910,0.1429999999999381,0
2159940,0.0290000000001782,0
2159970,0.230999999999949,0
2160000,0.1454999999999017,0
2160030,0.0834999999999126,0
2160060,0.1285000000002583,0
2160090,0.08100000000004,0
2160120,0.2354999999997745,0
2160150,0.1355000000001382,0
2160180,0.0610000000001491,0
2160210,0.1295000000001891,0
2160240,0.1710000000000946,0
2160270,0.0129961011697509,0
2160300,0.1890000000001236,0
2160330,0.1270000000000436,0
2160360,0.0114999999999781,0
2160390,0.0909999999999854,0
2160420,0.1090000000001055,0
2160450,0.018999999999869,0
2160480,0.0390000000001236,0
2160510,0.1154999999998835,0
2160540,0.0145000000000436,0
2160570,0.0090000000000145,0
2160600,0.2329999999999927,0
2160630,0.0865000000000691,0
2160660,0.0084999999999126,0
2160690,0.21850000000004,0
2160720,0.2114999999999782,0
2160750,0.0280000000001564,0
2160780,0.2639999999999418,0
2160810,0.0580000000000836,0
2160840,0.0679999999999381,0
2160870,0.0630000000001018,0
2160900,0.2355000000001382,0
2160930,0.1139999999998508,0
2160960,0.0134999999999308,0
2160990,0.0160000000001673,0
2161020,0.2325000000003456,0
2161050,0.1329999999999017,0
2161080,0.0069999999997889,0
2161110,0.0855000000001382,0
2161140,0.1170000000001891,0
2161170,0.0510000000000218,0
2161200,0.0069999999998799,0
2161230,0.0025000000000545,0
2161260,0.1825000000001637,0
2161290,0.1774999999999636,0
2161320,0.0289999999999963,0
2161350,0.0525000000000545,0
2161380,0.0565000000002328,0
2161410,0.1779999999998836,0
2161440,0.0795000000000072,0
2161470,0.0820000000000618,0
2161500,0.0109999999999672,0
2161530,0.0274999999999636,0
2161560,0.0244999999998981,0
2161590,0.2234999999998763,0
2161620,0.18650000000016,0
2161650,0.0214999999999236,0
2161680,0.0385000000002037,0
2161710,0.0989999999999781,0
2161740,0.1765000000002146,0
2161770,0.05550000000012,0
2161800,0.0104999999999563,0
2161830,0.0109999999998763,0
2161860,0.0220000000000254,0
2161890,0.1545000000000073,0
2161920,0.2179999999998472,0
2161950,0.1470000000002073,0
2161980,0.0075000000001637,0
2162010,0.0064999999999599,0
2162040,0.0104999999998653,0
2162070,0.01200000000008,0
2162100,0.0164999999999054,0
2162130,0.011999999999989,0
2162160,0.0089999999998326,0
2162190,0.0235000000001491,0
2162220,0.2429999999996653,0
2162250,0.1339999999998326,0
2162280,0.011999999999989,0
2162310,0.2425000000000182,0
2162340,0.0925000000000181,0
2162370,0.0149999999998726,0
2162400,0.0085000000000036,0
2162430,0.0105000000001382,0
2162460,0.0094999999998435,0
2162490,0.0080000000000836,0
2162520,0.2329999999999017,0
2162550,0.0645000000000436,0
2162580,0.0085000000000036,0
2162610,0.0065000000001418,0
2162640,0.0085000000000945,0
2162670,0.0059999999998581,0
2162700,0.0105000000001382,0
2162730,0.0044999999999163,0
2162760,0.0070000000000618,0
2162790,0.0114999999999781,0
2162820,0.2230000000001382,0
2162850,0.1040000000000873,0
2162880,0.018999999999869,0
2162910,0.0065000000000509,0
2162940,0.0395000000002255,0
2162970,0.77549999999992,0
2163000,0.1529999999997926,0
2163030,0.0519999999999527,0
2163060,0.5200000000001638,0
2163090,0.1480000000002292,0
2163120,0.0159999999999854,0
2163150,0.0129999999999199,0
2163180,0.0109999999997853,0
2163210,0.2640000000003056,0
2163240,0.5840000000002874,0
2163270,0.1874999999997271,0
2163300,0.2249999999998181,0
2163330,0.2170000000000073,0
2163360,0.1849999999999454,0
2163390,0.1759999999998399,0
2163420,0.2704999999999017,0
2163450,0.2410000000000764,0
2163480,0.2100000000000363,0
2163510,0.6250000000000001,0
2163540,0.1890000000001236,0
2163570,0.0100000000002182,0
2163600,0.0115000000000691,0
2163630,0.0079999999999017,0
2163660,0.6110000000001492,0
2163690,0.142500000000291,0
2163720,0.0124999999998181,0
2163750,0.1199999999998908,0
2163780,0.0454999999999927,0
2163810,0.0504999999999199,0
2163840,0.0554999999998472,0
2163870,0.0674999999999272,0
2163900,0.06850000000004,0
2163930,0.1154999999998836,0
2163960,0.068499999999949,0
2163990,0.0754999999999199,0
2164020,0.0460000000000945,0
2164050,0.5159999999998036,0
2164080,0.2904999999997926,0
2164110,0.0134999999998399,0
2164140,0.5455000000001746,0
2164170,0.2179999999999382,0
2164200,0.0164999999998144,0
2164230,0.4989999999999782,0
2164260,0.0154999999998835,0
2164290,0.5494999999998981,0
2164320,0.0959999999998217,0
2164350,0.2530000000000655,0
2164380,0.0924999999998363,0
2164410,0.0065000000000509,0
2164440,0.0140000000001236,0
2164470,0.0080000000000836,0
2164500,0.22549999999992,0
2164530,0.0820000000001528,0
2164560,0.0079999999997198,0
2164590,0.0065000000000509,0
2164620,0.0080000000000836,0
2164650,0.0069999999998799,0
2164680,0.0070000000001527,0
2164710,0.0135000000000218,0
2164740,0.0104999999998653,0
2164770,0.0074999999999818,0
2164800,0.0139999999998508,0
2164830,0.0070000000001527,0
2164860,0.0079999999998108,0
2164890,0.2415000000000873,0
2164920,0.0914999999998144,0
2164950,0.01150000000016,0
2164980,0.0095000000000254,0
2165010,0.0079999999999927,0
2165040,0.0094999999997526,0
2165070,0.0085000000002764,0
2165100,0.0170000000000072,0
2165130,0.0150000000001455,0
2165160,0.0085000000002764,0
2165190,0.006499999999869,0
2165220,0.0085000000000036,0
2165250,0.0055000000000291,0
2165280,0.2325000000001637,0
2165310,0.1164999999999054,0
2165340,0.0085000000000945,0
2165370,0.0225000000003092,0
2165400,0.1220000000001164,0
2165430,0.2135000000000218,0
2165460,0.1145000000002255,0
2165490,0.2305000000000291,0
2165520,0.1404999999999745,0
2165550,0.1664999999999964,0
2165580,0.1519999999998617,0
2165610,0.0259999999998399,0
2165640,0.0074999999999818,0
2165670,0.0129999999999199,0
2165700,0.0069999999999708,0
2165730,0.0130000000000109,0
2165760,0.011000000000331,0
2165790,0.0079999999999017,0
2165820,0.2154999999999745,0
2165850,0.1315000000002328,0
2165880,0.01200000000008,0
2165910,0.2414999999998145,0
2165940,0.0840000000000145,0
2165970,0.0030000000002473,0
2166000,0.00600000000004,0
2166030,0.024999999999909,0
2166060,0.0254999999999199,0
2166090,0.0169999999998253,0
2166120,0.03050000000012,0
2166150,0.244499999999789,0
2166180,0.0965000000000145,0
2166210,0.0070000000000618,0
2166240,0.0045000000000072,0
2166270,0.0145000000000436,0
2166300,0.0164999999999963,0
2166330,0.0210000000001855,0
2166360,0.025,0
2166390,0.0274999999999636,0
2166420,0.2034999999999854,0
2166450,0.0759999999999308,0
2166480,0.0199999999999818,0
2166510,0.0285000000000763,0
2166540,0.024999999999909,0
2166570,0.0205000000001746,0
2166600,0.1494999999998072,0
2166630,0.1355000000003201,0
2166660,0.0135000000000218,0
2166690,0.0165000000000873,0
2166720,0.0224999999999454,0
2166750,0.031499999999778,0
2166780,0.0300000000000181,0
2166810,0.1114999999999781,0
2166840,0.1094999999998435,0
2166870,0.0214999999999236,0
2166900,0.0124999999999999,0
2166930,0.0100000000000363,0
2166960,0.0154999999999745,0
2166990,0.0139999999998508,0
2167020,0.0149999999999636,0
2167050,0.0285000000000763,0
2167080,0.237999999999829,0
2167110,0.1329999999999017,0
2167140,0.0075000000000727,0
2167170,0.01150000000016,0
2167200,0.24399999999996,0
2167230,0.1215000000002874,0
2167260,0.0105000000000472,0
2167290,0.0090000000001055,0
2167320,0.0099999999997635,0
2167350,0.012999999999738,0
2167380,0.0069999999999708,0
2167410,0.0074999999998908,0
2167440,0.2270000000001346,0
2167470,0.1190000000001419,0
2167500,0.0074999999998908,0
2167530,0.0110000000001491,0
2167560,0.0090000000001055,0
2167590,0.0089959518216038,0
2167620,0.0075000000000727,0
2167650,0.0065000000001418,0
2167680,0.2339999999998326,0
2167710,0.1140000000000327,0
2167740,0.0280000000001564,0
2167770,0.2339999999998326,0
2167800,0.1090000000000145,0
2167830,0.024999999999909,0
2167860,0.1130000000003747,0
2167890,0.0334999999998217,0
2167920,0.0179999999999381,0
2167950,0.01150000000016,0
2167980,0.0125,0
2168010,0.0159999999998945,0
2168040,0.0135000000000218,0
2168070,0.0110000000002401,0
2168100,0.0120000000001709,0
2168130,0.0154999999999745,0
2168160,0.0425000000001091,0
2168190,0.15600000000004,0
2168220,0.0590000000001055,0
2168250,0.0054999999999381,0
2168280,0.0194999999998799,0
2168310,0.0179999999998472,0
2168340,0.0179999999999381,0
2168370,0.0244999999997162,0
2168400,0.0170000000002801,0
2168430,0.0200000000000727,0
2168460,0.0229999999999563,0
2168490,0.0215000000001055,0
2168520,0.0214999999998326,0
2168550,0.0225000000000363,0
2168580,0.0195000000002437,0
2168610,0.0220000000001164,0
2168640,0.0229999999998654,0
2168670,0.0175000000001091,0
2168700,0.01850000000004,0
2168730,0.0250000000002728,0
2168760,0.0259999999998399,0
2168790,0.0255000000001018,0
2168820,0.2210000000000946,0
2168850,0.1500000000000909,0
2168880,0.0255000000001018,0
2168910,0.0255000000001018,0
2168940,0.0114999999999781,0
2168970,0.0189999999996871,0
2169000,0.0205000000000836,0
2169030,0.0249999999999999,0
2169060,0.0214999999999236,0
2169090,0.0215000000000145,0
2169120,0.0779999999999745,0
2169150,0.1204999999998108,0
2169180,0.061999999999989,0
2169210,0.0215000000001964,0
2169240,0.0360000000001491,0
2169270,0.0575000000000727,0
2169300,0.2339999999999236,0
2169330,0.1044999999999163,0
2169360,0.0074999999999818,0
2169390,0.0050000000000181,0
2169420,0.0034999999999854,0
2169450,0.0039999999999054,0
2169480,0.0064999999999599,0
2169510,0.0135000000003856,0
2169540,0.2455000000000836,0
2169570,0.0470000000001164,0
2169600,0.3640000000001238,0
2169630,0.1205000000002655,0
2169660,0.018999999999869,0
2169690,0.1350000000001273,0
2169720,0.0230000000000472,0
2169750,0.2449999999999818,0
2169780,0.0285000000000763,0
2169810,0.0259999999997489,0
2169840,0.0734999999999672,0
2169870,0.1319999999998799,0
2169900,0.4415000000001783,0
2169930,0.1055000000000291,0
2169960,0.3769999999997708,0
2169990,0.3230000000001382,0
2170020,0.1715000000000145,0
2170050,0.1480000000000473,0
2170080,0.093499999999949,0
2170110,0.3059999999998581,0
2170140,0.1724999999998545,0
2170170,0.030999999999949,0
2170200,0.0109999999998763,0
2170230,0.2435000000001309,0
2170260,0.1569999999998799,0
2170290,0.0255000000000109,0
2170320,0.011500000000251,0
2170350,0.0279999999999745,0
2170380,0.2319999999998799,0
2170410,0.1140000000000327,0
2170440,0.0170000000001891,0
2170470,0.0069999999997889,0
2170500,0.237499999999909,0
2170530,0.1429999999999381,0
2170560,0.6055000000000291,0
2170590,0.2284999999999854,0
2170620,0.1105000000002291,0
2170650,0.4659999999998945,0
2170680,0.1605000000000473,0
2170710,0.2299999999998362,0
2170740,0.0139999999999417,0
2170770,0.1424999999999272,0
2170800,0.24350000000004,0
2170830,0.2724999999995817,0
2170860,0.0714999999998326,0
2170890,0.2375000000000909,0
2170920,0.1580000000000836,0
2170950,0.0205000000001746,0
2170980,0.0074999999999818,0
2171010,0.0495000000002619,0
2171040,0.1199999999997089,0
2171070,0.0170000000000072,0
2171100,0.0125,0
2171130,0.1914999999999054,0
2171160,0.1104999999997744,0
2171190,0.0039999999999963,0
2171220,0.0025000000000545,0
2171250,0.0029999999999745,0
2171280,0.0265000000001236,0
2171310,0.1840000000001055,0
2171340,0.0450000000000727,0
2171370,0.1940000000000509,0
2171400,0.1350000000001273,0
2171430,0.0075000000001637,0
2171460,0.0059999999998581,0
2171490,0.0074999999999818,0
2171520,0.0074999999999818,0
2171550,0.0065000000002328,0
2171580,0.1150000000001455,0
2171610,0.1159999999998945,0
2171640,0.0134999999999308,0
2171670,0.0205000000000836,0
2171700,0.0214999999998326,0
2171730,0.0300000000000181,0
2171760,0.0275000000000545,0
2171790,0.2320000000001528,0
2171820,0.1859999999998763,0
2171850,0.0150000000000545,0
2171880,0.0150000000000545,0
2171910,0.0110000000000582,0
2171940,0.0054999999998472,0
2171970,0.0049999999999272,0
2172000,0.0069999999998799,0
2172030,0.0110000000000582,0
2172060,0.0140000000000327,0
2172090,0.0114999999998872,0
2172120,0.0064999999999599,0
2172150,0.0359999999997853,0
2172180,0.1849999999998545,0
2172210,0.1880000000001928,0
2172240,0.0170000000002801,0
2172270,0.0905000000001564,0
2172300,0.0279999999998835,0
2172330,0.0084999999999126,0
2172360,0.0045000000000982,0
2172390,0.0040000000000873,0
2172420,0.0300000000001091,0
2172450,0.024499999999989,0
2172480,0.0205000000001746,0
2172510,0.0035000000001673,0
2172540,0.0045000000000072,0
2172570,0.00550000000012,0
2172600,0.2365000000000691,0
2172630,0.1290000000001783,0
2172660,0.0109999999997853,0
2172690,0.0140000000001236,0
2172720,0.0195000000000618,0
2172750,0.0189999999999599,0
2172780,0.0134999999999308,0
2172810,0.0360000000000582,0
2172840,0.2369999999999891,0
2172870,0.1049999999999272,0
2172900,0.0150000000000545,0
2172930,0.0099999999999454,0
2172960,0.01850000000004,0
2172990,0.0179999999997562,0
2173020,0.0120000000001709,0
2173050,0.0324999999999818,0
2173080,0.1685000000002219,0
2173110,0.0869999999998981,0
2173140,0.2309999999996762,0
2173170,0.1624999999998181,0
2173200,0.2370000000003529,0
2173230,0.2130000000000109,0
2173260,0.1465000000000145,0
2173290,0.1654999999998836,0
2173320,0.0605000000002291,0
2173350,0.0764999999999418,0
2173380,0.1965000000000145,0
2173410,0.1715000000000145,0
2173440,0.0199999999998908,0
2173470,0.0090000000000145,0
2173500,0.0070000000001527,0
2173530,0.0065000000002328,0
2173560,0.0074999999999818,0
2173590,0.0074999999998908,0
2173620,0.0069999999999708,0
2173650,0.0415000000000873,0
2173680,0.1235000000000582,0
2173710,0.0190000000002328,0
2173740,0.231999999999789,0
2173770,0.1550000000001091,0
2173800,0.0110000000000582,0
2173830,0.2269999999999527,0
2173860,0.1429999999997562,0
2173890,0.0125,0
2173920,0.0174999999997453,0
2173950,0.0440000000002328,0
2173980,0.0550000000001091,0
2174010,0.0484999999997853,0
2174040,0.0890000000000327,0
2174070,0.0480000000000473,0
2174100,0.0595000000001164,0
2174130,0.0649999999997817,0
2174160,0.2455000000002655,0
2174190,0.1635000000002037,0
2174220,0.0175000000000181,0
2174250,0.0250000000002728,0
2174280,0.2450000000001637,0
2174310,0.1334999999999127,0
2174340,0.0144999999997708,0
2174370,0.2484999999999672,0
2174400,0.1850000000000363,0
2174430,0.0200000000001637,0
2174460,0.2780000000000655,0
2174490,0.1924999999998363,0
2174520,0.0355000000000473,0
2174550,0.0114999999999781,0
2174580,0.2489999999999782,0
2174610,0.1274999999998727,0
2174640,0.0929999999999381,0
2174670,0.1119999999998981,0
2174700,0.1140000000000327,0
2174730,0.1095000000001164,0
2174760,0.1149999999998726,0
2174790,0.1160000000000764,0
2174820,0.1350000000001273,0
2174850,0.1310000000001309,0
2174880,0.0255000000001018,0
2174910,0.0420000000000072,0
2174940,0.0544999999999163,0
2174970,0.2320000000000618,0
2175000,0.137499999999909,0
2175030,0.0149999999997817,0
2175060,0.0114999999998872,0
2175090,0.2345000000000255,0
2175120,0.1409999999997126,0
2175150,0.0104999999998653,0
2175180,0.2469999999998436,0
2175210,0.20649999999996,0
2175240,0.0290000000000873,0
2175270,0.20649999999996,0
2175300,0.0864999999999781,0
2175330,0.2354999999998654,0
2175360,0.1269999999999527,0
2175390,0.2319999999998799,0
2175420,0.0519999999999527,0
2175450,0.2059999999998581,0
2175480,0.1310000000001309,0
2175510,0.0200000000000727,0
2175540,0.1164999999999963,0
2175570,0.124499999999989,0
2175600,0.0795000000000072,0
2175630,0.0080000000001746,0
2175660,0.2255000000001928,0
2175690,0.1574999999999818,0
2175720,0.0290000000002692,0
2175750,0.0094999999999345,0
2175780,0.0105000000001382,0
2175810,0.0220000000000254,0
2175840,0.3009999999999309,0
2175870,0.1344999999998435,0
2175900,0.0200000000000727,0
2175930,0.0174999999999272,0
2175960,0.0094999999999345,0
2175990,0.0080000000001746,0
2176020,0.0049999999997453,0
2176050,0.0094999999999345,0
2176080,0.0285000000002582,0
2176110,0.0074999999997089,0
2176140,0.0525000000002364,0
2176170,0.2124999999998181,0
2176200,0.0954999999997198,0
2176230,0.0079999999998108,0
2176260,0.2469999999997526,0
2176290,0.1375000000001819,0
2176320,0.1815000000002328,0
2176350,0.1599999999998544,0
2176380,0.0470000000000254,0
2176410,0.3139999999999419,0
2176440,0.1070000000002437,0
2176470,0.0059999999998581,0
2176500,0.0074999999999818,0
2176530,0.2124999999997271,0
2176560,0.1569999999999709,0
2176590,0.0345000000001164,0
2176620,0.0085000000000945,0
2176650,0.0079999999999927,0
2176680,0.0194999999999708,0
2176710,0.0219999999999345,0
2176740,0.0079999999998108,0
2176770,0.1130000000000109,0
2176800,0.1404999999998835,0
2176830,0.0470000000002073,0
2176860,0.0099999999998544,0
2176890,0.012499999999909,0
2176920,0.0180000000000291,0
2176950,0.0054999999999381,0
2176980,0.0394999999999527,0
2177010,0.2200000000003456,0
2177040,0.1344999999999345,0
2177070,0.0439999999999599,0
2177100,0.0100000000000363,0
2177130,0.0095000000001164,0
2177160,0.0084999999998217,0
2177190,0.0110000000001491,0
2177220,0.0115000000000691,0
2177250,0.005999999999949,0
2177280,0.0095000000001164,0
2177310,0.0130000000002837,0
2177340,0.0074999999998908,0
2177370,0.012499999999909,0
2177400,0.2435000000001309,0
2177430,0.1130000000001018,0
2177460,0.0204999999999927,0
2177490,0.2010000000000218,0
2177520,0.0899999999999636,0
2177550,0.0095000000001164,0
2177580,0.2385000000001128,0
2177610,0.1534999999998035,0
2177640,0.0144999999999527,0
2177670,0.01200000000008,0
2177700,0.0105000000000472,0
2177730,0.2455000000000837,0
2177760,0.1585000000000946,0
2177790,0.0194999999999708,0
2177820,0.0105000000002291,0
2177850,0.1619999999999891,0
2177880,0.1460000000000036,0
2177910,0.0234999999999672,0
2177940,0.2415000000000873,0
2177970,0.1124999999997271,0
2178000,0.0064999999999599,0
2178030,0.0115000000000691,0
2178060,0.2299999999999273,0
2178090,0.1639999999999418,0
2178120,0.0224999999999454,0
2178150,0.2300000000000182,0
2178180,0.1530000000000655,0
2178210,0.0069999999999708,0
2178240,0.0379999999999199,0
2178270,0.1589999999999236,0
2178300,0.0344999999996616,0
2178330,0.0025000000000545,0
2178360,0.2304999999998472,0
2178390,0.1574999999998908,0
2178420,0.0250000000001818,0
2178450,0.0109999999999672,0
2178480,0.0110000000000582,0
2178510,0.0130000000000109,0
2178540,0.011999999999989,0
2178570,0.0110000000001491,0
2178600,0.011999999999989,0
2178630,0.0139999999998508,0
2178660,0.0125000000003638,0
2178690,0.0125000000000909,0
2178720,0.01200000000008,0
2178750,0.0159999999998944,0
2178780,0.0135000000000218,0
2178810,0.0080000000000836,0
2178840,0.2369999999998071,0
2178870,0.0589999999997417,0
2178900,0.5340000000001965,0
2178930,0.2165000000000873,0
2178960,0.4499999999998181,0
2178990,0.2360000000002401,0
2179020,0.0525000000000545,0
2179050,0.2289999999998144,0
2179080,0.0860000000000582,0
2179110,0.2689999999999599,0
2179140,0.1049999999998363,0
2179170,0.3130000000000109,0
2179200,0.2065000000001418,0
2179230,0.5139999999998509,0
2179260,0.2449999999997999,0
2179290,0.1789999999999963,0
2179320,0.2275000000000545,0
2179350,0.080000000000291,0
2179380,0.6514999999997599,0
2179410,0.2320000000000618,0
2179440,0.0850000000000364,0
2179470,0.3935000000001309,0
2179500,0.2454999999999927,0
2179530,0.0800000000001091,0
2179560,0.3899999999999636,0
2179590,0.1919999999997344,0
2179620,0.3764999999999419,0
2179650,0.2325000000002547,0
2179680,0.0860000000001491,0
2179710,0.2260000000000218,0
2179740,0.0840000000001055,0
2179770,0.3519999999998618,0
2179800,0.1159999999999854,0
2179830,0.4619999999998981,0
2179860,0.1090000000000145,0
2179890,0.4540000000000873,0
2179920,0.2384999999999309,0
2179950,0.0889999999999417,0
2179980,0.2284999999998945,0
2180010,0.0905000000001564,0
2180040,0.4359999999996944,0
2180070,0.1730000000001382,0
2180100,0.3000000000000909,0
2180130,0.6099999999998544,0
2180160,0.2295000000000982,0
2180190,0.2890000000002146,0
2180220,0.2265000000001237,0
2180250,0.0865000000000691,0
2180280,0.2164999999998144,0
2180310,0.1094999999999345,0
2180340,0.3264999999998508,0
2180370,0.1125,0
2180400,0.399500000000171,0
2180430,0.1160000000000764,0
2180460,0.5619999999998072,0
2180490,0.2110000000001491,0
2180520,0.2954999999999927,0
2180550,0.3114999999997963,0
2180580,0.2415000000000873,0
2180610,0.2119999999998981,0
2180640,0.2390000000003055,0
2180670,0.0869999999999891,0
2180700,0.2449999999999818,0
2180730,0.1159999999998945,0
2180760,0.5479999999999564,0
2180790,0.2024999999999636,0
2180820,0.3940000000001419,0
2180850,0.2209999999999127,0
2180880,0.0845000000000254,0
2180910,0.2239999999998872,0
2180940,0.0929999999999381,0
2180970,0.2274999999997817,0
2181000,0.0860000000000582,0
2181030,0.2404999999998836,0
2181060,0.1225000000001273,0
2181090,0.4089999999999236,0
2181120,0.1139999999999418,0
2181150,0.4154999999998836,0
2181180,0.7115000000001601,0
2181210,0.1845000000002074,0
2181240,0.1820000000000618,0
2181270,0.3304999999998472,0
2181300,0.1675000000000182,0
2181330,0.1845000000000255,0
2181360,0.0159999999999854,0
2181390,0.0144999999998617,0
2181420,0.0930000000003019,0
2181450,0.0399999999999636,0
2181480,0.0015000000000327,0
2181510,0.0044999999998253,0
2181540,0.0034999999998035,0
2181570,0.0040000000000873,0
2181600,0.006499999999869,0
2181630,0.0050000000000181,0
2181660,0.0050000000000181,0
2181690,0.0015000000000327,0
2181720,0.0030000000000654,0
2181750,0.0034999999999854,0
2181780,0.0035000000000763,0
2181810,0.0030000000002473,0
2181840,0.0019999999998617,0
2181870,0.0014999999999417,0
2181900,0.0030000000001564,0
2181930,0.0019999999999527,0
2181960,0.0045000000000982,0
2181990,0.0025000000000545,0
2182020,0.0029999999999745,0
2182050,0.0039999999999054,0
2182080,0.0050000000001091,0
2182110,0.0029999999999745,0
2182140,0.0029999999999745,0
2182170,0.0034999999998944,0
2182200,0.0020000000000436,0
2182230,0.0054999999999381,0
2182260,0.0030000000000654,0
2182290,0.0025000000001455,0
2182320,0.0039999999999054,0
2182350,0.0034999999999854,0
2182380,0.0035000000000763,0
2182410,0.0075000000001637,0
2182440,0.0039999999998144,0
2182470,0.0045000000000072,0
2182500,0.00600000000004,0
2182530,0.0069999999999708,0
2182560,0.0029999999997926,0
2182590,0.00600000000004,0
2182620,0.0045000000000072,0
2182650,0.005500000000211,0
2182680,0.0044999999998253,0
2182710,0.0055000000000291,0
2182740,0.005500000000211,0
2182770,0.0029999999998835,0
2182800,0.00550000000012,0
2182830,0.0039999999998144,0
2182860,0.0044999999997344,0
2182890,0.0044999999999163,0
2182920,0.0039999999999963,0
2182950,0.0029999999999745,0
2182980,0.0034999999998035,0
2183010,0.0050000000001091,0
2183040,0.0034999999998944,0
2183070,0.0024999999999636,0
2183100,0.0044999999998253,0
2183130,0.00550000000012,0
2183160,0.0049999999999272,0
2183190,0.0045000000000072,0
2183220,0.0050000000001091,0
2183250,0.0030000000000654,0
2183280,0.0039999999999963,0
2183310,0.00550000000012,0
2183340,0.0049999999999272,0
2183370,0.0045000000000982,0
2183400,0.0030000000000654,0
2183430,0.0029999999997926,0
2183460,0.0065000000002328,0
2183490,0.0029999999999745,0
2183520,0.0039999999999054,0
2183550,0.0045000000000072,0
2183580,0.0044999999999163,0
2183610,0.0030000000000654,0
2183640,0.0034999999998944,0
2183670,0.0050000000000181,0
2183700,0.0045000000000072,0
2183730,0.0029999999999745,0
2183760,0.0060000000001309,0
2183790,0.0039999999999054,0
2183820,0.0049999999999272,0
2183850,0.018499999999949,0
2183880,0.0040000000001782,0
2183910,0.0054999999999381,0
2183940,0.0050000000000181,0
2183970,0.0054999999998472,0
2184000,0.0040000000000873,0
2184030,0.0089999999999236,0
2184060,0.0044999999998253,0
2184090,0.0045000000000072,0
2184120,0.0045000000000072,0
2184150,0.0034999999999854,0
2184180,0.0049999999999272,0
2184210,0.0034999999998035,0
2184240,0.0040000000002692,0
2184270,0.0054999999999381,0
2184300,0.0045000000000072,0
2184330,0.0054999999997562,0
2184360,0.0030000000000654,0
2184390,0.0049999999999272,0
2184420,0.0049999999998362,0
2184450,0.0044999999996434,0
2184480,0.0040000000001782,0
2184510,0.0039999999999963,0
2184540,0.0045000000000982,0
2184570,0.0035000000000763,0
2184600,0.0039999999999963,0
2184630,0.0025000000000545,0
2184660,0.0059999999998581,0
2184690,0.0039999999999054,0
2184720,0.0034999999998944,0
2184750,0.0034999999999854,0
2184780,0.0054999999999381,0
2184810,0.0019999999998617,0
2184840,0.0045000000000072,0
2184870,0.0045000000000072,0
2184900,0.0039999999997235,0
2184930,0.0050000000000181,0
2184960,0.0070000000001527,0
2184990,0.0034999999998944,0
2185020,0.0050000000002,0
2185050,0.0039999999999963,0
2185080,0.0039999999999054,0
2185110,0.0030000000001564,0
2185140,0.0054999999999381,0
2185170,0.0055000000000291,0
2185200,0.0050000000001091,0
2185230,0.0035000000000763,0
2185260,0.0049999999999272,0
2185290,0.0040000000001782,0
2185320,0.0049999999998362,0
2185350,0.0040000000001782,0
2185380,0.0039999999999054,0
2185410,0.0074999999998908,0
2185440,0.0039999999999054,0
2185470,0.0029999999997926,0
2185500,0.0035000000000763,0
2185530,0.0039999999999963,0
2185560,0.0040000000000873,0
2185590,0.0049999999998362,0
2185620,0.0034999999999854,0
2185650,0.0029999999999745,0
2185680,0.0040000000001782,0
2185710,0.0035000000000763,0
2185740,0.0039999999999963,0
2185770,0.0044999999997344,0
2185800,0.0044999999999163,0
2185830,0.0050000000001091,0
2185860,0.0035000000000763,0
2185890,0.0054999999999381,0
2185920,0.0050000000001091,0
2185950,0.0050000000000181,0
2185980,0.0050000000000181,0
2186010,0.0070000000000618,0
2186040,0.0039999999999963,0
2186070,0.00600000000004,0
2186100,0.0050000000001091,0
2186130,0.0045000000001891,0
2186160,0.0015000000000327,0
2186190,0.0039999999999963,0
2186220,0.0045000000000072,0
2186250,0.00600000000004,0
2186280,0.0035000000000763,0
2186310,0.0054999999998472,0
2186340,0.0040000000000873,0
2186370,0.0045000000000072,0
2186400,0.0034999999999854,0
2186430,0.0045000000000072,0
2186460,0.0029999999998835,0
2186490,0.0065000000000509,0
2186520,0.0019999999999527,0
2186550,0.0050000000002,0
2186580,0.0035000000000763,0
2186610,0.0059999999997671,0
2186640,0.0054999999999381,0
2186670,0.0049999999999272,0
2186700,0.0044999999999163,0
2186730,0.0074999999998908,0
2186760,0.0045000000001891,0
2186790,0.0039999999999963,0
2186820,0.0039999999999963,0
2186850,0.0060000000001309,0
2186880,0.0034999999999854,0
2186910,0.0054999999997562,0
2186940,0.0039999999999054,0
2186970,0.0075000000001637,0
2187000,0.0040000000000873,0
2187030,0.0039999999997235,0
2187060,0.0025000000001455,0
2187090,0.0039999999999963,0
2187120,0.0029999999999745,0
2187150,0.0050000000001091,0
2187180,0.0034999999998944,0
2187210,0.0085000000001855,0
2187240,0.0044999999999163,0
2187270,0.0040000000000873,0
2187300,0.0025000000000545,0
2187330,0.0054999999998472,0
2187360,0.0039999999999963,0
2187390,0.0050000000001091,0
2187420,0.0040000000000873,0
2187450,0.0059999999998581,0
2187480,0.0039999999998144,0
2187510,0.005500000000211,0
2187540,0.0039999999999054,0
2187570,0.0055000000000291,0
2187600,0.0030000000001564,0
2187630,0.0054999999998472,0
2187660,0.0019999999999527,0
2187690,0.0050000000000181,0
2187720,0.00550000000012,0
2187750,0.0044999999999163,0
2187780,0.0044999999999163,0
2187810,0.005999999999949,0
2187840,0.0044999999999163,0
2187870,0.0050000000000181,0
2187900,0.0049999999998362,0
2187930,0.00600000000004,0
2187960,0.0039999999997235,0
2187990,0.00550000000012,0
2188020,0.0034999999999854,0
2188050,0.00600000000004,0
2188080,0.0025000000001455,0
2188110,0.00550000000012,0
2188140,0.0039999999999963,0
2188170,0.0045000000000072,0
2188200,0.0039999999999963,0
2188230,0.0025000000000545,0
2188260,0.0035000000000763,0
2188290,0.0059999999998581,0
2188320,0.0035000000000763,0
2188350,0.0020000000000436,0
2188380,0.0040000000001782,0
2188410,0.005999999999949,0
2188440,0.0025000000000545,0
2188470,0.0029999999998835,0
2188500,0.0045000000000982,0
2188530,0.0094999999999345,0
2188560,0.0044999999999163,0
2188590,0.0045000000000072,0
2188620,0.0035000000000763,0
2188650,0.0049999999999272,0
2188680,0.0030000000001564,0
2188710,0.0070000000001527,0
2188740,0.0029999999999745,0
2188770,0.0069999999999708,0
2188800,0.0019999999999527,0
2188830,0.0040000000000873,0
2188860,0.0034999999998035,0
2188890,0.0040000000001782,0
2188920,0.0020000000001346,0
2188950,0.0035000000000763,0
2188980,0.0034999999999854,0
2189010,0.0039999999998144,0
2189040,0.0035000000000763,0
2189070,0.0034999999998944,0
2189100,0.0045000000000072,0
2189130,0.0060000000001309,0
2189160,0.0034999999999854,0
2189190,0.0044999999998253,0
2189220,0.0040000000000873,0
2189250,0.0039999999999963,0
2189280,0.0030000000001564,0
2189310,0.0035000000000763,0
2189340,0.0025000000000545,0
2189370,0.0045000000000982,0
2189400,0.0034999999999854,0
2189430,0.0050000000000181,0
2189460,0.0025000000000545,0
2189490,0.0045000000000982,0
2189520,0.0034999999998944,0
2189550,0.0045000000000982,0
2189580,0.0029999999998835,0
2189610,0.0035000000001673,0
2189640,0.0034999999998035,0
2189670,0.0039999999999963,0
2189700,0.0024999999998726,0
2189730,0.0045000000000982,0
2189760,0.00550000000012,0
2189790,0.0034999999998035,0
2189820,0.0045000000001891,0
2189850,0.0039999999999054,0
2189880,0.0025000000001455,0
2189910,0.0064999999995052,0
2189940,0.0030000000001564,0
2189970,0.0060000000001309,0
2190000,0.0029999999999745,0
2190030,0.00550000000012,0
2190060,0.0040000000000873,0
2190090,0.0035000000000763,0
2190120,0.0034999999998944,0
2190150,0.0040000000000873,0
2190180,0.0029999999999745,0
2190210,0.0070000000000618,0
2190240,0.0025000000000545,0
2190270,0.0039999999999963,0
2190300,0.0020000000001346,0
2190330,0.0079999999999017,0
2190360,0.0029999999998835,0
2190390,0.0050000000002,0
2190420,0.0024999999999636,0
2190450,0.0045000000000982,0
2190480,0.0015000000000327,0
2190510,0.00600000000004,0
2190540,0.0044999999999163,0
2190570,0.0034999999998035,0
2190600,0.0045000000000072,0
2190630,0.0054999999999381,0
2190660,0.0029999999998835,0
2190690,0.00600000000004,0
2190720,0.0085000000000945,0
2190750,0.0065000000000509,0
2190780,0.0044999999999163,0
2190810,0.0050000000001091,0
2190840,0.0029999999999745,0
2190870,0.0035000000000763,0
2190900,0.0029999999999745,0
2190930,0.00600000000004,0
2190960,0.0040000000000873,0
2190990,0.0074999999999818,0
2191020,0.0039999999998144,0
2191050,0.0054999999999381,0
2191080,0.0035000000001673,0
2191110,0.0035000000000763,0
2191140,0.0034999999999854,0
2191170,0.0054999999999381,0
2191200,0.0035000000000763,0
2191230,0.0109999999997853,0
2191260,0.0025000000000545,0
2191290,0.005500000000211,0
2191320,0.0050000000001091,0
2191350,0.0045000000000072,0
2191380,0.0029999999998835,0
2191410,0.0080000000001746,0
2191440,0.0040000000000873,0
2191470,0.0050000000000181,0
2191500,0.0035000000000763,0
2191530,0.0794999999998253,0
2191560,0.036999999999989,0
2191590,0.0039999999999963,0
2191620,0.0054999999999381,0
2191650,0.0029999999998835,0
2191680,0.0045000000000072,0
2191710,0.0060000000001309,0
2191740,0.0039999999998144,0
2191770,0.00550000000012,0
2191800,0.0040000000001782,0
2191830,0.0060000000001309,0
2191860,0.00550000000012,0
2191890,0.0034999999998035,0
2191920,0.0045000000000982,0
2191950,0.00550000000012,0
2191980,0.0034999999998944,0
2192010,0.0080000000001746,0
2192040,0.0045000000000072,0
2192070,0.0050000000001091,0
2192100,0.0034999999998944,0
2192130,0.0060000000001309,0
2192160,0.0065000000002328,0
2192190,0.0045000000000982,0
2192220,0.0039999999999963,0
2192250,0.006499999999869,0
2192280,0.0030000000000654,0
2192310,0.0039999999999963,0
2192340,0.0045000000000072,0
2192370,0.0055000000000291,0
2192400,0.0045000000000072,0
2192430,0.0045000000000072,0
2192460,0.0050000000000181,0
2192490,0.00550000000012,0
2192520,0.0029999999999745,0
2192550,0.0045000000000072,0
2192580,0.0040000000000873,0
2192610,0.0065000000000509,0
2192640,0.0050000000000181,0
2192670,0.0055000000000291,0
2192700,0.0054999999999381,0
2192730,0.0040000000001782,0
2192760,0.0049999999999272,0
2192790,0.0054999999999381,0
2192820,0.0040000000000873,0
2192850,0.0039999999999054,0
2192880,0.0034999999998944,0
2192910,0.0044999999997344,0
2192940,0.0040000000000873,0
2192970,0.0039999999998144,0
2193000,0.0039999999999963,0
2193030,0.0095000000000254,0
2193060,0.0069999999999708,0
2193090,0.0050000000001091,0
2193120,0.0045000000000072,0
2193150,0.0040000000000873,0
2193180,0.0039999999999054,0
2193210,0.0075000000001637,0
2193240,0.0060000000002219,0
2193270,0.0054999999997562,0
2193300,0.0035000000000763,0
2193330,0.005999999999949,0
2193360,0.0070000000001527,0
2193390,0.0089999999999236,0
2193420,0.0134999999998399,0
2193450,0.0055000000000291,0
2193480,0.0060000000001309,0
2193510,0.0040000000000873,0
2193540,0.0034999999998944,0
2193570,0.0034999999999854,0
2193600,0.0055000000000291,0
2193630,0.0065000000000509,0
2193660,0.0034999999998944,0
2193690,0.0075000000000727,0
2193720,0.0049999999999272,0
2193750,0.0059999999997671,0
2193780,0.00550000000012,0
2193810,0.0065000000001418,0
2193840,0.0045000000000072,0
2193870,0.0070000000000618,0
2193900,0.0044999999997344,0
2193930,0.0060000000001309,0
2193960,0.00600000000004,0
2193990,0.0069999999998799,0
2194020,0.0050000000002,0
2194050,0.0070000000000618,0
2194080,0.0015000000000327,0
2194110,0.0080000000002655,0
2194140,0.0050000000002,0
2194170,0.0044999999999163,0
2194200,0.0044999999999163,0
2194230,0.0069999999999708,0
2194260,0.0045000000000982,0
2194290,0.006499999999778,0
2194320,0.0054999999999381,0
2194350,0.0060000000001309,0
2194380,0.0059999999997671,0
2194410,0.006499999999869,0
2194440,0.0050000000000181,0
2194470,0.0065000000000509,0
2194500,0.0055000000000291,0
2194530,0.0069999999999708,0
2194560,0.0045000000001891,0
2194590,0.0049999999999272,0
2194620,0.0040000000000873,0
2194650,0.006999999999698,0
2194680,0.0045000000000982,0
2194710,0.0099999999998544,0
2194740,0.0045000000000072,0
2194770,0.0100000000001273,0
2194800,0.0075000000000727,0
2194830,0.0165000000000873,0
2194860,0.0054999999999381,0
2194890,0.0069999999999708,0
2194920,0.0045000000000072,0
2194950,0.005999999999949,0
2194980,0.0055000000000291,0
2195010,0.0075000000001637,0
2195040,0.0054999999997562,0
2195070,0.00600000000004,0
2195100,0.0045000000000982,0
2195130,0.0059999999998581,0
2195160,0.0050000000000181,0
2195190,0.0039999999999963,0
2195220,0.0065000000000509,0
2195250,0.0075000000001637,0
2195280,0.0029999999999745,0
2195310,0.0065000000000509,0
2195340,0.0029999999998835,0
2195370,0.00550000000012,0
2195400,0.0035000000000763,0
2195430,0.005999999999949,0
2195460,0.0039999999999054,0
2195490,0.0080000000002655,0
2195520,0.0049999999998362,0
2195550,0.0085000000000945,0
2195580,0.0024999999998726,0
2195610,0.0069999999997889,0
2195640,0.0040000000000873,0
2195670,0.0054999999998472,0
2195700,0.0040000000000873,0
2195730,0.00600000000004,0
2195760,0.0059999999998581,0
2195790,0.0069999999999708,0
2195820,0.0045000000000072,0
2195850,0.005999999999949,0
2195880,0.0050000000001091,0
2195910,0.0075000000000727,0
2195940,0.0050000000000181,0
2195970,0.00600000000004,0
2196000,0.0054999999998472,0
2196030,0.0089999999999236,0
2196060,0.0045000000001891,0
2196090,0.00600000000004,0
2196120,0.0115000000000691,0
2196150,0.0054999999999381,0
2196180,0.0044999999999163,0
2196210,0.0084999999997307,0
2196240,0.0030000000001564,0
2196270,0.0065000000000509,0
2196300,0.0040000000000873,0
2196330,0.0065000000001418,0
2196360,0.0049999999999272,0
2196390,0.0054999999999381,0
2196420,0.0055000000000291,0
2196450,0.0065000000000509,0
2196480,0.0024999999999636,0
2196510,0.0045000000000982,0
2196540,0.0029999999999745,0
2196570,0.0059999999998581,0
2196600,0.0039999999999963,0
2196630,0.0080000000000836,0
2196660,0.0030000000000654,0
2196690,0.005999999999949,0
2196720,0.0039999999999054,0
2196750,0.00600000000004,0
2196780,0.0045000000000982,0
2196810,0.0064999999999599,0
2196840,0.0039999999999963,0
2196870,0.0060000000001309,0
2196900,0.0095000000001164,0
2196930,0.0045000000000982,0
2196960,0.0045000000000072,0
2196990,0.0039999999999963,0
2197020,0.0054999999998472,0
2197050,0.005999999999949,0
2197080,0.0039999999999963,0
2197110,0.0085000000000945,0
2197140,0.0024999999999636,0
2197170,0.0060000000002219,0
2197200,0.0034999999998035,0
2197230,0.0070000000000618,0
2197260,0.0055000000000291,0
2197290,0.0074999999999818,0
2197320,0.0050000000002,0
2197350,0.0064999999999599,0
2197380,0.0050000000000181,0
2197410,0.0070000000001527,0
2197440,0.0045000000000072,0
2197470,0.0050000000000181,0
2197500,0.0024999999999636,0
2197530,0.0109999999998763,0
2197560,0.0045000000000982,0
2197590,0.005999999999949,0
2197620,0.005500000000211,0
2197650,0.0075000000000727,0
2197680,0.0029999999999745,0
2197710,0.0039999999999054,0
2197740,0.0039999999999963,0
2197770,0.0064999999999599,0
2197800,0.0050000000001091,0
2197830,0.0035000000000763,0
2197860,0.0050000000000181,0
2197890,0.0219999999999345,0
2197920,0.0040000000000873,0
2197950,0.0039999999998144,0
2197980,0.0049999999999272,0
2198010,0.0045000000000072,0
2198040,0.0029999999999745,0
2198070,0.0045000000000982,0
2198100,0.0044999999999163,0
2198130,0.00600000000004,0
2198160,0.0030000000000654,0
2198190,0.0045000000000072,0
2198220,0.0039999999999054,0
2198250,0.00600000000004,0
2198280,0.0039999999999963,0
2198310,0.0034999999999854,0
2198340,0.0045000000000982,0
2198370,0.006499999999869,0
2198400,0.0064999999999599,0
2198430,0.0110000000001491,0
2198460,0.0030000000000654,0
2198490,0.0050000000000181,0
2198520,0.0045000000000072,0
2198550,0.0044999999999163,0
2198580,0.0045000000000072,0
2198610,0.0044999999997344,0
2198640,0.00600000000004,0
2198670,0.0049999999999272,0
2198700,0.0039999999999963,0
2198730,0.0049999999999272,0
2198760,0.00600000000004,0
2198790,0.0045000000000982,0
2198820,0.0039999999998144,0
2198850,0.005999999999949,0
2198880,0.0034999999999854,0
2198910,0.0034999999999854,0
2198940,0.0049999999998362,0
2198970,0.0039999999999963,0
2199000,0.0045000000000982,0
2199030,0.0019999999998617,0
2199060,0.0030000000000654,0
2199090,0.0040000000000873,0
2199120,0.0055000000000291,0
2199150,0.00600000000004,0
2199180,0.0044999999997344,0
2199210,0.005999999999949,0
2199240,0.0030000000000654,0
2199270,0.00550000000012,0
2199300,0.005500000000211,0
2199330,0.0104999999999563,0
2199360,0.0044999999999163,0
2199390,0.0044999999998253,0
2199420,0.0049999999998362,0
2199450,0.006499999999869,0
2199480,0.0040000000001782,0
2199510,0.0039999999999963,0
2199540,0.0049999999999272,0
2199570,0.0034999999998944,0
2199600,0.0039999999999054,0
2199630,0.0055000000000291,0
2199660,0.0055000000000291,0
2199690,0.0065000000000509,0
2199720,0.0039999999999054,0
2199750,0.0065000000001418,0
2199780,0.0045000000000072,0
2199810,0.0080000000000836,0
2199840,0.0054999999999381,0
2199870,0.006499999999869,0
2199900,0.0039999999999963,0
2199930,0.0094999999998435,0
2199960,0.0049999999997453,0
2199990,0.0065000000000509,0
2200020,0.0065000000001418,0
2200050,0.006499999999778,0
2200080,0.00600000000004,0
2200110,0.0069999999999708,0
2200140,0.0049999999999272,0
2200170,0.0085000000000036,0
2200200,0.0045000000000982,0
2200230,0.011999999999989,0
2200260,0.005999999999949,0
2200290,0.0049999999999272,0
2200320,0.0070000000002437,0
2200350,0.0059999999998581,0
2200380,0.0045000000000982,0
2200410,0.0100000000002182,0
2200440,0.0054999999998472,0
2200470,0.0074999999998908,0
2200500,0.0060000000002219,0
2200530,0.0074999999998908,0
2200560,0.0040000000000873,0
2200590,0.0079999999999927,0
2200620,0.0074999999999818,0
2200650,0.0049999999999272,0
2200680,0.0049999999999272,0
2200710,0.0079999999999927,0
2200740,0.0049999999997453,0
2200770,0.0074999999999818,0
2200800,0.0049999999999272,0
2200830,0.0055000000000291,0
2200860,0.0055000000000291,0
2200890,0.00550000000012,0
2200920,0.0029999999999745,0
2200950,0.0070000000000618,0
2200980,0.0065000000001418,0
2201010,0.0080000000001746,0
2201040,0.0065000000000509,0
2201070,0.0054999999999381,0
2201100,0.0060000000001309,0
2201130,0.0100000000000363,0
2201160,0.0074999999998908,0
2201190,0.0069999999998799,0
2201220,0.0065000000001418,0
2201250,0.005500000000211,0
2201280,0.00600000000004,0
2201310,0.0074999999998908,0
2201340,0.0054999999999381,0
2201370,0.0070000000001527,0
2201400,0.0055000000000291,0
2201430,0.005999999999949,0
2201460,0.0065000000001418,0
2201490,0.0075000000001637,0
2201520,0.0040000000000873,0
2201550,0.0050000000001091,0
2201580,0.0049999999999272,0
2201610,0.0064999999999599,0
2201640,0.0049999999997453,0
2201670,0.0064999999999599,0
2201700,0.0049999999999272,0
2201730,0.0244999999998981,0
2201760,0.0050000000000181,0
2201790,0.0079999999999017,0
2201820,0.0045000000000072,0
2201850,0.0064999999999599,0
2201880,0.00600000000004,0
2201910,0.005999999999949,0
2201940,0.0065000000000509,0
2201970,0.0074999999997999,0
2202000,0.005999999999949,0
2202030,0.0085000000001855,0
2202060,0.0050000000000181,0
2202090,0.0070000000000618,0
2202120,0.0045000000000072,0
2202150,0.0070000000001527,0
2202180,0.0049999999998362,0
2202210,0.0065000000001418,0
2202240,0.0044999999999163,0
2202270,0.006499999999869,0
2202300,0.0054999999998472,0
2202330,0.0090000000000145,0
2202360,0.0079999999999927,0
2202390,0.0055000000000291,0
2202420,0.0039999999999963,0
2202450,0.0064999999999599,0
2202480,0.0055000000000291,0
2202510,0.0039999999999963,0
2202540,0.005999999999949,0
2202570,0.0069999999999708,0
2202600,0.00600000000004,0
2202630,0.0074999999999818,0
2202660,0.0064999999999599,0
2202690,0.0069999999999708,0
2202720,0.0030000000000654,0
2202750,0.006499999999869,0
2202780,0.0054999999998472,0
2202810,0.0075000000002546,0
2202840,0.0029999999999745,0
2202870,0.00550000000012,0
2202900,0.00600000000004,0
2202930,0.0085000000001855,0
2202960,0.0064999999999599,0
2202990,0.0069999999999708,0
2203020,0.0039999999999963,0
2203050,0.0065000000000509,0
2203080,0.0044999999998253,0
2203110,0.0060000000001309,0
2203140,0.005999999999949,0
2203170,0.0059999999998581,0
2203200,0.005500000000211,0
2203230,0.0060000000002219,0
2203260,0.0039999999999963,0
2203290,0.0064999999999599,0
2203320,0.0044999999998253,0
2203350,0.0070000000002437,0
2203380,0.0050000000000181,0
2203410,0.0079999999999927,0
2203440,0.0025000000000545,0
2203470,0.0059999999998581,0
2203500,0.0024999999999636,0
2203530,0.0080000000000836,0
2203560,0.0050000000001091,0
2203590,0.0055000000003019,0
2203620,0.0060000000001309,0
2203650,0.0079999999998108,0
2203680,0.005500000000211,0
2203710,0.005999999999949,0
2203740,0.0069999999999708,0
2203770,0.0089999999999236,0
2203800,0.0059999999997671,0
2203830,0.0085000000001855,0
2203860,0.0045000000000072,0
2203890,0.0079999999999927,0
2203920,0.0054999999999381,0
2203950,0.0064999999999599,0
2203980,0.0040000000000873,0
2204010,0.0054999999998472,0
2204040,0.0254999999999199,0
2204070,0.0055000000000291,0
2204100,0.0045000000000072,0
2204130,0.005999999999949,0
2204160,0.0064999999999599,0
2204190,0.0034999999997125,0
2204220,0.0045000000000072,0
2204250,0.0050000000000181,0
2204280,0.0034999999998035,0
2204310,0.00600000000004,0
2204340,0.0065000000001418,0
2204370,0.0054999999998472,0
2204400,0.0104999999998653,0
2204430,0.0050000000000181,0
2204460,0.0020000000000436,0
2204490,0.0055000000000291,0
2204520,0.0035000000001673,0
2204550,0.0070000000000618,0
2204580,0.0039999999998144,0
2204610,0.0064999999999599,0
2204640,0.0050000000001091,0
2204670,0.0054999999999381,0
2204700,0.0075000000001637,0
2204730,0.0105000000001382,0
2204760,0.0050000000001091,0
2204790,0.0069999999999708,0
2204820,0.0045000000000072,0
2204850,0.0059999999998581,0
2204880,0.0064999999999599,0
2204910,0.0050000000000181,0
2204940,0.0055000000000291,0
2204970,0.0049999999998362,0
2205000,0.0024999999999636,0
2205030,0.0045000000001891,0
2205060,0.0045000000000982,0
2205090,0.0044999999999163,0
2205120,0.0065000000000509,0
2205150,0.0070000000002437,0
2205180,0.0049999999999272,0
2205210,0.0054999999999381,0
2205240,0.0069999999997889,0
2205270,0.0044999999999163,0
2205300,0.0044999999999163,0
2205330,0.0055000000000291,0
2205360,0.0044999999999163,0
2205390,0.0050000000000181,0
2205420,0.012499999999909,0
2205450,0.0054999999999381,0
2205480,0.006499999999869,0
2205510,0.0085000000001855,0
2205540,0.0049999999998362,0
2205570,0.0045000000000982,0
2205600,0.0034999999999854,0
2205630,0.0085000000000945,0
2205660,0.0039999999999963,0
2205690,0.00550000000012,0
2205720,0.0039999999998144,0
2205750,0.0059999999998581,0
2205780,0.0074999999999818,0
2205810,0.0054999999998472,0
2205840,0.0050000000000181,0
2205870,0.0035000000001673,0
2205900,0.0055000000000291,0
2205930,0.0084999999999126,0
2205960,0.0039999999999963,0
2205990,0.005999999999949,0
2206020,0.0035000000000763,0
2206050,0.0060000000003128,0
2206080,0.0044999999999163,0
2206110,0.0069999999998799,0
2206140,0.0040000000000873,0
2206170,0.0044999999999163,0
2206200,0.0045000000000072,0
2206230,0.0040000000001782,0
2206260,0.0059999999998581,0
2206290,0.0065000000001418,0
2206320,0.0039999999999963,0
2206350,0.005999999999949,0
2206380,0.0050000000002,0
2206410,0.0085000000000945,0
2206440,0.0035000000000763,0
2206470,0.0064999999999599,0
2206500,0.0039999999998144,0
2206530,0.0094999999998435,0
2206560,0.0049999999998362,0
2206590,0.00550000000012,0
2206620,0.0040000000001782,0
2206650,0.0059999999997671,0
2206680,0.0049999999999272,0
2206710,0.0044999999998253,0
2206740,0.005999999999949,0
2206770,0.00550000000012,0
2206800,0.0059999999997671,0
2206830,0.006499999999869,0
2206860,0.0060000000001309,0
2206890,0.0049999999999272,0
2206920,0.0050000000000181,0
2206950,0.0045000000000072,0
2206980,0.0065000000000509,0
2207010,0.005500000000211,0
2207040,0.0034999999999854,0
2207070,0.0064999999996871,0
2207100,0.00550000000012,0
2207130,0.0050000000000181,0
2207160,0.0085000000000036,0
2207190,0.0049999999998362,0
2207220,0.00600000000004,0
2207250,0.0045000000000072,0
2207280,0.0045000000000072,0
2207310,0.0029999999997926,0
2207340,0.0065000000000509,0
2207370,0.0055000000000291,0
2207400,0.0034999999999854,0
2207430,0.0090000000000145,0
2207460,0.0034999999999854,0
2207490,0.0050000000002,0
2207520,0.0029999999998835,0
2207550,0.0050000000000181,0
2207580,0.0039999999999963,0
2207610,0.0044999999999163,0
2207640,0.0049999999998362,0
2207670,0.0054999999998472,0
2207700,0.0034999999999854,0
2207730,0.0050000000000181,0
2207760,0.0069999999998799,0
2207790,0.00550000000012,0
2207820,0.0029999999999745,0
2207850,0.0039999999999963,0
2207880,0.0040000000000873,0
2207910,0.0034999999998035,0
2207940,0.0045000000000982,0
2207970,0.0079999999999017,0
2208000,0.0029999999999745,0
2208030,0.0050000000000181,0
2208060,0.0049999999999272,0
2208090,0.0055000000000291,0
2208120,0.0075000000000727,0
2208150,0.005999999999949,0
2208180,0.00600000000004,0
2208210,0.0065000000000509,0
2208240,0.0050000000001091,0
2208270,0.0054999999997562,0
2208300,0.0065000000001418,0
2208330,0.0054999999996653,0
2208360,0.0090000000001964,0
2208390,0.00600000000004,0
2208420,0.0055000000000291,0
2208450,0.006499999999869,0
2208480,0.0044999999999163,0
2208510,0.0100000000000363,0
2208540,0.0050000000000181,0
2208570,0.0054999999999381,0
2208600,0.0060000000001309,0
2208630,0.0074999999997999,0
2208660,0.005999999999949,0
2208690,0.0065000000000509,0
2208720,0.0065000000003237,0
2208750,0.0064999999999599,0
2208780,0.0050000000001091,0
2208810,0.0084999999997307,0
2208840,0.0075000000001637,0
2208870,0.0055000000000291,0
2208900,0.0045000000000072,0
2208930,0.0079999999999927,0
2208960,0.006499999999869,0
2208990,0.0075000000001637,0
2209020,0.0064999999999599,0
2209050,0.00600000000004,0
2209080,0.0069999999999708,0
2209110,0.0054999999998472,0
2209140,0.0050000000001091,0
2209170,0.0084999999999126,0
2209200,0.0050000000002,0
2209230,0.0104999999999563,0
2209260,0.0065000000001418,0
2209290,0.006999999999698,0
2209320,0.0039999999999054,0
2209350,0.005999999999949,0
2209380,0.0065000000000509,0
2209410,0.005500000000211,0
2209440,0.0049999999998362,0
2209470,0.0064999999999599,0
2209500,0.0039999999999963,0
2209530,0.0074999999998908,0
2209560,0.0060000000001309,0
2209590,0.0064999999999599,0
2209620,0.005999999999949,0
2209650,0.0069999999999708,0
2209680,0.0060000000001309,0
2209710,0.0099999999999454,0
2209740,0.0054999999998472,0
2209770,0.0049999999999272,0
2209800,0.0060000000002219,0
2209830,0.0080000000000836,0
2209860,0.0079999999998108,0
2209890,0.0070000000001527,0
2209920,0.0030000000000654,0
2209950,0.0069999999998799,0
2209980,0.005999999999949,0
2210010,0.0085000000001855,0
2210040,0.0045000000000982,0
2210070,0.006499999999778,0
2210100,0.0040000000002692,0
2210130,0.0069999999999708,0
2210160,0.0034999999999854,0
2210190,0.0074999999998908,0
2210220,0.0059999999998581,0
2210250,0.0065000000001418,0
2210280,0.0064999999999599,0
2210310,0.0069999999999708,0
2210340,0.0125,0
2210370,0.0220000000001164,0
2210400,0.0060000000001309,0
2210430,0.006499999999869,0
2210460,0.006499999999869,0
2210490,0.0065000000003237,0
2210520,0.006499999999869,0
2210550,0.0060000000001309,0
2210580,0.0064999999999599,0
2210610,0.0089999999999236,0
2210640,0.0030000000000654,0
2210670,0.0050000000000181,0
2210700,0.0059999999998581,0
2210730,0.00600000000004,0
2210760,0.006499999999869,0
2210790,0.0085000000000945,0
2210820,0.0045000000000072,0
2210850,0.0049999999998362,0
2210880,0.0050000000001091,0
2210910,0.0070000000001527,0
2210940,0.006499999999778,0
2210970,0.0065000000002328,0
2211000,0.0045000000000072,0
2211030,0.0069999999999708,0
2211060,0.0055000000000291,0
2211090,0.006499999999869,0
2211120,0.0039999999998144,0
2211150,0.0070000000000618,0
2211180,0.0040000000000873,0
2211210,0.0104999999997744,0
2211240,0.0050000000002,0
2211270,0.0029999999998835,0
2211300,0.0040000000000873,0
2211330,0.0035000000001673,0
2211360,0.0069999999998799,0
2211390,0.0079999999999927,0
2211420,0.0040000000000873,0
2211450,0.005999999999949,0
2211480,0.0060000000001309,0
2211510,0.0069999999998799,0
2211540,0.0079999999999927,0
2211570,0.0039999999998144,0
2211600,0.0044999999998253,0
2211630,0.0075000000001637,0
2211660,0.0049999999999272,0
2211690,0.0050000000001091,0
2211720,0.0024999999999636,0
2211750,0.0049999999999272,0
2211780,0.0060000000002219,0
2211810,0.0069999999997889,0
2211840,0.0050000000001091,0
2211870,0.0045000000000982,0
2211900,0.0054999999996653,0
2211930,0.0060000000001309,0
2211960,0.0034999999999854,0
2211990,0.0064999999999599,0
2212020,0.0039999999999963,0
2212050,0.00600000000004,0
2212080,0.0039999999999963,0
2212110,0.0070000000000618,0
2212140,0.0045000000000072,0
2212170,0.0064999999999599,0
2212200,0.0035000000000763,0
2212230,0.0065000000001418,0
2212260,0.0064999999999599,0
2212290,0.00550000000012,0
2212320,0.0045000000000072,0
2212350,0.0065000000000509,0
2212380,0.0055000000000291,0
2212410,0.0080000000001746,0
2212440,0.0069999999998799,0
2212470,0.006499999999778,0
2212500,0.0064999999999599,0
2212530,0.0049999999999272,0
2212560,0.00550000000012,0
2212590,0.006499999999778,0
2212620,0.0040000000000873,0
2212650,0.0074999999997089,0
2212680,0.0040000000000873,0
2212710,0.0070000000000618,0
2212740,0.0040000000000873,0
2212770,0.0054999999997562,0
2212800,0.0045000000000072,0
2212830,0.01200000000008,0
2212860,0.0074999999999818,0
2212890,0.0079999999998108,0
2212920,0.005500000000211,0
2212950,0.0069999999999708,0
2212980,0.0055000000000291,0
2213010,0.005999999999949,0
2213040,0.0045000000000072,0
2213070,0.0070000000002437,0
2213100,0.0039999999998144,0
2213130,0.0055000000000291,0
2213160,0.0039999999999963,0
2213190,0.0064999999999599,0
2213220,0.0045000000000072,0
2213250,0.0054999999999381,0
2213280,0.0050000000001091,0
2213310,0.0075000000000727,0
2213340,0.0034999999998944,0
2213370,0.0064999999999599,0
2213400,0.0039999999999963,0
2213430,0.0075000000000727,0
2213460,0.0039999999998144,0
2213490,0.0065000000000509,0
2213520,0.0039999999999963,0
2213550,0.0039999999999054,0
2213580,0.0044999999999163,0
2213610,0.0070000000001527,0
2213640,0.0049999999997453,0
2213670,0.0065000000001418,0
2213700,0.0045000000000982,0
2213730,0.0100000000000363,0
2213760,0.0055000000000291,0
2213790,0.0039999999999054,0
2213820,0.0040000000001782,0
2213850,0.005999999999949,0
2213880,0.0049999999999272,0
2213910,0.0070000000000618,0
2213940,0.0050000000001091,0
2213970,0.0045000000000072,0
2214000,0.0059999999997671,0
2214030,0.00600000000004,0
2214060,0.0025000000000545,0
2214090,0.0030000000000654,0
2214120,0.0050000000001091,0
2214150,0.0044999999999163,0
2214180,0.0029999999999745,0
2214210,0.0069999999999708,0
2214240,0.0050000000000181,0
2214270,0.0039999999999963,0
2214300,0.0029999999998835,0
2214330,0.0064999999999599,0
2214360,0.0054999999998472,0
2214390,0.0045000000000072,0
2214420,0.0040000000000873,0
2214450,0.0054999999999381,0
2214480,0.0040000000000873,0
2214510,0.006499999999778,0
2214540,0.0055000000000291,0
2214570,0.00550000000012,0
2214600,0.0050000000001091,0
2214630,0.0099999999999454,0
2214660,0.0040000000000873,0
2214690,0.0045000000000982,0
2214720,0.0039999999999054,0
2214750,0.0025000000000545,0
2214780,0.0045000000000072,0
2214810,0.0055000000000291,0
2214840,0.0035000000000763,0
2214870,0.0054999999998472,0
2214900,0.0035000000000763,0
2214930,0.0069999999999708,0
2214960,0.0025000000000545,0
2214990,0.0060000000003128,0
2215020,0.0045000000000982,0
2215050,0.0034999999998944,0
2215080,0.0045000000000982,0
2215110,0.0049999999999272,0
2215140,0.0045000000000072,0
2215170,0.0049999999998362,0
2215200,0.0035000000000763,0
2215230,0.00600000000004,0
2215260,0.0034999999999854,0
2215290,0.0050000000000181,0
2215320,0.0044999999999163,0
2215350,0.00600000000004,0
2215380,0.0039999999999963,0
2215410,0.0089999999998326,0
2215440,0.0040000000000873,0
2215470,0.0075000000000727,0
2215500,0.0025000000000545,0
2215530,0.0089999999999236,0
2215560,0.0049999999999272,0
2215590,0.0045000000000982,0
2215620,0.0049999999998362,0
2215650,0.0059999999998581,0
2215680,0.0040000000000873,0
2215710,0.0080000000000836,0
2215740,0.0040000000000873,0
2215770,0.0039999999999054,0
2215800,0.0034999999999854,0
2215830,0.0055000000000291,0
2215860,0.0055000000000291,0
2215890,0.0054999999999381,0
2215920,0.0045000000000072,0
2215950,0.0030000000000654,0
2215980,0.0039999999999963,0
2216010,0.0055000000000291,0
2216040,0.0044999999998253,0
2216070,0.0045000000001891,0
2216100,0.0040000000000873,0
2216130,0.006499999999869,0
2216160,0.0049999999998362,0
2216190,0.0030000000000654,0
2216220,0.0034999999998944,0
2216250,0.0074999999997999,0
2216280,0.0060000000001309,0
2216310,0.0055000000000291,0
2216340,0.0040000000000873,0
2216370,0.0075000000001637,0
2216400,0.0029999999998835,0
2216430,0.0080000000002655,0
2216460,0.0054999999999381,0
2216490,0.0074999999998908,0
2216520,0.0044999999999163,0
2216550,0.0065000000000509,0
2216580,0.0069999999997889,0
2216610,0.0054999999999381,0
2216640,0.0045000000000072,0
2216670,0.0069999999998799,0
2216700,0.0055000000000291,0
2216730,0.0050000000001091,0
2216760,0.0034999999998944,0
2216790,0.0055000000000291,0
2216820,0.0055000000000291,0
2216850,0.0050000000000181,0
2216880,0.0055000000000291,0
2216910,0.0070000000000618,0
2216940,0.00600000000004,0
2216970,0.0069999999997889,0
2217000,0.0065000000000509,0
2217030,0.0085000000000036,0
2217060,0.0074999999998908,0
2217090,0.0075000000000727,0
2217120,0.0060000000001309,0
2217150,0.0065000000000509,0
2217180,0.0044999999998253,0
2217210,0.0070000000000618,0
2217240,0.0070000000001527,0
2217270,0.0049999999998362,0
2217300,0.0050000000001091,0
2217330,0.0069999999999708,0
2217360,0.0079999999999927,0
2217390,0.0045000000001891,0
2217420,0.0049999999999272,0
2217450,0.0080000000000836,0
2217480,0.0055000000000291,0
2217510,0.0059999999998581,0
2217540,0.0045000000000982,0
2217570,0.0079999999998108,0
2217600,0.0040000000000873,0
2217630,0.0069999999999708,0
2217660,0.0050000000002,0
2217690,0.0079999999997198,0
2217720,0.0054999999999381,0
2217750,0.0065000000001418,0
2217780,0.0040000000000873,0
2217810,0.0049999999999272,0
2217840,0.0045000000000072,0
2217870,0.0055000000000291,0
2217900,0.0054999999999381,0
2217930,0.005500000000211,0
2217960,0.0069999999998799,0
2217990,0.0065000000002328,0
2218020,0.0054999999999381,0
2218050,0.0075000000000727,0
2218080,0.00550000000012,0
2218110,0.0089999999997417,0
2218140,0.0040000000000873,0
2218170,0.0050000000000181,0
2218200,0.0050000000001091,0
2218230,0.006999999999698,0
2218260,0.0060000000001309,0
2218290,0.0069999999999708,0
2218320,0.00600000000004,0
2218350,0.0079999999999017,0
2218380,0.0060000000001309,0
2218410,0.0069999999998799,0
2218440,0.0050000000000181,0
2218470,0.0080000000000836,0
2218500,0.00600000000004,0
2218530,0.0064999999999599,0
2218560,0.0065000000002328,0
2218590,0.0050000000001091,0
2218620,0.00550000000012,0
2218650,0.006999999999698,0
2218680,0.0055000000000291,0
2218710,0.0065000000000509,0
2218740,0.0040000000000873,0
2218770,0.0174999999999272,0
2218800,0.0045000000000072,0
2218830,0.0070000000001527,0
2218860,0.0034999999999854,0
2218890,0.0059999999998581,0
2218920,0.0050000000001091,0
2218950,0.0055000000000291,0
2218980,0.0050000000000181,0
2219010,0.0064999999999599,0
2219040,0.0045000000000072,0
2219070,0.0065000000000509,0
2219100,0.0060000000002219,0
2219130,0.0094999999999345,0
2219160,0.0035000000000763,0
2219190,0.0074999999999818,0
2219220,0.0049999999999272,0
2219250,0.0070000000000618,0
2219280,0.0045000000002801,0
2219310,0.005999999999949,0
2219340,0.0070000000001527,0
2219370,0.0049999999999272,0
2219400,0.0045000000000982,0
2219430,0.0055000000000291,0
2219460,0.0049999999999272,0
2219490,0.00600000000004,0
2219520,0.00550000000012,0
2219550,0.0079999999999017,0
2219580,0.0065000000000509,0
2219610,0.0044999999997344,0
2219640,0.0045000000000072,0
2219670,0.0069999999999708,0
2219700,0.0050000000001091,0
2219730,0.0070000000001527,0
2219760,0.0069999999999708,0
2219790,0.0054999999999381,0
2219820,0.0059999999998581,0
2219850,0.0039999999999963,0
2219880,0.0040000000000873,0
2219910,0.0074999999999818,0
2219940,0.0054999999999381,0
2219970,0.0064999999999599,0
2220000,0.0064999999999599,0
2220030,0.0065000000000509,0
2220060,0.0039999999998144,0
2220090,0.0075000000002546,0
2220120,0.00550000000012,0
2220150,0.0044999999999163,0
2220180,0.0034999999998035,0
2220210,0.0080000000001746,0
2220240,0.0044999999999163,0
2220270,0.0060000000001309,0
2220300,0.0054999999998472,0
2220330,0.0064999999999599,0
2220360,0.0049999999999272,0
2220390,0.005999999999949,0
2220420,0.0055000000000291,0
2220450,0.0050000000001091,0
2220480,0.0045000000000072,0
2220510,0.0084999999998217,0
2220540,0.0050000000000181,0
2220570,0.0049999999999272,0
2220600,0.0045000000000072,0
2220630,0.0069999999999708,0
2220660,0.00550000000012,0
2220690,0.006999999999698,0
2220720,0.0025000000000545,0
2220750,0.0060000000001309,0
2220780,0.0039999999998144,0
2220810,0.0049999999999272,0
2220840,0.0040000000000873,0
2220870,0.0049999999999272,0
2220900,0.0039999999999054,0
2220930,0.0050000000000181,0
2220960,0.0079999999998108,0
2220990,0.0039999999999963,0
2221020,0.0049999999998362,0
2221050,0.0045000000000982,0
2221080,0.0050000000002,0
2221110,0.005999999999949,0
2221140,0.0050000000001091,0
2221170,0.0080000000002655,0
2221200,0.0054999999998472,0
2221230,0.0079999999999927,0
2221260,0.0055000000000291,0
2221290,0.0074999999998908,0
2221320,0.0045000000000072,0
2221350,0.0080000000001746,0
2221380,0.0050000000001091,0
2221410,0.0054999999998472,0
2221440,0.0044999999999163,0
2221470,0.0045000000000072,0
2221500,0.0045000000000072,0
2221530,0.00600000000004,0
2221560,0.0039999999999963,0
2221590,0.0049999999998362,0
2221620,0.0034999999999854,0
2221650,0.0080000000000836,0
2221680,0.0044999999997344,0
2221710,0.0044999999999163,0
2221740,0.005000000000291,0
2221770,0.0074999999999818,0
2221800,0.0034999999999854,0
2221830,0.0109999999999672,0
2221860,0.0034999999999854,0
2221890,0.0045000000000982,0
2221920,0.0034999999998944,0
2221950,0.0080000000001746,0
2221980,0.0034999999998944,0
2222010,0.0054999999998472,0
2222040,0.0050000000002,0
2222070,0.0039999999999054,0
2222100,0.0045000000000072,0
2222130,0.0045000000000982,0
2222160,0.0050000000000181,0
2222190,0.0075000000000727,0
2222220,0.0050000000001091,0
2222250,0.0054999999999381,0
2222280,0.0029999999998835,0
2222310,0.0065000000001418,0
2222340,0.00550000000012,0
2222370,0.005999999999949,0
2222400,0.0034999999999854,0
2222430,0.0064999999999599,0
2222460,0.0054999999999381,0
2222490,0.0045000000001891,0
2222520,0.0054999999998472,0
2222550,0.0039999999998144,0
2222580,0.0029999999999745,0
2222610,0.0045000000000982,0
2222640,0.0044999999999163,0
2222670,0.00600000000004,0
2222700,0.0030000000000654,0
2222730,0.0055000000000291,0
2222760,0.0039999999999054,0
2222790,0.0065000000003237,0
2222820,0.0039999999999963,0
2222850,0.006499999999778,0
2222880,0.0040000000000873,0
2222910,0.0074999999998908,0
2222940,0.0044999999999163,0
2222970,0.0054999999999381,0
2223000,0.0045000000000072,0
2223030,0.00600000000004,0
2223060,0.0060000000001309,0
2223090,0.0075000000000727,0
2223120,0.005999999999949,0
2223150,0.00600000000004,0
2223180,0.0030000000000654,0
2223210,0.0069999999997889,0
2223240,0.0040000000001782,0
2223270,0.0070000000000618,0
2223300,0.0054999999999381,0
2223330,0.0069999999998799,0
2223360,0.0045000000000072,0
2223390,0.00550000000012,0
2223420,0.0039999999999054,0
2223450,0.0059999999995852,0
2223480,0.00550000000012,0
2223510,0.0074999999999818,0
2223540,0.0054999999999381,0
2223570,0.0065000000001418,0
2223600,0.0029999999999745,0
2223630,0.0109999999997853,0
2223660,0.0040000000000873,0
2223690,0.0045000000000982,0
2223720,0.0039999999998144,0
2223750,0.0065000000002328,0
2223780,0.0049999999999272,0
2223810,0.0070000000002437,0
2223840,0.0074999999999818,0
2223870,0.0044999999999163,0
2223900,0.0049999999999272,0
2223930,0.00550000000012,0
2223960,0.0035000000002582,0
2223990,0.0039999999999963,0
2224020,0.0049999999999272,0
2224050,0.0054999999999381,0
2224080,0.0029999999999745,0
2224110,0.0085000000000945,0
2224140,0.0049999999999272,0
2224170,0.0080000000000836,0
2224200,0.0044999999999163,0
2224230,0.0060000000002219,0
2224260,0.0065000000001418,0
2224290,0.0039999999999054,0
2224320,0.0030000000000654,0
2224350,0.0069999999999708,0
2224380,0.0034999999997126,0
2224410,0.00550000000012,0
2224440,0.0025000000000545,0
2224470,0.0055000000000291,0
2224500,0.0040000000000873,0
2224530,0.0090000000000145,0
2224560,0.0050000000000181,0
2224590,0.0064999999999599,0
2224620,0.0039999999999963,0
2224650,0.0045000000000072,0
2224680,0.0045000000001891,0
2224710,0.0049999999999272,0
2224740,0.0034999999999854,0
2224770,0.0049999999999272,0
2224800,0.0035000000000763,0
2224830,0.0059999999998581,0
2224860,0.0045000000000982,0
2224890,0.0060000000001309,0
2224920,0.0050000000001091,0
2224950,0.0050000000000181,0
2224980,0.0044999999998253,0
2225010,0.0069999999999708,0
2225040,0.0039999999999054,0
2225070,0.0079999999999017,0
2225100,0.0050000000001091,0
2225130,0.0055000000000291,0
2225160,0.0055000000000291,0
2225190,0.0050000000001091,0
2225220,0.0044999999998253,0
2225250,0.0065000000002328,0
2225280,0.0049999999999272,0
2225310,0.0065000000000509,0
2225340,0.0045000000000072,0
2225370,0.0044999999998253,0
2225400,0.0050000000000181,0
2225430,0.0090000000001964,0
2225460,0.0050000000000181,0
2225490,0.00550000000012,0
2225520,0.0054999999999381,0
2225550,0.0079999999998108,0
2225580,0.0055000000000291,0
2225610,0.0095000000002073,0
2225640,0.0065000000000509,0
2225670,0.0049999999998362,0
2225700,0.0059999999998581,0
2225730,0.0040000000000873,0
2225760,0.0054999999999381,0
2225790,0.00550000000012,0
2225820,0.0054999999999381,0
2225850,0.00600000000004,0
2225880,0.0044999999999163,0
2225910,0.0054999999999381,0
2225940,0.0039999999999963,0
2225970,0.0075000000000727,0
2226000,0.0045000000000982,0
2226030,0.0065000000001418,0
2226060,0.0044999999996434,0
2226090,0.0055000000000291,0
2226120,0.0064999999999599,0
2226150,0.0040000000001782,0
2226180,0.006499999999869,0
2226210,0.0075000000000727,0
2226240,0.0050000000001091,0
2226270,0.0065000000000509,0
2226300,0.0050000000001091,0
2226330,0.0079999999996289,0
2226360,0.0055000000003019,0
2226390,0.0064999999999599,0
2226420,0.0049999999999272,0
2226450,0.0069999999999708,0
2226480,0.0025000000000545,0
2226510,0.00600000000004,0
2226540,0.0049999999998362,0
2226570,0.0065000000003237,0
2226600,0.0044999999999163,0
2226630,0.0059999999998581,0
2226660,0.0055000000000291,0
2226690,0.0054999999998472,0
2226720,0.005999999999949,0
2226750,0.0069999999997889,0
2226780,0.0070000000000618,0
2226810,0.0070000000000618,0
2226840,0.0049999999998362,0
2226870,0.0070000000001527,0
2226900,0.00600000000004,0
2226930,0.0075000000000727,0
2226960,0.0069999999999708,0
2226990,0.0050000000000181,0
2227020,0.0060000000001309,0
2227050,0.0044999999997344,0
2227080,0.006499999999778,0
2227110,0.0065000000000509,0
2227140,0.0039999999999963,0
2227170,0.0075000000000727,0
2227200,0.0035000000001673,0
2227230,0.0054999999999381,0
2227260,0.0044999999996434,0
2227290,0.0069999999998799,0
2227320,0.0074999999999818,0
2227350,0.0054999999999381,0
2227380,0.0039999999998144,0
2227410,0.0075000000000727,0
2227440,0.0040000000000873,0
2227470,0.0085000000000036,0
2227500,0.0044999999999163,0
2227530,0.0064999999999599,0
2227560,0.00550000000012,0
2227590,0.0065000000001418,0
2227620,0.0069999999998799,0
2227650,0.0074999999998908,0
2227680,0.0039999999999054,0
2227710,0.0059999999998581,0
2227740,0.0050000000000181,0
2227770,0.0054999999999381,0
2227800,0.0050000000000181,0
2227830,0.0064999999999599,0
2227860,0.005500000000211,0
2227890,0.0064999999999599,0
2227920,0.0045000000000072,0
2227950,0.0050000000000181,0
2227980,0.0054999999998472,0
2228010,0.005999999999949,0
2228040,0.0065000000000509,0
2228070,0.0069999999999708,0
2228100,0.0049999999999272,0
2228130,0.0074999999999818,0
2228160,0.0074999999998908,0
2228190,0.0049999999998362,0
2228220,0.0045000000000072,0
2228250,0.0065000000000509,0
2228280,0.00550000000012,0
2228310,0.0079999999997198,0
2228340,0.0050000000001091,0
2228370,0.0070000000000618,0
2228400,0.0035000000001673,0
2228430,0.0074999999997089,0
2228460,0.005999999999949,0
2228490,0.00600000000004,0
2228520,0.0065000000001418,0
2228550,0.0049999999999272,0
2228580,0.0050000000001091,0
2228610,0.005999999999949,0
2228640,0.0039999999997235,0
2228670,0.0050000000001091,0
2228700,0.005999999999949,0
2228730,0.0080000000000836,0
2228760,0.0040000000001782,0
2228790,0.006499999999778,0
2228820,0.0034999999998944,0
2228850,0.0039999999999963,0
2228880,0.0034999999999854,0
2228910,0.005999999999949,0
2228940,0.006499999999778,0
2228970,0.0045000000001891,0
2229000,0.0050000000001091,0
2229030,0.0084999999999126,0
2229060,0.0065000000000509,0
2229090,0.0070000000000618,0
2229120,0.0050000000000181,0
2229150,0.0054999999999381,0
2229180,0.0030000000000654,0
2229210,0.00600000000004,0
2229240,0.0054999999998472,0
2229270,0.0034999999999854,0
2229300,0.0054999999998472,0
2229330,0.0050000000000181,0
2229360,0.0039999999999963,0
2229390,0.0044999999999163,0
2229420,0.0045000000000072,0
2229450,0.00550000000012,0
2229480,0.0044999999999163,0
2229510,0.005999999999949,0
2229540,0.0045000000001891,0
2229570,0.0069999999998799,0
2229600,0.0049999999999272,0
2229630,0.0074999999999818,0
2229660,0.0039999999999054,0
2229690,0.0055000000000291,0
2229720,0.0045000000000982,0
2229750,0.0045000000000982,0
2229780,0.0054999999999381,0
2229810,0.0059999999997671,0
2229840,0.0029999999999745,0
2229870,0.0050000000000181,0
2229900,0.0035000000000763,0
2229930,0.0089999999999236,0
2229960,0.0054999999999381,0
2229990,0.0060000000001309,0
2230020,0.0045000000000072,0
2230050,0.0060000000002219,0
2230080,0.0049999999997453,0
2230110,0.0059999999998581,0
2230140,0.0045000000001891,0
2230170,0.00550000000012,0
2230200,0.0045000000000982,0
2230230,0.0044999999999163,0
2230260,0.0060000000001309,0
2230290,0.0050000000001091,0
2230320,0.0029999999997926,0
2230350,0.0030000000000654,0
2230380,0.0039999999999963,0
2230410,0.0050000000000181,0
2230440,0.0064999999999599,0
2230470,0.0044999999998253,0
2230500,0.0030000000001564,0
2230530,0.0034999999999854,0
2230560,0.0044999999998253,0
2230590,0.0070000000001527,0
2230620,0.0054999999999381,0
2230650,0.0044999999999163,0
2230680,0.0034999999999854,0
2230710,0.1965000000001964,0
2230740,0.0034999999998944,0
2230770,0.0049999999999272,0
2230800,0.0034999999999854,0
2230830,0.0090000000001964,0
2230860,0.0039999999999054,0
2230890,0.0054999999997562,0
2230920,0.0050000000001091,0
2230950,0.0049999999998362,0
2230980,0.0045000000000072,0
2231010,0.0064999999999599,0
2231040,0.0034999999998035,0
2231070,0.0060000000001309,0
2231100,0.0054999999999381,0
2231130,0.0295000000000072,0
2231160,0.1464999999999236,0
2231190,0.0039999999999963,0
2231220,0.0035000000000763,0
2231250,0.0039999999999963,0
2231280,0.0045000000000072,0
2231310,0.0050000000002,0
2231340,0.0039999999999054,0
2231370,0.0119999999998071,0
2231400,0.099000000000251,0
2231430,0.1420000000001892,0
2231460,0.1854999999998654,0
2231490,0.2739999999999782,0
2231520,0.2429999999999381,0
2231550,0.2345000000001164,0
2231580,0.3160000000000764,0
2231610,0.4780000000003383,0
2231640,0.2705000000003565,0
2231670,0.3294999999999163,0
2231700,0.1820000000000618,0
2231730,0.1900000000001455,0
2231760,0.0149999999997817,0
2231790,0.0094999999999345,0
2231820,0.0279999999999745,0
2231850,0.2109999999999672,0
2231880,0.1844999999999345,0
2231910,0.0795000000000982,0
2231940,0.036500000000251,0
2231970,0.0430000000000291,0
2232000,0.0494999999998981,0
2232030,0.0629999999999199,0
2232060,0.0690000000001418,0
2232090,0.0734999999999672,0
2232120,0.0870000000002619,0
2232150,0.086999999999989,0
2232180,0.0594999999999345,0
2232210,0.4204999999999927,0
2232240,0.2615000000000691,0
2232270,0.1079999999997198,0
2232300,0.4410000000002583,0
2232330,0.1514999999998508,0
2232360,0.0420000000000072,0
2232390,0.1220000000000254,0
2232420,0.1079999999999017,0
2232450,0.4589999999999237,0
2232480,0.09950000000008,0
2232510,0.3175000000002001,0
2232540,0.1170000000000072,0
2232570,0.2535000000002583,0
2232600,0.0734999999999672,0
2232630,0.20600000000004,0
2232660,0.1284999999999854,0
2232690,0.0149999999998726,0
2232720,0.0074999999999818,0
2232750,0.0079999999997198,0
2232780,0.1445000000002437,0
2232810,0.1094999999997526,0
2232840,0.0134999999999308,0
2232870,0.0075000000000727,0
2232900,0.00600000000004,0
2232930,0.0059999999998581,0
2232960,0.00600000000004,0
2232990,0.0105000000000472,0
2233020,0.0074999999997999,0
2233050,0.00550000000012,0
2233080,0.00600000000004,0
2233110,0.0090000000000145,0
2233140,0.006499999999778,0
2233170,0.1319999999999709,0
2233200,0.1125000000002728,0
2233230,0.0270000000001346,0
2233260,0.0084999999998217,0
2233290,0.00600000000004,0
2233320,0.0065000000001418,0
2233350,0.0094999999999345,0
2233380,0.0065000000000509,0
2233410,0.0099999999999454,0
2233440,0.0095000000000254,0
2233470,0.0094999999999345,0
2233500,0.0075000000001637,0
2233530,0.01150000000016,0
2233560,0.1324999999998908,0
2233590,0.1345000000000254,0
2233620,0.011999999999989,0
2233650,0.0079999999999927,0
2233680,0.2410000000000764,0
2233710,0.0615000000000691,0
2233740,0.0984999999999672,0
2233770,0.1335000000000036,0
2233800,0.10600000000004,0
2233830,0.0410000000000764,0
2233860,0.1385000000001127,0
2233890,0.061999999999989,0
2233920,0.0089999999998326,0
2233950,0.0175000000000181,0
2233980,0.0090000000000145,0
2234010,0.0185000000001309,0
2234040,0.0144999999999527,0
2234070,0.0099999999998544,0
2234100,0.0729999999999563,0
2234130,0.12400000000016,0
2234160,0.0215000000000145,0
2234190,0.2235000000001491,0
2234220,0.1405000000001564,0
2234250,0.0099999999999454,0
2234280,0.0119999999998071,0
2234310,0.0220000000000254,0
2234340,0.0200000000001637,0
2234370,0.0305000000000291,0
2234400,0.031499999999869,0
2234430,0.0649999999999636,0
2234460,0.1309999999997672,0
2234490,0.02450000000008,0
2234520,0.0135000000002037,0
2234550,0.0129999999999199,0
2234580,0.0215000000000145,0
2234610,0.0399999999998726,0
2234640,0.0295000000000982,0
2234670,0.056999999999698,0
2234700,0.1160000000000764,0
2234730,0.0134999999998399,0
2234760,0.018499999999949,0
2234790,0.0224999999998544,0
2234820,0.0269999999999527,0
2234850,0.0309999999997671,0
2234880,0.2394999999997708,0
2234910,0.1229999999999563,0
2234940,0.0074999999999818,0
2234970,0.0230000000001382,0
2235000,0.0225000000001273,0
2235030,0.0255000000001018,0
2235060,0.0215000000001055,0
2235090,0.2305000000000291,0
2235120,0.1864999999997962,0
2235150,0.0190000000000509,0
2235180,0.0110000000001491,0
2235210,0.0089999999997417,0
2235240,0.0144999999999527,0
2235270,0.0155000000000654,0
2235300,0.0164999999999054,0
2235330,0.0664999999999963,0
2235360,0.12400000000016,0
2235390,0.0490000000000691,0
2235420,0.0134999999999308,0
2235450,0.0319999999999709,0
2235480,0.2329999999998108,0
2235510,0.1169999999999163,0
2235540,0.0110000000001491,0
2235570,0.0129999999999199,0
2235600,0.0115000000000691,0
2235630,0.0095000000000254,0
2235660,0.0134999999998399,0
2235690,0.0164999999999963,0
2235720,0.2460000000000946,0
2235750,0.1074999999999818,0
2235780,0.0104999999999563,0
2235810,0.0150000000001455,0
2235840,0.0074999999998908,0
2235870,0.0089999999999236,0
2235900,0.0115000000000691,0
2235930,0.0134999999999308,0
2235960,0.2409999999999855,0
2235990,0.1110000000000582,0
2236020,0.0140000000003965,0
2236050,0.2550000000002001,0
2236080,0.0929999999998472,0
2236110,0.0764999999998508,0
2236140,0.1220000000001164,0
2236170,0.0229999999999563,0
2236200,0.0219999999999345,0
2236230,0.0255000000001018,0
2236260,0.0250000000000909,0
2236290,0.0235000000000582,0
2236320,0.0194999999999708,0
2236350,0.0184999999997671,0
2236380,0.01850000000004,0
2236410,0.0215000000001055,0
2236440,0.2219999999996617,0
2236470,0.1519999999998617,0
2236500,0.0149999999999636,0
2236530,0.0184999999998581,0
2236560,0.0254999999999199,0
2236590,0.0329999999999927,0
2236620,0.0294999999999163,0
2236650,0.0200000000001637,0
2236680,0.0310000000001309,0
2236710,0.0385000000001127,0
2236740,0.031499999999869,0
2236770,0.024499999999989,0
2236800,0.0330000000001746,0
2236830,0.0410000000001673,0
2236860,0.037499999999909,0
2236890,0.0419999999999163,0
2236920,0.0334999999999126,0
2236950,0.0335000000000945,0
2236980,0.0269999999998617,0
2237010,0.0389999999998508,0
2237040,0.0414999999998144,0
2237070,0.0484999999998763,0
2237100,0.2349999999999454,0
2237130,0.1075000000002546,0
2237160,0.0164999999999054,0
2237190,0.0175000000001091,0
2237220,0.0135000000000218,0
2237250,0.0195000000000618,0
2237280,0.0114999999999781,0
2237310,0.0155000000000654,0
2237340,0.0164999999998144,0
2237370,0.0220000000000254,0
2237400,0.2625000000001819,0
2237430,0.1405000000000655,0
2237460,0.0579999999999017,0
2237490,0.0550000000000181,0
2237520,0.0265000000000327,0
2237550,0.2169999999999163,0
2237580,0.2600000000000363,0
2237610,0.0485000000000582,0
2237640,0.0305000000000291,0
2237670,0.1470000000001164,0
2237700,0.1794999999999163,0
2237730,0.018999999999869,0
2237760,0.0114999999997962,0
2237790,0.0104999999999563,0
2237820,0.0094999999999345,0
2237850,0.0105000000001382,0
2237880,0.0125000000000909,0
2237910,0.1175000000001091,0
2237940,0.3534999999999854,0
2237970,0.1450000000000727,0
2238000,0.0309999999997671,0
2238030,0.0174999999999272,0
2238060,0.0070017504374893,0
2238090,0.2354999999999563,0
2238120,0.12400000000016,0
2238150,0.0214999999999236,0
2238180,0.0074999999998908,0
2238210,0.2470000000000254,0
2238240,0.1659999999998944,0
2238270,0.0089999999999236,0
2238300,0.0069999999999708,0
2238330,0.0069999999999708,0
2238360,0.2350000000000364,0
2238390,0.0649999999998726,0
2238420,0.2209999999998217,0
2238450,0.1059999999998581,0
2238480,0.0054999999999381,0
2238510,0.0095000000000254,0
2238540,0.0074999999999818,0
2238570,0.0054999999998472,0
2238600,0.1594999999998436,0
2238630,0.2159999999999854,0
2238660,0.0265000000000327,0
2238690,0.2119999999999891,0
2238720,0.3239999999998872,0
2238750,0.0245000000001709,0
2238780,0.0110000000001491,0
2238810,0.0994999999998072,0
2238840,0.2150000000002365,0
2238870,0.1345000000001164,0
2238900,0.0225000000001273,0
2238930,0.1094999999999345,0
2238960,0.1205000000000836,0
2238990,0.0679999999998472,0
2239020,0.1144999999999527,0
2239050,0.0839999999998326,0
2239080,0.1050000000001091,0
2239110,0.0285000000000763,0
2239140,0.0169999999998253,0
2239170,0.2489999999999781,0
2239200,0.1594999999999345,0
2239230,0.0195000000002437,0
2239260,0.0095000000001164,0
2239290,0.0390000000001237,0
2239320,0.21850000000004,0
2239350,0.1345000000001164,0
2239380,0.0265000000000327,0
2239410,0.0159999999999854,0
2239440,0.2325000000002546,0
2239470,0.1479999999999564,0
2239500,0.0819999999999709,0
2239530,0.0350000000000363,0
2239560,0.0300000000000181,0
2239590,0.0279999999998835,0
2239620,0.1249999999997271,0
2239650,0.1939999999999599,0
2239680,0.0399999999998726,0
2239710,0.0314999999999599,0
2239740,0.05550000000012,0
2239770,0.3185000000000401,0
2239800,0.1920000000000072,0
2239830,0.0150000000001455,0
2239860,0.0105000000002291,0
2239890,0.0099999999999454,0
2239920,0.0079999999999927,0
2239950,0.005999999999949,0
2239980,0.1275000000001455,0
2240010,0.11150000000016,0
2240040,0.0095000000002073,0
2240070,0.0100000000002182,0
2240100,0.0129999999999199,0
2240130,0.0050000000000181,0
2240160,0.0100000000002182,0
2240190,0.0074999999999818,0
2240220,0.0104999999999563,0
2240250,0.0074999999999818,0
2240280,0.1370000000001709,0
2240310,0.1360000000001491,0
2240340,0.0204999999999927,0
2240370,0.0109999999997853,0
2240400,0.0105000000000472,0
2240430,0.0075000000000727,0
2240460,0.2350000000000364,0
2240490,0.1059999999998581,0
2240520,0.0080000000000836,0
2240550,0.2419999999997344,0
2240580,0.1605000000001382,0
2240610,0.0104999999999563,0
2240640,0.0244999999998981,0
2240670,0.2414999999999963,0
2240700,0.1080000000002655,0
2240730,0.0104999999998653,0
2240760,0.0145000000002255,0
2240790,0.0259999999999308,0
2240820,0.19300000000012,0
2240850,0.0695000000002437,0
2240880,0.0099999999997635,0
2240910,0.0120000000002619,0
2240940,0.0124999999999999,0
2240970,0.0135000000001127,0
2241000,0.0119999999998071,0
2241030,0.0129999999999199,0
2241060,0.0094999999999345,0
2241090,0.0164999999999963,0
2241120,0.0134999999997489,0
2241150,0.0125000000000909,0
2241180,0.0134999999997489,0
2241210,0.2329999999999017,0
2241240,0.106499999999869,0
2241270,0.0134999999999308,0
2241300,0.2280000000001564,0
2241330,0.1375000000003638,0
2241360,0.0094999999998435,0
2241390,0.0075000000000727,0
2241420,0.0084999999998217,0
2241450,0.1380000000000109,0
2241480,0.1020000000001346,0
2241510,0.2525000000001455,0
2241540,0.1345000000002073,0
2241570,0.0945000000001528,0
2241600,0.0859999999998763,0
2241630,0.2129999999999199,0
2241660,0.0840000000000145,0
2241690,0.0104999999999563,0
2241720,0.01200000000008,0
2241750,0.0204999999998108,0
2241780,0.2329999999998108,0
2241810,0.1319999999999709,0
2241840,0.180999999999949,0
2241870,0.0880000000001018,0
2241900,0.1289999999998144,0
2241930,0.0274999999996907,0
2241960,0.0490000000000691,0
2241990,0.0159999999998944,0
2242020,0.0140000000001236,0
2242050,0.0109999999999672,0
2242080,0.0094999999997526,0
2242110,0.0095000000000254,0
2242140,0.0124999999999999,0
2242170,0.0134999999998399,0
2242200,0.0165000000000873,0
2242230,0.0160000000001673,0
2242260,0.01200000000008,0
2242290,0.2385000000000218,0
2242320,0.0465000000001055,0
2242350,0.1829999999998108,0
2242380,0.1445000000001528,0
2242410,0.0140000000001236,0
2242440,0.0550000000002,0
2242470,0.1129999999999199,0
2242500,0.0494999999998981,0
2242530,0.0085000000000945,0
2242560,0.0119999999997162,0
2242590,0.0479928010797034,0
2242620,0.19950000000008,0
2242650,0.0869999999999891,0
2242680,0.0139999999997598,0
2242710,0.0280000000001564,0
2242740,0.2285000000001673,0
2242770,0.1134999999999308,0
2242800,0.1320000000000618,0
2242830,0.1275000000000546,0
2242860,0.0184999999998581,0
2242890,0.0090000000001055,0
2242920,0.212000000000171,0
2242950,0.1739999999998872,0
2242980,0.0294999999999163,0
2243010,0.1735000000000582,0
2243040,0.1470000000001164,0
2243070,0.0179999999999381,0
2243100,0.0650000000001455,0
2243130,0.2125000000000909,0
2243160,0.0630000000000109,0
2243190,0.012999999999829,0
2243220,0.0135000000000218,0
2243250,0.0480000000000472,0
2243280,0.1300000000000182,0
2243310,0.0744999999997162,0
2243340,0.0155000000000654,0
2243370,0.011999999999989,0
2243400,0.0199999999998908,0
2243430,0.0175000000000181,0
2243460,0.01150000000016,0
2243490,0.0164999999997235,0
2243520,0.0225000000002182,0
2243550,0.0169999999997344,0
2243580,0.02450000000008,0
2243610,0.0249999999998181,0
2243640,0.0210000000000945,0
2243670,0.01200000000008,0
2243700,0.0184999999997671,0
2243730,0.1885000000001128,0
2243760,0.1154999999999745,0
2243790,0.0444999999999708,0
2243820,0.3090000000001965,0
2243850,0.0274999999999636,0
2243880,0.0690000000001418,0
2243910,0.0434999999998581,0
2243940,0.0355000000000473,0
2243970,0.08050000000012,0
2244000,0.1075000000001637,0
2244030,0.0625000000001819,0
2244060,0.0785000000001673,0
2244090,0.0659999999999854,0
2244120,0.0699999999999818,0
2244150,0.0629999999999199,0
2244180,0.06800000000012,0
2244210,0.0840000000000145,0
2244240,0.0770000000001346,0
2244270,0.0605000000000473,0
2244300,0.0720000000000254,0
2244330,0.0694999999999709,0
2244360,0.0949999999999818,0
2244390,0.0899999999999636,0
2244420,0.0765000000000327,0
2244450,0.1474999999999454,0
2244480,0.1190000000002328,0
2244510,0.0614999999999781,0
2244540,0.0895000000000436,0
2244570,0.1744999999998981,0
2244600,0.0654999999997926,0
2244630,0.1174999999999272,0
2244660,0.0940000000000509,0
2244690,0.0720000000000254,0
2244720,0.0850000000001273,0
2244750,0.1484999999996034,0
2244780,0.0829999999998108,0
2244810,0.0994999999998981,0
2244840,0.1025000000000545,0
2244870,0.0790000000000873,0
2244900,0.1079999999999927,0
2244930,0.228522852285123,0
2244960,0.0954999999999927,0
2244990,0.0105000000002291,0
2245020,0.1000000000000909,0
2245050,0.2139999999999418,0
2245080,0.1070000000002437,0
2245110,0.0105000000001382,0
2245140,0.1644999999999527,0
2245170,0.0315000000002328,0
2245200,0.03100000000004,0
2245230,0.0739999999999781,0
2245260,0.0289999999998144,0
2245290,0.0515000000000327,0
2245320,0.0554999999999381,0
2245350,0.1150000000001455,0
2245380,0.0494999999998981,0
2245410,0.0420000000001891,0
2245440,0.0794999999997344,0
2245470,0.0810000000001309,0
2245500,0.086999999999989,0
2245530,0.0684999999997671,0
2245560,0.0659999999999854,0
2245590,0.0539999999998144,0
2245620,0.0665000000000873,0
2245650,0.0465000000001964,0
2245680,0.0665000000001782,0
2245710,0.0529999999999745,0
2245740,0.0829999999999017,0
2245770,0.068499999999949,0
2245800,0.0675000000001091,0
2245830,0.0600000000001273,0
2245860,0.0695000000000618,0
2245890,0.0560000000001309,0
2245920,0.0695000000001528,0
2245950,0.1099999999998545,0
2245980,0.1725000000000363,0
2246010,0.06850000000004,0
2246040,0.2304999999999381,0
2246070,0.030999999999949,0
2246100,0.0219999999998435,0
2246130,0.0764999999999418,0
2246160,0.0345000000000254,0
2246190,0.0919999999998253,0
2246220,0.0600000000004001,0
2246250,0.0334999999999126,0
2246280,0.0630000000000109,0
2246310,0.0490000000000691,0
2246340,0.043499999999949,0
2246370,0.0455000000000836,0
2246400,0.0710000000001855,0
2246430,0.043499999999949,0
2246460,0.0690000000000509,0
2246490,0.0630000000000109,0
2246520,0.0485000000000582,0
2246550,0.0630000000001928,0
2246580,0.0479999999999563,0
2246610,0.081499999999778,0
2246640,0.075499999999829,0
2246670,0.0570000000002437,0
2246700,0.0729999999998654,0
2246730,0.0504999999999199,0
2246760,0.0675000000000181,0
2246790,0.067500000000291,0
2246820,0.0759999999999308,0
2246850,0.0710000000000946,0
2246880,0.1114999999998872,0
2246910,0.06150000000016,0
2246940,0.2165000000001782,0
2246970,0.036999999999989,0
2247000,0.0275000000002364,0
2247030,0.0905000000000654,0
2247060,0.0359999999999672,0
2247090,0.0720000000002073,0
2247120,0.0455000000002655,0
2247150,0.0349999999999454,0
2247180,0.0789999999999054,0
2247210,0.0550000000000181,0
2247240,0.0575000000001637,0
2247270,0.0444999999999708,0
2247300,0.0694999999999709,0
2247330,0.0769999999997708,0
2247360,0.0485000000001491,0
2247390,0.06200000000008,0
2247420,0.0509999999999308,0
2247450,0.0804999999998472,0
2247480,0.0545000000000982,0
2247510,0.0509999999999308,0
2247540,0.0800000000002001,0
2247570,0.1980000000001382,0
2247600,0.0835000000000945,0
2247630,0.2420000000000073,0
2247660,0.1054999999999381,0
2247690,0.0594999999999345,0
2247720,0.08149999999996,0
2247750,0.05600000000004,0
2247780,0.0379999999999199,0
2247810,0.0780000000001564,0
2247840,0.112499999999909,0
2247870,0.0530000000000654,0
2247900,0.0954999999997198,0
2247930,0.1019999999999527,0
2247960,0.0614999999997962,0
2247990,0.0994999999998981,0
2248020,0.0640000000000327,0
2248050,0.0765000000000327,0
2248080,0.2460000000000036,0
2248110,0.0950000000003456,0
2248140,0.019499999999789,0
2248170,0.0195000000001527,0
2248200,0.0664999999999963,0
2248230,0.0380000000001018,0
2248260,0.086500000000251,0
2248290,0.1020000000002255,0
2248320,0.0364999999998872,0
2248350,0.0585000000000036,0
2248380,0.0520000000001346,0
2248410,0.07450000000008,0
2248440,0.0699999999997089,0
2248470,0.0695000000001528,0
2248500,0.0600000000000363,0
2248530,0.0700000000001637,0
2248560,0.056499999999778,0
2248590,0.0659999999998945,0
2248620,0.2375,0
2248650,0.0510000000001127,0
2248680,0.2135000000000218,0
2248710,0.1334999999998217,0
2248740,0.2380000000001928,0
2248770,0.1604999999999563,0
2248800,0.0199999999998908,0
2248830,0.0224999999998544,0
2248860,0.024000000000251,0
2248890,0.0134999999998399,0
2248920,0.0225000000001273,0
2248950,0.0224999999998544,0
2248980,0.0175000000000181,0
2249010,0.2534999999999854,0
2249040,0.1420000000000073,0
2249070,0.2170000000000072,0
2249100,0.1695000000001528,0
2249130,0.1954999999998108,0
2249160,0.0789999999999054,0
2249190,0.0880000000001928,0
2249220,0.2505000000000109,0
2249250,0.1505000000001018,0
2249280,0.1404999999999745,0
2249310,0.149499999999989,0
2249340,0.3175000000002,0
2249370,0.4275000000001456,0
2249400,0.2405000000000655,0
2249430,0.0299999999999272,0
2249460,0.2919999999999163,0
2249490,0.2125,0
2249520,0.0270000000003165,0
2249550,0.0215000000000145,0
2249580,0.0204999999999927,0
2249610,0.3425000000001091,0
2249640,0.1264999999997599,0
2249670,0.1700000000000728,0
2249700,0.2610000000000582,0
2249730,0.2499999999999091,0
2249760,0.1919999999998254,0
2249790,0.1745000000003529,0
2249820,0.4405000000001565,0
2249850,0.2410000000000764,0
2249880,0.5884999999999309,0
2249910,0.1669999999999163,0
2249940,0.1555000000000291,0
2249970,0.0119999999998981,0
2250000,0.0089999999998326,0
2250030,0.1954999999999017,0
2250060,0.1905000000000654,0
2250090,0.1849999999999454,0
2250120,0.0869999999998072,0
2250150,0.0429999999999381,0
2250180,0.0420000000001891,0
2250210,0.0529999999998835,0
2250240,0.0675000000000182,0
2250270,0.0695000000001528,0
2250300,0.0670000000000982,0
2250330,0.0829999999999927,0
2250360,0.0869999999998072,0
2250390,0.06150000000016,0
2250420,0.4839999999999236,0
2250450,0.27549999999992,0
2250480,0.1270000000000436,0
2250510,0.4979999999997744,0
2250540,0.1489999999999781,0
2250570,0.0819999999999709,0
2250600,0.0480000000001382,0
2250630,0.1805000000000291,0
2250660,0.3170000000002802,0
2250690,0.09900000000016,0
2250720,0.230999999999949,0
2250750,0.0969999999999345,0
2250780,0.206499999999778,0
2250810,0.1205000000001746,0
2250840,0.0574999999997999,0
2250870,0.1170000000001891,0
2250900,0.0204999999999927,0
2250930,0.0070000000000618,0
2250960,0.0100000000000363,0
2250990,0.0274999999999636,0
2251020,0.1250000000001819,0
2251050,0.0505000000000109,0
2251080,0.0089999999999236,0
2251110,0.0064999999999599,0
2251140,0.0080000000000836,0
2251170,0.0079999999998108,0
2251200,0.0090000000001055,0
2251230,0.0064999999999599,0
2251260,0.0079999999999017,0
2251290,0.0080000000000836,0
2251320,0.0075000000002546,0
2251350,0.0040000000000873,0
2251380,0.0274999999999636,0
2251410,0.1419999999998253,0
2251440,0.0619999999998981,0
2251470,0.0105000000001382,0
2251500,0.0064999999999599,0
2251530,0.0090000000000145,0
2251560,0.0084999999999126,0
2251590,0.005999999999949,0
2251620,0.0069999999998799,0
2251650,0.0075000000002546,0
2251680,0.0064999999999599,0
2251710,0.0095000000001164,0
2251740,0.0070000000000618,0
2251770,0.030999999999949,0
2251800,0.13050000000012,0
2251830,0.0164999999998144,0
2251860,0.0095000000001164,0
2251890,0.2354999999999563,0
2251920,0.0595000000001164,0
2251950,0.1650000000002364,0
2251980,0.049999999999909,0
2252010,0.1270000000000436,0
2252040,0.0735000000000582,0
2252070,0.2069999999999709,0
2252100,0.1229999999996835,0
2252130,0.0110000000002401,0
2252160,0.0139999999999417,0
2252190,0.0125000000000909,0
2252220,0.0114999999999781,0
2252250,0.0159999999998944,0
2252280,0.0110000000001491,0
2252310,0.0454999999999017,0
2252340,0.1699999999997999,0
2252370,0.05550000000012,0
2252400,0.1585000000001855,0
2252430,0.1410000000000764,0
2252460,0.0134999999998399,0
2252490,0.0100000000000363,0
2252520,0.0220000000000254,0
2252550,0.02450000000008,0
2252580,0.0185000000001309,0
2252610,0.0349999999999454,0
2252640,0.0460000000001855,0
2252670,0.2174999999998363,0
2252700,0.0839999999998326,0
2252730,0.0090000000000145,0
2252760,0.0129999999999199,0
2252790,0.0215000000001055,0
2252820,0.0295000000000982,0
2252850,0.0295000000000072,0
2252880,0.0449999999999818,0
2252910,0.2450000000000727,0
2252940,0.0819999999999709,0
2252970,0.0249999999998181,0
2253000,0.0274999999999636,0
2253030,0.0255000000000109,0
2253060,0.0290000000000873,0
2253090,0.1360000000002401,0
2253120,0.1140000000000327,0
2253150,0.0140000000000327,0
2253180,0.0200000000000727,0
2253210,0.0234999999997853,0
2253240,0.0329999999999927,0
2253270,0.031999999999789,0
2253300,0.0644999999998617,0
2253330,0.1219999999998435,0
2253360,0.0244999999998981,0
2253390,0.0109999999999672,0
2253420,0.0105000000000472,0
2253450,0.0190000000001418,0
2253480,0.0159999999995307,0
2253510,0.0194999999999708,0
2253540,0.0224999999999454,0
2253570,0.2315000000000509,0
2253600,0.13650000000016,0
2253630,0.0100000000001273,0
2253660,0.0070000000001527,0
2253690,0.2385000000000218,0
2253720,0.1145000000001346,0
2253750,0.0155000000000654,0
2253780,0.0135000000002037,0
2253810,0.0134999999997489,0
2253840,0.0129999999999199,0
2253870,0.0119999999998071,0
2253900,0.0114999999999781,0
2253930,0.2224999999999454,0
2253960,0.118499999999949,0
2253990,0.0159999999998945,0
2254020,0.0130000000000109,0
2254050,0.0079999999999017,0
2254080,0.0145000000002255,0
2254110,0.0100000000000363,0
2254140,0.012499999999909,0
2254170,0.2375000000003638,0
2254200,0.1135000000000218,0
2254230,0.0114999999999781,0
2254260,0.2420000000001892,0
2254290,0.11800000000012,0
2254320,0.0330000000000836,0
2254350,0.1320000000000618,0
2254380,0.0324999999999818,0
2254410,0.0159999999998945,0
2254440,0.0380000000001928,0
2254470,0.02450000000008,0
2254500,0.0184999999998581,0
2254530,0.0160000000002582,0
2254560,0.0235000000000582,0
2254590,0.018499999999949,0
2254620,0.0159999999999854,0
2254650,0.0965000000001964,0
2254680,0.1170000000000982,0
2254710,0.0200000000000727,0
2254740,0.0144999999999527,0
2254770,0.0319999999998799,0
2254800,0.0239999999997053,0
2254830,0.0300000000000181,0
2254860,0.0280000000001564,0
2254890,0.0194999999997889,0
2254920,0.0239999999997962,0
2254950,0.0315000000001418,0
2254980,0.0259999999999308,0
2255010,0.0295000000002801,0
2255040,0.0355000000000473,0
2255070,0.0389999999998508,0
2255100,0.0420000000000072,0
2255130,0.0474999999998544,0
2255160,0.0424999999999272,0
2255190,0.0354999999999563,0
2255220,0.0449999999997999,0
2255250,0.0335000000000945,0
2255280,0.043499999999949,0
2255310,0.2599999999999454,0
2255340,0.1460000000000946,0
2255370,0.0149999999995998,0
2255400,0.02450000000008,0
2255430,0.01850000000004,0
2255460,0.0169999999997344,0
2255490,0.0140000000001236,0
2255520,0.0150000000000545,0
2255550,0.0140000000002146,0
2255580,0.0209999999997307,0
2255610,0.1950000000001637,0
2255640,0.1454999999999927,0
2255670,0.0509999999999308,0
2255700,0.0190000000000509,0
2255730,0.0264999999998508,0
2255760,0.1529999999999745,0
2255790,0.3290000000000873,0
2255820,0.0799999999999272,0
2255850,0.0175000000000181,0
2255880,0.0144999999998617,0
2255910,0.0514999999998508,0
2255940,0.1409999999999854,0
2255970,0.0190000000002328,0
2256000,0.0170000000001891,0
2256030,0.0159999999999854,0
2256060,0.0114999999997962,0
2256090,0.0100000000002182,0
2256120,0.0114999999999781,0
2256150,0.0584999999999126,0
2256180,0.1290000000000873,0
2256210,0.0734999999996944,0
2256240,0.0089999999999236,0
2256270,0.0075000000000727,0
2256300,0.0144999999998617,0
2256330,0.0164999999999963,0
2256360,0.006499999999778,0
2256390,0.0509999999999308,0
2256420,0.3065000000000509,0
2256450,0.1840000000001055,0
2256480,0.0970000000001164,0
2256510,0.0194999999998799,0
2256540,0.0414999999999963,0
2256570,0.2085000000002765,0
2256600,0.1400000000002364,0
2256630,0.0095000000001164,0
2256660,0.0114999999997962,0
2256690,0.1289999999999054,0
2256720,0.1204999999999017,0
2256750,0.0255000000001928,0
2256780,0.0144999999999527,0
2256810,0.0299999999997453,0
2256840,0.3604999999997744,0
2256870,0.1204999999998108,0
2256900,0.1415000000001782,0
2256930,0.1474999999998544,0
2256960,0.2045000000001892,0
2256990,0.0150000000001455,0
2257020,0.1500000000001819,0
2257050,0.2350000000000364,0
2257080,0.2405000000000655,0
2257110,0.0305000000000291,0
2257140,0.0170000000000982,0
2257170,0.2514999999999418,0
2257200,0.1849999999998545,0
2257230,0.1014999999998508,0
2257260,0.0105000000000472,0
2257290,0.0120000000001709,0
2257320,0.0094999999999345,0
2257350,0.0175000000000181,0
2257380,0.0154999999998835,0
2257410,0.0199999999999818,0
2257440,0.0109999999998763,0
2257470,0.0329999999998108,0
2257500,0.2845000000002073,0
2257530,0.1315000000001419,0
2257560,0.0139999999999417,0
2257590,0.2460000000000036,0
2257620,0.1489999999998872,0
2257650,0.2159999999998945,0
2257680,0.1599999999998544,0
2257710,0.0654999999998835,0
2257740,0.2659999999998035,0
2257770,0.1364999999997962,0
2257800,0.1709999999999127,0
2257830,0.119499999999789,0
2257860,0.1270000000001346,0
2257890,0.0255000000001018,0
2257920,0.0549999999997453,0
2257950,0.0129999999999199,0
2257980,0.0130000000000109,0
2258010,0.0120000000001709,0
2258040,0.0130000000003747,0
2258070,0.0125000000001818,0
2258100,0.012499999999909,0
2258130,0.0074999999999818,0
2258160,0.0155000000000654,0
2258190,0.0115000000000691,0
2258220,0.0274999999999636,0
2258250,0.2234999999998763,0
2258280,0.0490000000000691,0
2258310,0.2100000000001273,0
2258340,0.1725000000001273,0
2258370,0.0150000000000545,0
2258400,0.0655000000000654,0
2258430,0.1199999999998908,0
2258460,0.0284999999998945,0
2258490,0.0144999999999527,0
2258520,0.0170000000000072,0
2258550,0.0565000000000509,0
2258580,0.2015000000002146,0
2258610,0.0930000000000291,0
2258640,0.0170000000000982,0
2258670,0.0334999999998217,0
2258700,0.2469999999999345,0
2258730,0.1044999999998253,0
2258760,0.0840000000001964,0
2258790,0.1155000000000655,0
2258820,0.0190000000001418,0
2258850,0.0045000000000072,0
2258880,0.0584999999999126,0
2258910,0.1415000000000873,0
2258940,0.0880000000000109,0
2258970,0.0149999999999636,0
2259000,0.0125000000001818,0
2259030,0.0179999999999381,0
2259060,0.0130000000001018,0
2259090,0.0114999999999781,0
2259120,0.0170000000002801,0
2259150,0.0130000000001928,0
2259180,0.0215000000001964,0
2259210,0.0160000000000763,0
2259240,0.0179999999998472,0
2259270,0.0115000000000691,0
2259300,0.0140000000000327,0
2259330,0.0099999999998544,0
2259360,0.0994999999999891,0
2259390,0.1100000000002183,0
2259420,0.0400000000000545,0
2259450,0.0699999999999818,0
2259480,0.1280000000001564,0
2259510,0.0169999999998253,0
2259540,0.0395000000002255,0
2259570,0.2425000000001091,0
2259600,0.1089999999999235,0
2259630,0.0130000000001018,0
2259660,0.050499999999738,0
2259690,0.1415000000001782,0
2259720,0.0605000000001382,0
2259750,0.0159999999999854,0
2259780,0.0159999999999854,0
2259810,0.0130000000000109,0
2259840,0.0134999999999308,0
2259870,0.0145014501451491,0
2259900,0.0159999999997126,0
2259930,0.0160000000002582,0
2259960,0.0190000000000509,0
2259990,0.0170000000000982,0
2260020,0.0199999999999818,0
2260050,0.0130000000001018,0
2260080,0.0114999999996143,0
2260110,0.0125,0
2260140,0.1979999999997744,0
2260170,0.1145000000000436,0
2260200,0.0149999999998726,0
2260230,0.2524999999998727,0
2260260,0.0729999999998654,0
2260290,0.0345000000002073,0
2260320,0.0329999999999927,0
2260350,0.0739999999998872,0
2260380,0.0269999999999527,0
2260410,0.061999999999989,0
2260440,0.0465000000000145,0
2260470,0.0455000000000836,0
2260500,0.0715000000000145,0
2260530,0.0655000000000654,0
2260560,0.0465000000000145,0
2260590,0.0480000000001382,0
2260620,0.056499999999869,0
2260650,0.0535000000000764,0
2260680,0.0535000000001673,0
2260710,0.0489999999999781,0
2260740,0.0784999999999854,0
2260770,0.0465000000001055,0
2260800,0.0664999999999054,0
2260830,0.0919999999999163,0
2260860,0.04950000000008,0
2260890,0.0634999999997489,0
2260920,0.0535000000000764,0
2260950,0.0765000000002146,0
2260980,0.0539999999999963,0
2261010,0.0710000000000036,0
2261040,0.2375,0
2261070,0.0655000000001564,0
2261100,0.0104999999997744,0
2261130,0.0195000000000618,0
2261160,0.0925000000000181,0
2261190,0.0349999999999454,0
2261220,0.0249999999998181,0
2261250,0.0819999999998799,0
2261280,0.0915000000000873,0
2261310,0.0679999999997562,0
2261340,0.0340000000001055,0
2261370,0.0614999999997962,0
2261400,0.0720000000000254,0
2261430,0.0730000000001382,0
2261460,0.0529999999999745,0
2261490,0.0384999999998399,0
2261520,0.0519999999999527,0
2261550,0.075499999999829,0
2261580,0.0854999999996835,0
2261610,0.0720000000001164,0
2261640,0.0569999999999709,0
2261670,0.0744999999998071,0
2261700,0.0690000000000509,0
2261730,0.2179999999997562,0
2261760,0.1279999999999745,0
2261790,0.0155000000000654,0
2261820,0.3640000000000328,0
2261850,0.031999999999789,0
2261880,0.1384999999999308,0
2261910,0.0470000000002073,0
2261940,0.0760000000002946,0
2261970,0.0599999999998544,0
2262000,0.125,0
2262030,0.1025000000001455,0
2262060,0.075,0
2262090,0.0889999999999418,0
2262120,0.1065000000000509,0
2262150,0.0530000000002473,0
2262180,0.0839999999999236,0
2262210,0.075,0
2262240,0.0659999999999854,0
2262270,0.1234999999997853,0
2262300,0.06200000000008,0
2262330,0.2515000000000327,0
2262360,0.0375,0
2262390,0.0254999999999199,0
2262420,0.1294999999997344,0
2262450,0.024999999999909,0
2262480,0.0739999999999781,0
2262510,0.0609999999999672,0
2262540,0.0439999999999599,0
2262570,0.0574999999997089,0
2262600,0.0955000000000836,0
2262630,0.0580000000001746,0
2262660,0.0755000000001018,0
2262690,0.0509999999998399,0
2262720,0.0655000000000654,0
2262750,0.0649999999999636,0
2262780,0.0625,0
2262810,0.1199999999999818,0
2262840,0.0105000000003201,0
2262870,0.2130000000000109,0
2262900,0.0415000000000873,0
2262930,0.1274999999999636,0
2262960,0.0284999999999854,0
2262990,0.0070000000000618,0
2263020,0.0100000000000363,0
2263050,0.0085000000000945,0
2263080,0.0079999999998108,0
2263110,0.012499999999909,0
2263140,0.0089999999999236,0
2263170,0.0484999999997853,0
2263200,0.2914999999999054,0
2263230,0.2605000000003201,0
2263260,0.0195000000003346,0
2263290,0.3074999999997999,0
2263320,0.2000000000000909,0
2263350,0.0879999999996471,0
2263380,0.0719999999999345,0
2263410,0.2179999999997562,0
2263440,0.1175000000001091,0
2263470,0.0795000000000982,0
2263500,0.0755000000001018,0
2263530,0.2320000000002437,0
2263560,0.1179999999999381,0
2263590,0.0925000000002,0
2263620,0.1020000000002255,0
2263650,0.2415000000001783,0
2263680,0.1079999999999017,0
2263710,0.0209999999999126,0
2263740,0.012499999999909,0
2263770,0.0239999999998872,0
2263800,0.0600000000004001,0
2263830,0.18799999999992,0
2263860,0.1099999999999454,0
2263890,0.0105000000002291,0
2263920,0.0104999999998653,0
2263950,0.0085000000000945,0
2263980,0.0095000000002073,0
2264010,0.0109999999998763,0
2264040,0.0099999999998544,0
2264070,0.0105000000002291,0
2264100,0.0110000000001491,0
2264130,0.0149999999997817,0
2264160,0.2185000000004038,0
2264190,0.1204999999998108,0
2264220,0.0249999999998181,0
2264250,0.2469999999998435,0
2264280,0.0775000000001455,0
2264310,0.0159999999997126,0
2264340,0.0214999999997417,0
2264370,0.2409999999999854,0
2264400,0.199999999999909,0
2264430,0.1194999999998799,0
2264460,0.1199999999999818,0
2264490,0.0160000000000764,0
2264520,0.0205000000000836,0
2264550,0.0169999999999163,0
2264580,0.0210000000003674,0
2264610,0.2359999999999672,0
2264640,0.0840000000000145,0
2264670,0.0074999999997999,0
2264700,0.1804999999999381,0
2264730,0.2020000000000436,0
2264760,0.0904999999999745,0
2264790,0.1154999999997926,0
2264820,0.0190000000001418,0
2264850,0.0174999999997453,0
2264880,0.2255000000001018,0
2264910,0.08050000000012,0
2264940,0.0175000000000181,0
2264970,0.2375,0
2265000,0.1075000000000727,0
2265030,0.1139999999999418,0
2265060,0.1150000000001455,0
2265090,0.036500000000251,0
2265120,0.0170000000001891,0
2265150,0.0090000000002874,0
2265180,0.013499999999658,0
2265210,0.0465000000001055,0
2265240,0.0104999999998653,0
2265270,0.0080000000003565,0
2265300,0.0110000000000582,0
2265330,0.0375000000000909,0
2265360,0.2400000000000545,0
2265390,0.1490000000000691,0
2265420,0.0230000000001382,0
2265450,0.0134999999998399,0
2265480,0.2429999999997562,0
2265510,0.1534999999998945,0
2265540,0.0324999999999818,0
2265570,0.0195000000000618,0
2265600,0.1110000000001491,0
2265630,0.1109999999998763,0
2265660,0.0469999999998435,0
2265690,0.0089999999998326,0
2265720,0.0704999999999017,0
2265750,0.1725000000002182,0
2265780,0.1215000000000145,0
2265810,0.0175000000000181,0
2265840,0.0204999999999927,0
2265870,0.0170000000000072,0
2265900,0.0235000000002401,0
2265930,0.0229999999998653,0
2265960,0.0440000000001418,0
2265990,0.2335000000000945,0
2266020,0.1405000000000655,0
2266050,0.0179999999997562,0
2266080,0.0164999999998144,0
2266110,0.0155000000001564,0
2266140,0.0170000000000072,0
2266170,0.0184999999997671,0
2266200,0.030500000000211,0
2266230,0.257499999999618,0
2266260,0.1020000000001346,0
2266290,0.2299999999999272,0
2266320,0.144499999999789,0
2266350,0.2635000000002946,0
2266380,0.193999999999869,0
2266410,0.0755000000001928,0
2266440,0.2530000000000655,0
2266470,0.0444999999999709,0
2266500,0.0155000000000654,0
2266530,0.0219999999999345,0
2266560,0.155999999999949,0
2266590,0.074000000000251,0
2266620,0.1629999999999199,0
2266650,0.1950000000001637,0
2266680,0.2324999999997999,0
2266710,0.274999999999909,0
2266740,0.2994999999998072,0
2266770,0.3119999999999891,0
2266800,0.34950000000008,0
2266830,0.3755000000001928,0
2266860,0.3815000000000509,0
2266890,0.4480000000001382,0
2266920,0.4405000000000655,0
2266950,0.4989999999999782,0
2266980,0.4144999999998617,0
2267010,0.5289999999999053,0
2267040,0.4514999999997599,0
2267070,0.5074999999999819,0
2267100,0.537000000000171,0
2267130,0.4980000000001383,0
2267160,0.5034999999998945,0
2267190,0.5149999999999637,0
2267220,0.4940000000001419,0
2267250,0.5210000000000946,0
2267280,0.55099999999984,0
2267310,0.6090000000000146,0
2267340,0.56899999999996,0
2267370,0.5219999999999345,0
2267400,0.6479999999999564,0
2267430,0.5035000000003492,0
2267460,0.7025000000002365,0
2267490,0.4964999999999236,0
2267520,0.6779999999998836,0
2267550,0.6095000000001165,0
2267580,0.2670000000000073,0
2267610,0.6609999999999672,0
2267640,0.3065000000000509,0
2267670,0.0259999999998399,0
2267700,0.6070000000001529,0
2267730,0.2190000000001419,0
2267760,0.0245000000001709,0
2267790,0.0234999999997853,0
2267820,0.0160000000002582,0
2267850,0.2790000000000873,0
2267880,0.00550000000012,0
2267910,0.0029999999998835,0
2267940,0.0044999999998253,0
2267970,0.0055000000000291,0
2268000,0.0064999999999599,0
2268030,0.0034994750787236,0
2268060,0.0039999999999963,0
2268090,0.0045000000000072,0
2268120,0.005999999999949,0
2268150,0.0039999999999054,0
2268180,0.0055000000000291,0
2268210,0.0050000000000181,0
2268240,0.0085000000000036,0
2268270,0.0054999999998472,0
2268300,0.0054999999999381,0
2268330,0.0049999999999272,0
2268360,0.0045000000001891,0
2268390,0.0029999999999745,0
2268420,0.0050000000000181,0
2268450,0.0040000000000873,0
2268480,0.0064999999999599,0
2268510,0.0049999999999272,0
2268540,0.0050000000000181,0
2268570,0.0039999999999054,0
2268600,0.0049999999998362,0
2268630,0.0079999999999927,0
2268660,0.0040000000002692,0
2268690,0.0029999999999745,0
2268720,0.0024999999999636,0
2268750,0.0050000000002,0
2268780,0.0049999999999272,0
2268810,0.00550000000012,0
2268840,0.0069999999999708,0
2268870,0.0030000000000654,0
2268900,0.006499999999869,0
2268930,0.0049999999999272,0
2268960,0.0050000000000181,0
2268990,0.0030000000000654,0
2269020,0.0039999999997235,0
2269050,0.00600000000004,0
2269080,0.0059999999998581,0
2269110,0.005000000000291,0
2269140,0.0034999999999854,0
2269170,0.0040000000000873,0
2269200,0.0054999999998472,0
2269230,0.005999999999949,0
2269260,0.0054999999996653,0
2269290,0.0049999999998362,0
2269320,0.0045000000001891,0
2269350,0.0044999999999163,0
2269380,0.0050000000000181,0
2269410,0.0049999999999272,0
2269440,0.0054999999998472,0
2269470,0.0035000000001673,0
2269500,0.0034999999998944,0
2269530,0.0090000000000145,0
2269560,0.0065000000002328,0
2269590,0.006499999999778,0
2269620,0.0065000000001418,0
2269650,0.0029999999999745,0
2269680,0.005000000000291,0
2269710,0.0034999999998944,0
2269740,0.0019999999998617,0
2269770,0.0024999999998726,0
2269800,0.0020000000001346,0
2269830,0.0040000000000873,0
2269860,0.0029999999999745,0
2269890,0.0030000000000654,0
2269920,0.0034999999999854,0
2269950,0.00550000000012,0
2269980,0.0034999999999854,0
2270010,0.0040000000000873,0
2270040,0.0039999999999054,0
2270070,0.0050000000000181,0
2270100,0.0060000000001309,0
2270130,0.0035000000001673,0
2270160,0.0040000000000873,0
2270190,0.0034999999999854,0
2270220,0.0044999999998253,0
2270250,0.0040000000001782,0
2270280,0.0049999999999272,0
2270310,0.0034999999999854,0
2270340,0.0065000000001418,0
2270370,0.0035000000000763,0
2270400,0.0069999999998799,0
2270430,0.0045000000000072,0
2270460,0.0054999999998472,0
2270490,0.0050000000000181,0
2270520,0.0064999999999599,0
2270550,0.00550000000012,0
2270580,0.0069999999999708,0
2270610,0.0055000000000291,0
2270640,0.0095000000001164,0
2270670,0.0050000000000181,0
2270700,0.0064999999999599,0
2270730,0.0034999999998944,0
2270760,0.0065000000000509,0
2270790,0.005999999999949,0
2270820,0.0045000000000982,0
2270850,0.0070000000000618,0
2270880,0.0084999999998217,0
2270910,0.005999999999949,0
2270940,0.0069999999999708,0
2270970,0.00550000000012,0
2271000,0.0060000000001309,0
2271030,0.005500000000211,0
2271060,0.005500000000211,0
2271090,0.0039999999999054,0
2271120,0.0044999999999163,0
2271150,0.0045000000000072,0
2271180,0.006499999999778,0
2271210,0.0045000000000072,0
2271240,0.00550000000012,0
2271270,0.0045000000000982,0
2271300,0.00600000000004,0
2271330,0.0079999999999927,0
2271360,0.006999999999698,0
2271390,0.0045000000000982,0
2271420,0.0064999999999599,0
2271450,0.0050000000002,0
2271480,0.0064999999999599,0
2271510,0.0044999999998253,0
2271540,0.0080000000001746,0
2271570,0.0050000000000181,0
2271600,0.0069999999997889,0
2271630,0.0055000000000291,0
2271660,0.0095000000002073,0
2271690,0.0025000000000545,0
2271720,0.0064999999999599,0
2271750,0.0054999999999381,0
2271780,0.0050000000000181,0
2271810,0.0049999999997453,0
2271840,0.0079999999999927,0
2271870,0.0045000000000072,0
2271900,0.0059999999998581,0
2271930,0.0044999999999163,0
2271960,0.0084999999999126,0
2271990,0.0039999999998144,0
2272020,0.0050000000001091,0
2272050,0.0054999999998472,0
2272080,0.0069999999999708,0
2272110,0.0064999999999599,0
2272140,0.0054999999998472,0
2272170,0.00550000000012,0
2272200,0.0054999999997562,0
2272230,0.0085000000000036,0
2272260,0.0060000000001309,0
2272290,0.0050000000000181,0
2272320,0.0054999999998472,0
2272350,0.0059999999998581,0
2272380,0.0060000000002219,0
2272410,0.0039999999999963,0
2272440,0.0060000000001309,0
2272470,0.0054999999999381,0
2272500,0.006499999999869,0
2272530,0.0045000000000072,0
2272560,0.0064999999999599,0
2272590,0.0045000000000072,0
2272620,0.0050000000000181,0
2272650,0.0064999999999599,0
2272680,0.0054999999997562,0
2272710,0.0065000000000509,0
2272740,0.0065000000000509,0
2272770,0.0034999999999854,0
2272800,0.0064999999999599,0
2272830,0.0054999999999381,0
2272860,0.00550000000012,0
2272890,0.005999999999949,0
2272920,0.0089999999999236,0
2272950,0.0045000000000072,0
2272980,0.0050000000000181,0
2273010,0.0030000000000654,0
2273040,0.0054999999999381,0
2273070,0.00550000000012,0
2273100,0.0055000000000291,0
2273130,0.007499999999618,0
2273160,0.005999999999949,0
2273190,0.00550000000012,0
2273220,0.0054999999999381,0
2273250,0.0045000000000982,0
2273280,0.0070000000000618,0
2273310,0.0050000000001091,0
2273340,0.0070000000000618,0
2273370,0.0044999999997344,0
2273400,0.00550000000012,0
2273430,0.0040000000000873,0
2273460,0.0070000000000618,0
2273490,0.0039999999999054,0
2273520,0.0039999999997235,0
2273550,0.0054999999999381,0
2273580,0.0064999999999599,0
2273610,0.0050000000000181,0
2273640,0.0074999999997999,0
2273670,0.0060000000001309,0
2273700,0.0070000000001527,0
2273730,0.0059999999997671,0
2273760,0.0050000000001091,0
2273790,0.00550000000012,0
2273820,0.0050000000000181,0
2273850,0.0050000000001091,0
2273880,0.0049999999998362,0
2273910,0.0039999999999054,0
2273940,0.0039999999999054,0
2273970,0.0024999999998726,0
2274000,0.0059999999998581,0
2274030,0.0085000000000945,0
2274060,0.00600000000004,0
2274090,0.0040000000002692,0
2274120,0.0050000000000181,0
2274150,0.0029999999998835,0
2274180,0.0045000000000072,0
2274210,0.0040000000001782,0
2274240,0.0040000000001782,0
2274270,0.0039999999999963,0
2274300,0.0034999999999854,0
2274330,0.0044999999998253,0
2274360,0.0084999999999126,0
2274390,0.005500000000211,0
2274420,0.005500000000211,0
2274450,0.0045000000000072,0
2274480,0.006499999999778,0
2274510,0.0040000000000873,0
2274540,0.0059999999998581,0
2274570,0.0055000000000291,0
2274600,0.0080000000001746,0
2274630,0.0039999999999963,0
2274660,0.0059999999998581,0
2274690,0.0040004000400003,0
2274720,0.005999999999949,0
2274750,0.0034999999999854,0
2274780,0.005500000000211,0
2274810,0.0050000000000181,0
2274840,0.0069999999999708,0
2274870,0.0054999999999381,0
2274900,0.0079999999998108,0
2274930,0.0079999999999017,0
2274960,0.0070000000001527,0
2274990,0.0044999999999163,0
2275020,0.0050000000000181,0
2275050,0.0055000000000291,0
2275080,0.006499999999778,0
2275110,0.0045000000000072,0
2275140,0.0075000000001637,0
2275170,0.0065000000000509,0
2275200,0.0074999999997999,0
2275230,0.0044999999999163,0
2275260,0.0050000000000181,0
2275290,0.0049999999998362,0
2275320,0.0054999999998472,0
2275350,0.0044999999998253,0
2275380,0.0059999999998581,0
2275410,0.0050000000000181,0
2275440,0.0059999999998581,0
2275470,0.0049999999999272,0
2275500,0.0060000000001309,0
2275530,0.0054999999997562,0
2275560,0.005999999999949,0
2275590,0.0055000000000291,0
2275620,0.0034999999998035,0
2275650,0.0044999999998253,0
2275680,0.0059999999998581,0
2275710,0.0045000000000982,0
2275740,0.005999999999949,0
2275770,0.0049999999999272,0
2275800,0.0055000000000291,0
2275830,0.0080000000001746,0
2275860,0.0050000000001091,0
2275890,0.0039999999998144,0
2275920,0.0075000000001637,0
2275950,0.0045000000000072,0
2275980,0.0040000000002692,0
2276010,0.0055000000000291,0
2276040,0.0080000000001746,0
2276070,0.0034999999998944,0
2276100,0.0045000000000982,0
2276130,0.0044999999999163,0
2276160,0.0059999999998581,0
2276190,0.0060000000001309,0
2276220,0.0049999999999272,0
2276250,0.005500000000211,0
2276280,0.0064999999996871,0
2276310,0.0034999999998944,0
2276340,0.00600000000004,0
2276370,0.0044999999999163,0
2276400,0.0070000000001527,0
2276430,0.005500000000211,0
2276460,0.0060000000002219,0
2276490,0.0044999999998253,0
2276520,0.006499999999869,0
2276550,0.0040000000000873,0
2276580,0.0054999999999381,0
2276610,0.0055000000000291,0
2276640,0.005999999999949,0
2276670,0.0049999999999272,0
2276700,0.0030000000000654,0
2276730,0.0049999999999272,0
2276760,0.0065000000000509,0
2276790,0.0040000000000873,0
2276820,0.0059999999996762,0
2276850,0.0039999999999963,0
2276880,0.0049999999998362,0
2276910,0.0044999999999163,0
2276940,0.0054999999999381,0
2276970,0.0045000000000982,0
2277000,0.0045000000000072,0
2277030,0.0040000000000873,0
2277060,0.005500000000211,0
2277090,0.0045000000000072,0
2277120,0.0060000000001309,0
2277150,0.0039999999998144,0
2277180,0.0065000000000509,0
2277210,0.0039999999998144,0
2277240,0.0045000000000982,0
2277270,0.0060000000001309,0
2277300,0.0060000000001309,0
2277330,0.0044999999998253,0
2277360,0.0050000000001091,0
2277390,0.0044999999998253,0
2277420,0.0035000000000763,0
2277450,0.0040000000001782,0
2277480,0.0065000000000509,0
2277510,0.0044999999997344,0
2277540,0.00600000000004,0
2277570,0.0035000000001673,0
2277600,0.005999999999949,0
2277630,0.0069999999997889,0
2277660,0.0039999999999054,0
2277690,0.0045000000000072,0
2277720,0.0055000000000291,0
2277750,0.0039999999999054,0
2277780,0.0040000000000873,0
2277810,0.0034999999998944,0
2277840,0.0045000000000072,0
2277870,0.0029999999999745,0
2277900,0.0045000000000982,0
2277930,0.0039999999999054,0
2277960,0.0050000000001091,0
2277990,0.0034999999999854,0
2278020,0.006499999999778,0
2278050,0.0039999999999963,0
2278080,0.00550000000012,0
2278110,0.0035000000000763,0
2278140,0.0029999999998835,0
2278170,0.0025000000001455,0
2278200,0.0029999999999745,0
2278230,0.0019999999999527,0
2278260,0.0034999999998944,0
2278290,0.005999999999949,0
2278320,0.005500000000211,0
2278350,0.0034999999999854,0
2278380,0.0039999999999963,0
2278410,0.0034999999998944,0
2278440,0.0049999999999272,0
2278470,0.0030000000000654,0
2278500,0.0034999999999854,0
2278530,0.0074999999999818,0
2278560,0.0054999999999381,0
2278590,0.0034999999999854,0
2278620,0.0045000000000982,0
2278650,0.0049999999999272,0
2278680,0.0055000000000291,0
2278710,0.0040000000000873,0
2278740,0.0044999999999163,0
2278770,0.0035000000002582,0
2278800,0.0045000000000072,0
2278830,0.0044999999998253,0
2278860,0.0065000000001418,0
2278890,0.0050000000000181,0
2278920,0.0050000000001091,0
2278950,0.0055000000003019,0
2278980,0.0054999999999381,0
2279010,0.0065000000000509,0
2279040,0.0055000000000291,0
2279070,0.0065000000003237,0
2279100,0.0060000000002219,0
2279130,0.0074999999998908,0
2279160,0.0070000000000618,0
2279190,0.0059999999997671,0
2279220,0.0065000000000509,0
2279250,0.0045000000000982,0
2279280,0.0069999999998799,0
2279310,0.0050000000001091,0
2279340,0.0059999999998581,0
2279370,0.0050000000001091,0
2279400,0.0065000000000509,0
2279430,0.0079999999998108,0
2279460,0.0039999999999054,0
2279490,0.0045000000000072,0
2279520,0.0059999999998581,0
2279550,0.0040000000001782,0
2279580,0.0050000000000181,0
2279610,0.0050000000000181,0
2279640,0.0069999999999708,0
2279670,0.0054999999999381,0
2279700,0.0064999999999599,0
2279730,0.0049999999998362,0
2279760,0.0065000000001418,0
2279790,0.0054999999999381,0
2279820,0.0075000000000727,0
2279850,0.0069999999998799,0
2279880,0.0074999999999818,0
2279910,0.0045000000000072,0
2279940,0.0079999999999927,0
2279970,0.0060000000001309,0
2280000,0.0079999999999927,0
2280030,0.0049999999998362,0
2280060,0.0049999999999272,0
2280090,0.0049999999999272,0
2280120,0.0060000000001309,0
2280150,0.006499999999869,0
2280180,0.0069999999998799,0
2280210,0.0055000000000291,0
2280240,0.0065000000002328,0
2280270,0.0059999999998581,0
2280300,0.0070000000000618,0
2280330,0.0074999999997999,0
2280360,0.0074999999998908,0
2280390,0.0070000000000618,0
2280420,0.0070000000001527,0
2280450,0.0050000000000181,0
2280480,0.00600000000004,0
2280510,0.0055000000000291,0
2280540,0.0075000000000727,0
2280570,0.005999999999949,0
2280600,0.0079999999999927,0
2280630,0.005999999999949,0
2280660,0.0054999999999381,0
2280690,0.0039999999998144,0
2280720,0.0220000000003892,0
2280750,0.00600000000004,0
2280780,0.0079999999998108,0
2280810,0.0050000000001091,0
2280840,0.0054999999998472,0
2280870,0.0060000000001309,0
2280900,0.005999999999949,0
2280930,0.0054999999998472,0
2280960,0.0074999999999818,0
2280990,0.0049999999999272,0
2281020,0.0065000000000509,0
2281050,0.0074999999998908,0
2281080,0.0060000000001309,0
2281110,0.0059999999995852,0
2281140,0.0090000000001964,0
2281170,0.0049999999998362,0
2281200,0.0065000000001418,0
2281230,0.0050000000000181,0
2281260,0.0070000000000618,0
2281290,0.0055000000000291,0
2281320,0.0089999999997417,0
2281350,0.0059999999998581,0
2281380,0.0054999999998472,0
2281410,0.0079999999998108,0
2281440,0.0075000000000727,0
2281470,0.0049999999998362,0
2281500,0.0065000000001418,0
2281530,0.0050000000000181,0
2281560,0.0065000000001418,0
2281590,0.0045000000001891,0
2281620,0.00600000000004,0
2281650,0.0074999999997999,0
2281680,0.0075000000002546,0
2281710,0.0049999999997453,0
2281740,0.0080000000002655,0
2281770,0.0055000000000291,0
2281800,0.0065000000002328,0
2281830,0.0074999999997999,0
2281860,0.0070000000001527,0
2281890,0.0074999999999818,0
2281920,0.0074999999998908,0
2281950,0.0074999999997999,0
2281980,0.0060000000001309,0
2282010,0.0075000000000727,0
2282040,0.0079999999998108,0
2282070,0.0049999999999272,0
2282100,0.0075000000000727,0
2282130,0.006499999999869,0
2282160,0.0074999999998908,0
2282190,0.0064999999999599,0
2282220,0.005500000000211,0
2282250,0.0049999999998362,0
2282280,0.0069999999998799,0
2282310,0.0085000000000945,0
2282340,0.006499999999869,0
2282370,0.0039999999999963,0
2282400,0.0065000000000509,0
2282430,0.0045000000001891,0
2282460,0.00600000000004,0
2282490,0.0039999999999963,0
2282520,0.0075000000001637,0
2282550,0.0070000000000618,0
2282580,0.0069999999999708,0
2282610,0.0039999999999963,0
2282640,0.005999999999949,0
2282670,0.0049999999999272,0
2282700,0.0045000000000072,0
2282730,0.0050000000001091,0
2282760,0.0045000000001891,0
2282790,0.0039999999999963,0
2282820,0.0049999999998362,0
2282850,0.00600000000004,0
2282880,0.0065000000001418,0
2282910,0.0064999999999599,0
2282940,0.0069999999998799,0
2282970,0.0065000000001418,0
2283000,0.0065000000000509,0
2283030,0.0104999999997744,0
2283060,0.0055000000000291,0
2283090,0.0065000000000509,0
2283120,0.0100000000000363,0
2283150,0.0065000000000509,0
2283180,0.0075000000000727,0
2283210,0.0055000000000291,0
2283240,0.0085000000000036,0
2283270,0.0069999999999708,0
2283300,0.0065000000001418,0
2283330,0.0059999999998581,0
2283360,0.0074999999999818,0
2283390,0.0049999999999272,0
2283420,0.005999999999949,0
2283450,0.0064999999999599,0
2283480,0.0065000000003237,0
2283510,0.0024999999997817,0
2283540,0.007499999999618,0
2283570,0.0054999999998472,0
2283600,0.0065000000002328,0
2283630,0.0045000000000982,0
2283660,0.0049999999999272,0
2283690,0.0050000000002,0
2283720,0.0049999999999272,0
2283750,0.0060000000001309,0
2283780,0.0065000000001418,0
2283810,0.0054999999999381,0
2283840,0.0079999999998108,0
2283870,0.0045000000002801,0
2283900,0.0049999999998362,0
2283930,0.0094999999999345,0
2283960,0.0060000000001309,0
2283990,0.0065000000002328,0
2284020,0.0084999999998217,0
2284050,0.0080000000000836,0
2284080,0.0084999999999126,0
2284110,0.0069999999997889,0
2284140,0.0074999999998908,0
2284170,0.0069999999999708,0
2284200,0.00550000000012,0
2284230,0.0054999999999381,0
2284260,0.0044999999998253,0
2284290,0.0044999999999163,0
2284320,0.0074999999999818,0
2284350,0.0204999999999927,0
2284380,0.0079999999999927,0
2284410,0.0044999999999163,0
2284440,0.0084999999999126,0
2284470,0.00550000000012,0
2284500,0.0060000000001309,0
2284530,0.0064999999999599,0
2284560,0.0049999999999272,0
2284590,0.0034999999999854,0
2284620,0.0080000000002655,0
2284650,0.0069999999998799,0
2284680,0.0085000000000036,0
2284710,0.0059999999998581,0
2284740,0.0100000000002182,0
2284770,0.0054999999998472,0
2284800,0.0069999999999708,0
2284830,0.0095000000000254,0
2284860,0.00600000000004,0
2284890,0.0030000000000654,0
2284920,0.006499999999869,0
2284950,0.0065000000003237,0
2284980,0.0044999999999163,0
2285550,0.0035,0
2285580,0.0055,0
2285610,0.0039999999999999,0
2285640,0.007,0
2285670,0.005,0
2285700,0.006,0
2285730,0.0059999999999999,0
2285760,0.012,0
2285790,0.006,0
2285820,0.005,0
2285850,0.0049999999999999,0
2285880,0.007,0
2285910,0.0055,0
2285940,0.0065,0
2285970,0.005,0
2286000,0.009,0
2286030,0.0055,0
2286060,0.006,0
2286090,0.0069999999999999,0
2286120,0.0095,0
2286150,0.0044999999999999,0
2286180,0.006,0
2286210,0.006,0
2286240,0.0055,0
2286270,0.0039999999999999,0
2286300,0.0064999999999999,0
2286330,0.0064999999999999,0
2286360,0.009,0
2286390,0.0064999999999999,0
2286420,0.0075,0
2286450,0.0074999999999999,0
2286480,0.0079999999999999,0
2286510,0.0055,0
2286540,0.006,0
2286570,0.0054999999999999,0
2286600,0.0095,0
2286630,0.014,0
2286660,0.008,0
2286690,0.007,0
2286720,0.0079999999999999,0
2286750,0.005,0
2286780,0.0049999999999999,0
2286810,0.0064999999999999,0
2286840,0.0084999999999999,0
2286870,0.0055,0
2286900,0.006,0
2286930,0.0045,0
2286960,0.0054999999999999,0
2286990,0.0064999999999999,0
2287020,0.0069999999999999,0
2287050,0.0055,0
2287080,0.006,0
2287110,0.0054999999999999,0
2287140,0.0059999999999999,0
2287170,0.0059999999999999,0
2287200,0.0085,0
2287230,0.004,0
2287260,0.0064999999999999,0
2287290,0.0074999999999999,0
2287320,0.007,0
2287350,0.0054999999999999,0
2287380,0.0055,0
2287410,0.006,0
2287440,0.0059999999999999,0
2287470,0.0134999999999999,0
2287500,0.008,0
2287530,0.0059999999999999,0
2287560,0.0079999999999999,0
2287590,0.0074999999999999,0
2287620,0.0079999999999999,0
2287650,0.0054999999999999,0
2287680,0.007,0
2287710,0.0069999999999999,0
2287740,0.0069999999999999,0
2287770,0.006,0
2287800,0.0075,0
2287830,0.0049999999999999,0
2287860,0.0054999999999999,0
2287890,0.0864999999999999,0
2287920,0.0075,0
2287950,0.006,0
2287980,0.0069999999999999,0
2288010,0.0069999999999999,0
2288040,0.0095,0
2288070,0.0054999999999999,0
2288100,0.0064999999999999,0
2288130,0.005,0
2288160,0.0079999999999999,0
2288190,0.0094999999999999,0
2288220,0.0065,0
2288250,0.0074999999999999,0
2288280,0.006,0
2288310,0.0054999999999999,0
2288340,0.0084999999999999,0
2288370,0.0064999999999999,0
2288400,0.0079999999999999,0
2288430,0.0084999999999999,0
2288460,0.006,0
2288490,0.0095,0
2288520,0.0074999999999999,0
2288550,0.0054999999999999,0
2288580,0.007,0
2288610,0.0074999999999999,0
2288640,0.0074999999999999,0
2288670,0.0245,0
2288700,0.0205,0
2288730,0.0079999999999999,0
2288760,0.007,0
2288790,0.0084999999999999,0
2288820,0.0074999999999999,0
2288850,0.0035,0
2288880,0.0204999999999999,0
2288910,0.0069999999999999,0
2288940,0.0065,0
2288970,0.0059999999999999,0
2289000,0.0064999999999999,0
2289030,0.0065,0
2289060,0.0429999999999999,0
2289090,0.0439999999999999,0
2289120,0.147,0
2289150,0.0075,0
2289180,0.0039999999999999,0
2289210,0.0044999999999999,0
2289240,0.0209999999999999,0
2289270,0.0174999999999999,0
2289300,0.0064999999999999,0
2289330,0.0069999999999999,0
2289360,0.0079999999999999,0
2289390,0.0075,0
2289420,0.0055,0
2289450,0.0059999999999999,0
2289480,0.0055,0
2289510,0.006,0
2289540,0.0064999999999999,0
2289570,0.0069999999999999,0
2289600,0.0084999999999999,0
2289630,0.0064999999999999,0
2289660,0.0070000000000001,0
2289690,0.0074999999999999,0
2289720,0.0044999999999999,0
2289750,0.0059999999999999,0
2289780,0.0054999999999999,0
2289810,0.005,0
2289840,0.0085,0
2289870,0.007,0
2289900,0.0064999999999999,0
2289930,0.004,0
2289960,0.0075,0
2289990,0.0054999999999999,0
2290020,0.006,0
2290050,0.012,0
2290080,0.0074999999999999,0
2290110,0.0059999999999999,0
2290140,0.007,0
2290170,0.0039999999999999,0
2290200,0.0069999999999999,0
2290230,0.006,0
2290260,0.0075,0
2290290,0.008,0
2290320,0.005,0
2290350,0.0064999999999999,0
2290380,0.0035,0
2290410,0.0049999999999999,0
2290440,0.0075,0
2290470,0.0045,0
2290500,0.005,0
2290530,0.004,0
2290560,0.0049999999999999,0
2290590,0.0055,0
2290620,0.0044999999999999,0
2290650,0.0034999999999999,0
2290680,0.0069999999999999,0
2290710,0.0069999999999999,0
2290740,0.0045,0
2290770,0.0049999999999999,0
2290800,0.0070000000000001,0
2290830,0.0044999999999999,0
2290860,0.0044999999999999,0
2290890,0.008,0
2290920,0.007,0
2290950,0.0044999999999999,0
2290980,0.0059999999999999,0
2291010,0.005,0
2291040,0.0065,0
2291070,0.0034999999999999,0
2291100,0.0044999999999999,0
2291130,0.0039999999999999,0
2291160,0.005,0
2291190,0.0034999999999999,0
2291220,0.0059999999999999,0
2291250,0.0035000000000001,0
2291280,0.0044999999999999,0
2291310,0.0049999999999998,0
2291340,0.0319999999999998,0
2291370,0.0049999999999999,0
2291400,0.0044999999999999,0
2291430,0.0049999999999998,0
2291460,0.0030000000000001,0
2291490,0.007,0
2291520,0.0055,0
2291550,0.0034999999999999,0
2291580,0.0045,0
2291610,0.0715000000000001,0
2291640,0.0104999999999998,0
2291670,0.0064999999999999,0
2291700,0.0054999999999999,0
2291730,0.0029999999999999,0
2291760,0.0050000000000001,0
2291790,0.0024999999999999,0
2291820,0.0034999999999999,0
2291850,0.004,0
2291880,0.0054999999999999,0
2291910,0.0069999999999999,0
2291940,0.003,0
2291970,0.0039999999999999,0
2292000,0.0044999999999999,0
2292030,0.0045,0
2292060,0.003,0
2292090,0.0069999999999999,0
2292120,0.0025,0
2292150,0.0044999999999999,0
2292180,0.0049999999999999,0
2292210,0.0040000000000001,0
2292240,0.0055,0
2292270,0.006,0
2292300,0.004,0
2292330,0.005,0
2292360,0.0064999999999999,0
2292390,0.0064999999999999,0
2292420,0.0039999999999999,0
2292450,0.0045000000000001,0
2292480,0.0064999999999999,0
2292510,0.0049999999999999,0
2292540,0.0045,0
2292570,0.004,0
2292600,0.0039999999999999,0
2292630,0.0064999999999999,0
2292660,0.0044999999999999,0
2292690,0.0095,0
2292720,0.0049999999999999,0
2292750,0.006,0
2292780,0.0045,0
2292810,0.0059999999999999,0
2292840,0.008,0
2292870,0.0069999999999999,0
2292900,0.0065,0
2292930,0.0164999999999999,0
2292960,0.008,0
2292990,0.0060000000000001,0
2293020,0.0054999999999999,0
2293050,0.0054999999999999,0
2293080,0.0074999999999999,0
2293110,0.005,0
2293140,0.0049999999999999,0
2293170,0.0059999999999999,0
2293200,0.008,0
2293230,0.0074999999999999,0
2293260,0.008,0
2293290,0.0075,0
2293320,0.0059999999999999,0
2293350,0.0054999999999999,0
2293380,0.006,0
2293410,0.0095,0
2293440,0.0069999999999999,0
2293470,0.0055,0
2293500,0.0060000000000001,0
2293530,0.0055,0
2293560,0.0075,0
2293590,0.0064999999999999,0
2293620,0.0069999999999999,0
2293650,0.0320000000000001,0
2293680,0.0089999999999998,0
2293710,0.0084999999999999,0
2293740,0.0045000000000002,0
2293770,0.006,0
2293800,0.0339999999999998,0
2293830,0.006,0
2293860,0.007,0
2293890,0.0075,0
2293920,0.0055,0
2293950,0.0064999999999999,0
2293980,0.0045,0
2294010,0.0069999999999998,0
2294040,0.0059999999999999,0
2294070,0.005,0
2294100,0.0059999999999999,0
2294130,0.0050000000000001,0
2294160,0.0085000000000001,0
2294190,0.0074999999999999,0
2294220,0.0345,0
2294250,0.0035,0
2294280,0.0079999999999999,0
2294310,0.0049999999999999,0
2294340,0.0069999999999999,0
2294370,0.0049999999999999,0
2294400,0.006,0
2294430,0.0069999999999998,0
2294460,0.0070000000000001,0
2294490,0.0075,0
2294520,0.0064999999999999,0
2294550,0.0234999999999998,0
2294580,0.0059999999999999,0
2294610,0.0064999999999999,0
2294640,0.0059999999999999,0
2294670,0.0055,0
2294700,0.0079999999999999,0
2294730,0.0065000000000001,0
2294760,0.007,0
2294790,0.0075000000000001,0
2294820,0.0054999999999999,0
2294850,0.0075,0
2294880,0.0065,0
2294910,0.0049999999999998,0
2294940,0.0054999999999998,0
2294970,0.0060000000000001,0
2295000,0.0044999999999999,0
2295030,0.0065,0
2295060,0.0045000000000002,0
2295090,0.008,0
2295120,0.0049999999999999,0
2295150,0.0045,0
2295180,0.0045,0
2295210,0.0039999999999999,0
2295240,0.0085,0
2295270,0.006,0
2295300,0.0054999999999999,0
2295330,0.0049999999999999,0
2295360,0.0084999999999999,0
2295390,0.0089999999999999,0
2295420,0.0055,0
2295450,0.007,0
2295480,0.006,0
2295510,0.0065,0
2295540,0.0069999999999998,0
2295570,0.0075,0
2295600,0.0074999999999999,0
2295630,0.0064999999999999,0
2295660,0.0084999999999999,0
2295690,0.0094999999999999,0
2295720,0.006,0
2295750,0.0064999999999999,0
2295780,0.0045000000000001,0
2295810,0.0079999999999999,0
2295840,0.0045,0
2295870,0.0069999999999999,0
2295900,0.0044999999999999,0
2295930,0.0074999999999999,0
2295960,0.008,0
2295990,0.0049999999999999,0
2296020,0.0024999999999999,0
2296050,0.0059999999999999,0
2296080,0.0064999999999999,0
2296110,0.0050000000000001,0
2296140,0.007,0
2296170,0.0069999999999999,0
2296200,0.0084999999999999,0
2296230,0.0065,0
2296260,0.0054999999999999,0
2296290,0.008,0
2296320,0.0070000000000001,0
2296350,0.0044999999999999,0
2296380,0.0055000000000002,0
2296410,0.0055,0
2296440,0.006,0
2296470,0.0064999999999999,0
2296500,0.0049999999999999,0
2296530,0.0059999999999999,0
2296560,0.0079999999999999,0
2296590,0.006,0
2296620,0.0049999999999999,0
2296650,0.0075,0
2296680,0.0049999999999999,0
2296710,0.0049999999999998,0
2296740,0.0065000000000001,0
2296770,0.0050000000000001,0
2296800,0.0044999999999999,0
2296830,0.0044999999999999,0
2296860,0.0075000000000001,0
2296890,0.0059999999999999,0
2296920,0.0329999999999998,0
2296950,0.008,0
2296980,0.0044999999999999,0
2297010,0.0065000000000002,0
2297040,0.0069999999999999,0
2297070,0.0059999999999998,0
2297100,0.0059999999999998,0
2297130,0.0064999999999999,0
2297160,0.0075,0
2297190,0.005,0
2297220,0.0055,0
2297250,0.0075000000000001,0
2297280,0.0059999999999999,0
2297310,0.0049999999999999,0
2297340,0.004,0
2297370,0.0074999999999998,0
2297400,0.005,0
2297430,0.0054999999999999,0
2297460,0.0029999999999999,0
2297490,0.008,0
2297520,0.005,0
2297550,0.0059999999999999,0
2297580,0.0050000000000001,0
2297610,0.0049999999999998,0
2297640,0.0035,0
2297670,0.0324999999999999,0
2297700,0.0045,0
2297730,0.0079999999999999,0
2297760,0.0045000000000001,0
2297790,0.0054999999999998,0
2297820,0.0054999999999999,0
2297850,0.0045,0
2297880,0.0044999999999999,0
2297910,0.006,0
2297940,0.0055000000000001,0
2297970,0.004,0
2298000,0.0059999999999998,0
2298030,0.0039999999999999,0
2298060,0.0145,0
2298090,0.0094999999999999,0
2298120,0.0055,0
2298150,0.0030000000000001,0
2298180,0.0055,0
2298210,0.0054999999999998,0
2298240,0.0259999999999998,0
2298270,0.0035000000000001,0
2298300,0.0054999999999999,0
2298330,0.0035000000000001,0
2298360,0.0030000000000001,0
2298390,0.0079999999999999,0
2298420,0.0054999999999998,0
2298450,0.029,0
2298480,0.0054999999999999,0
2298510,0.006,0
2298540,0.0050000000000002,0
2298570,0.0039999999999999,0
2298600,0.0044999999999999,0
2298630,0.0035000000000001,0
2298660,0.0035000000000001,0
2298690,0.0069999999999998,0
2298720,0.0064999999999999,0
2298750,0.0054999999999999,0
2298780,0.0050000000000001,0
2298810,0.0050000000000002,0
2298840,0.0044999999999999,0
2298870,0.0055,0
2298900,0.004,0
2298930,0.0054999999999999,0
2298960,0.0060000000000001,0
2298990,0.004,0
2299020,0.0065000000000002,0
2299050,0.0064999999999999,0
2299080,0.0119999999999999,0
2299110,0.004,0
2299140,0.0044999999999999,0
2299170,0.005,0
2299200,0.004,0
2299230,0.0070000000000002,0
2299260,0.0055,0
2299290,0.0055000000000001,0
2299320,0.0035000000000001,0
2299350,0.0039999999999999,0
2299380,0.0054999999999999,0
2299410,0.004,0
2299440,0.0049999999999999,0
2299470,0.0060000000000001,0
2299500,0.0035,0
2299530,0.0075,0
2299560,0.0035000000000001,0
2299590,0.0050000000000001,0
2299620,0.004,0
2299650,0.007,0
2299680,0.0045000000000001,0
2299710,0.005,0
2299740,0.0044999999999999,0
2299770,0.0050000000000001,0
2299800,0.0049999999999998,0
2299830,0.0055000000000001,0
2299860,0.0064999999999997,0
2299890,0.0074999999999997,0
2299920,0.0045,0
2299950,0.0044999999999998,0
2299980,0.0049999999999999,0
2300010,0.0029999999999999,0
2300040,0.004,0
2300070,0.0065000000000002,0
2300100,0.0050000000000001,0
2300130,0.0044999999999999,0
2300160,0.0055000000000001,0
2300190,0.005,0
2300220,0.005,0
2300250,0.0034999999999998,0
2300280,0.005,0
2300310,0.0034999999999998,0
2300340,0.0055,0
2300370,0.006,0
2300400,0.0049999999999999,0
2300430,0.0054999999999999,0
2300460,0.0055,0
2300490,0.0074999999999999,0
2300520,0.0035,0
2300550,0.0039999999999999,0
2300580,0.0035000000000001,0
2300610,0.0034999999999999,0
2300640,0.0039999999999999,0
2300670,0.0024999999999998,0
2300700,0.0059999999999999,0
2300730,0.004,0
2300760,0.0045000000000001,0
2300790,0.0044999999999998,0
2300820,0.0025,0
2300850,0.005,0
2300880,0.0049999999999998,0
2300910,0.0039999999999999,0
2300940,0.0044999999999999,0
2300970,0.0035,0
2301000,0.0035,0
2301030,0.0065,0
2301060,0.0055000000000001,0
2301090,0.0069999999999999,0
2301120,0.0035000000000001,0
2301150,0.0055,0
2301180,0.0030000000000002,0
2301210,0.0054999999999998,0
2301240,0.006,0
2301270,0.0060000000000001,0
2301300,0.0054999999999999,0
2301330,0.0069999999999997,0
2301360,0.0059999999999998,0
2301390,0.0074999999999999,0
2301420,0.0064999999999999,0
2301450,0.0054999999999999,0
2301480,0.0070000000000001,0
2301510,0.0059999999999997,0
2301540,0.0049999999999999,0
2301570,0.0059999999999998,0
2301600,0.006,0
2301630,0.007,0
2301660,0.0054999999999999,0
2301690,0.0084999999999999,0
2301720,0.0050000000000002,0
2301750,0.0065000000000001,0
2301780,0.0039999999999997,0
2301810,0.0059999999999998,0
2301840,0.0034999999999999,0
2301870,0.0065,0
2301900,0.0069999999999997,0
2301930,0.0059999999999999,0
2301960,0.006,0
2301990,0.007,0
2302020,0.0054999999999997,0
2302050,0.0059999999999997,0
2302080,0.0059999999999998,0
2302110,0.0050000000000001,0
2302140,0.0064999999999999,0
2302170,0.0055000000000001,0
2302200,0.0049999999999998,0
2302230,0.0059999999999999,0
2302260,0.007,0
2302290,0.0074999999999998,0
2302320,0.0055,0
2302350,0.0059999999999998,0
2302380,0.0054999999999999,0
2302410,0.004,0
2302440,0.0065000000000001,0
2302470,0.0059999999999998,0
2302500,0.0035,0
2302530,0.0075000000000001,0
2302560,0.0049999999999998,0
2302590,0.0079999999999999,0
2302620,0.0049999999999998,0
2302650,0.0044999999999999,0
2302680,0.006,0
2302710,0.0054999999999998,0
2302740,0.0049999999999999,0
2302770,0.0069999999999998,0
2302800,0.0030000000000002,0
2302830,0.0044999999999999,0
2302860,0.0059999999999998,0
2302890,0.0085,0
2302920,0.0054999999999999,0
2302950,0.0065,0
2302980,0.0069999999999999,0
2303010,0.006,0
2303040,0.006,0
2303070,0.0075000000000002,0
2303100,0.0064999999999999,0
2303130,0.0044999999999998,0
2303160,0.0065,0
2303190,0.0060000000000003,0
2303220,0.0044999999999998,0
2303250,0.0060000000000001,0
2303280,0.0045,0
2303310,0.0059999999999997,0
2303340,0.0050000000000002,0
2303370,0.0050000000000005,0
2303400,0.0069999999999995,0
2303430,0.0045,0
2303460,0.0065000000000001,0
2303490,0.008,0
2303520,0.0054999999999999,0
2303550,0.0045000000000001,0
2303580,0.0064999999999997,0
2303610,0.0059999999999999,0
2303640,0.0064999999999997,0
2303670,0.005,0
2303700,0.0045,0
2303730,0.0064999999999997,0
2303760,0.0035,0
2303790,0.0059999999999998,0
2303820,0.0050000000000002,0
2303850,0.008,0
2303880,0.006,0
2303910,0.0054999999999999,0
2303940,0.0054999999999999,0
2303970,0.0069999999999998,0
2304000,0.0075000000000001,0
2304030,0.0064999999999999,0
2304060,0.0069999999999999,0
2304090,0.0079999999999999,0
2304120,0.0065000000000001,0
2304150,0.0074999999999999,0
2304180,0.0059999999999997,0
2304210,0.005,0
2304240,0.0074999999999998,0
2304270,0.0050000000000001,0
2304300,0.0054999999999999,0
2304330,0.0049999999999998,0
2304360,0.0055,0
2304390,0.0059999999999999,0
2304420,0.0055000000000002,0
2304450,0.0059999999999997,0
2304480,0.0054999999999998,0
2304510,0.0064999999999999,0
2304540,0.0065000000000003,0
2304570,0.0044999999999999,0
2304600,0.0044999999999999,0
2304630,0.0049999999999999,0
2304660,0.0054999999999998,0
2304690,0.0084999999999999,0
2304720,0.006,0
2304750,0.0064999999999999,0
2304780,0.0044999999999999,0
2304810,0.0045,0
2304840,0.0055,0
2304870,0.0065000000000001,0
2304900,0.0059999999999998,0
2304930,0.0055000000000001,0
2304960,0.0075,0
2304990,0.0054999999999998,0
2305020,0.0054999999999998,0
2305050,0.0049999999999999,0
2305080,0.0054999999999997,0
2305110,0.0065000000000001,0
2305140,0.0064999999999998,0
2305170,0.005,0
2305200,0.0054999999999997,0
2305230,0.0059999999999997,0
2305260,0.0055,0
2305290,0.0100000000000003,0
2305320,0.0059999999999997,0
2305350,0.0055,0
2305380,0.0059999999999998,0
2305410,0.0064999999999999,0
2305440,0.0055000000000001,0
2305470,0.0059999999999998,0
2305500,0.0055,0
2305530,0.0054999999999999,0
2305560,0.0039999999999998,0
2305590,0.0050000000000003,0
2305620,0.0075,0
2305650,0.005,0
2305680,0.0055000000000001,0
2305710,0.0054999999999999,0
2305740,0.0070000000000002,0
2305770,0.0054999999999998,0
2305800,0.0024999999999998,0
2305830,0.0035,0
2305860,0.004,0
2305890,0.0054999999999999,0
2305920,0.0065000000000003,0
2305950,0.0034999999999999,0
2305980,0.0055,0
2306010,0.0060000000000001,0
2306040,0.0050000000000001,0
2306070,0.0064999999999998,0
2306100,0.0049999999999998,0
2306130,0.0054999999999999,0
2306160,0.0065000000000001,0
2306190,0.0049999999999999,0
2306220,0.006,0
2306250,0.0045,0
2306280,0.005,0
2306310,0.0039999999999996,0
2306340,0.0059999999999999,0
2306370,0.0035000000000002,0
2306400,0.006,0
2306430,0.0044999999999998,0
2306460,0.0075000000000001,0
2306490,0.0074999999999999,0
2306520,0.0055000000000001,0
2306550,0.005,0
2306580,0.005,0
2306610,0.0049999999999999,0
2306640,0.0045000000000003,0
2306670,0.0044999999999999,0
2306700,0.0049999999999998,0
2306730,0.0049999999999998,0
2306760,0.0064999999999998,0
2306790,0.0064999999999999,0
2306820,0.0049999999999997,0
2306850,0.0044999999999999,0
2306880,0.0055000000000001,0
2306910,0.0054999999999999,0
2306940,0.0064999999999999,0
2306970,0.0034999999999998,0
2307000,0.0044999999999996,0
2307030,0.0039999999999997,0
2307060,0.0029999999999999,0
2307090,0.0065000000000002,0
2307120,0.0059999999999997,0
2307150,0.0055000000000003,0
2307180,0.0029999999999999,0
2307210,0.0054999999999997,0
2307240,0.0054999999999999,0
2307270,0.0059999999999998,0
2307300,0.0025,0
2307330,0.0049999999999998,0
2307360,0.0070000000000002,0
2307390,0.005,0
2307420,0.0030000000000001,0
2307450,0.0055000000000001,0
2307480,0.0049999999999998,0
2307510,0.007,0
2307540,0.0054999999999997,0
2307570,0.0034999999999996,0
2307600,0.0044999999999999,0
2307630,0.0064999999999997,0
2307660,0.0029999999999999,0
2307690,0.0054999999999999,0
2307720,0.0029999999999999,0
2307750,0.0035000000000001,0
2307780,0.0054999999999999,0
2307810,0.0065000000000001,0
2307840,0.0040000000000002,0
2307870,0.0034999999999998,0
2307900,0.0055000000000001,0
2307930,0.0055000000000001,0
2307960,0.0065000000000001,0
2307990,0.005,0
2308020,0.0044999999999999,0
2308050,0.0050000000000002,0
2308080,0.0064999999999999,0
2308110,0.0035,0
2308140,0.0034999999999998,0
2308170,0.0044999999999999,0
2308200,0.0044999999999999,0
2308230,0.0034999999999998,0
2308260,0.005,0
2308290,0.008,0
2308320,0.0049999999999998,0
2308350,0.0054999999999999,0
2308380,0.004,0
2308410,0.006,0
2308440,0.0035,0
2308470,0.0054999999999996,0
2308500,0.0044999999999998,0
2308530,0.0064999999999999,0
2308560,0.0030000000000001,0
2308590,0.004,0
2308620,0.005,0
2308650,0.0044999999999998,0
2308680,0.0019999999999997,0
2308710,0.0054999999999999,0
2308740,0.0054999999999997,0
2308770,0.0054999999999999,0
2308800,0.0039999999999999,0
2308830,0.005,0
2308860,0.0059999999999998,0
2308890,0.0085000000000002,0
2308920,0.0029999999999997,0
2308950,0.0039999999999997,0
2308980,0.0019999999999999,0
2309010,0.0040000000000002,0
2309040,0.0029999999999999,0
2309070,0.0064999999999997,0
2309100,0.0044999999999999,0
2309130,0.0055000000000001,0
2309160,0.0034999999999998,0
2309190,0.0035000000000001,0
2309220,0.004,0
2309250,0.0029999999999999,0
2309280,0.0039999999999999,0
2309310,0.0029999999999999,0
2309340,0.0055000000000001,0
2309370,0.015,0
2309400,0.0044999999999998,0
2309430,0.0045000000000003,0
2309460,0.005,0
2309490,0.008,0
2309520,0.0054999999999999,0
2309550,0.0035,0
2309580,0.0039999999999999,0
2309610,0.0045000000000001,0
2309640,0.0064999999999995,0
2309670,0.0045000000000003,0
2309700,0.0034999999999998,0
2309730,0.0045000000000001,0
2309760,0.0044999999999998,0
2309790,0.0034999999999998,0
2309820,0.0039999999999999,0
2309850,0.0050000000000004,0
2309880,0.0045000000000001,0
2309910,0.0044999999999998,0
2309940,0.0044999999999998,0
2309970,0.0059999999999998,0
2310000,0.0055000000000001,0
2310030,0.0054999999999999,0
2310060,0.0050000000000002,0
2310090,0.0099999999999999,0
2310120,0.004,0
2310150,0.0059999999999998,0
2310180,0.0039999999999999,0
2310210,0.0054999999999997,0
2310240,0.0039999999999997,0
2310270,0.0060000000000002,0
2310300,0.0044999999999998,0
2310330,0.0059999999999998,0
2310360,0.0045000000000001,0
2310390,0.0060000000000004,0
2310420,0.0059999999999998,0
2310450,0.005,0
2310480,0.006,0
2310510,0.004,0
2310540,0.0054999999999999,0
2310570,0.0044999999999998,0
2310600,0.0054999999999999,0
2310630,0.0069999999999994,0
2310660,0.0070000000000002,0
2310690,0.0079999999999998,0
2310720,0.0080000000000001,0
2310750,0.005,0
2310780,0.0064999999999997,0
2310810,0.0065000000000004,0
2310840,0.0079999999999998,0
2310870,0.0060000000000002,0
2310900,0.005,0
2310930,0.0059999999999998,0
2310960,0.008,0
2310990,0.004,0
2311020,0.0049999999999998,0
2311050,0.0060000000000002,0
2311080,0.006,0
2311110,0.007,0
2311140,0.0044999999999998,0
2311170,0.0075000000000002,0
2311200,0.0049999999999997,0
2311230,0.004,0
2311260,0.0055000000000001,0
2311290,0.0100000000000001,0
2311320,0.0054999999999999,0
2311350,0.005,0
2311380,0.0035,0
2311410,0.0034999999999998,0
2311440,0.0045000000000001,0
2311470,0.0049999999999998,0
2311500,0.0060000000000002,0
2311530,0.0049999999999998,0
2311560,0.005,0
2311590,0.0184999999999998,0
2311620,0.0054999999999999,0
2311650,0.0059999999999996,0
2311680,0.0039999999999999,0
2311710,0.0054999999999999,0
2311740,0.0055000000000001,0
2311770,0.0035000000000001,0
2311800,0.0059999999999998,0
2311830,0.0054999999999999,0
2311860,0.0070000000000003,0
2311890,0.0079999999999998,0
2311920,0.005,0
2311950,0.0049999999999998,0
2311980,0.006,0
2312010,0.004,0
2312040,0.0054999999999999,0
2312070,0.0064999999999999,0
2312100,0.006,0
2312130,0.006,0
2312160,0.0049999999999998,0
2312190,0.004,0
2312220,0.0040000000000002,0
2312250,0.0054999999999999,0
2312280,0.0039999999999999,0
2312310,0.0050000000000002,0
2312340,0.0059999999999998,0
2312370,0.0045000000000001,0
2312400,0.0044999999999999,0
2312430,0.005,0
2312460,0.005,0
2312490,0.0089999999999999,0
2312520,0.0054999999999999,0
2312550,0.0039999999999999,0
2312580,0.0039999999999999,0
2312610,0.0045000000000001,0
2312640,0.0044999999999999,0
2312670,0.0044999999999998,0
2312700,0.0055000000000001,0
2312730,0.0044999999999999,0
2312760,0.0039999999999999,0
2312790,0.0075000000000001,0
2312820,0.007,0
2312850,0.0059999999999998,0
2312880,0.005,0
2312910,0.0065000000000001,0
2312940,0.0039999999999999,0
2312970,0.0054999999999999,0
2313000,0.0054999999999999,0
2313030,0.0069999999999998,0
2313060,0.0055000000000001,0
2313090,0.0114999999999998,0
2313120,0.0064999999999997,0
2313150,0.0074999999999997,0
2313180,0.0065000000000003,0
2313210,0.005,0
2313240,0.005,0
2313270,0.0084999999999999,0
2313300,0.0054999999999999,0
2313330,0.0045000000000001,0
2313360,0.0044999999999999,0
2313390,0.0054999999999997,0
2313420,0.0055000000000001,0
2313450,0.0065000000000001,0
2313480,0.0044999999999999,0
2313510,0.0060000000000004,0
2313540,0.0034999999999998,0
2313570,0.006,0
2313600,0.0054999999999994,0
2313630,0.0045000000000001,0
2313660,0.007,0
2313690,0.0104999999999998,0
2313720,0.0064999999999999,0
2313750,0.0064999999999997,0
2313780,0.0054999999999999,0
2313810,0.0075000000000001,0
2313840,0.0059999999999998,0
2313870,0.0064999999999999,0
2313900,0.0064999999999999,0
2313930,0.0049999999999998,0
2313960,0.0044999999999999,0
2313990,0.0065000000000001,0
2314020,0.0055000000000003,0
2314050,0.0054999999999997,0
2314080,0.0054999999999997,0
2314110,0.0079999999999996,0
2314140,0.0064999999999999,0
2314170,0.0055000000000001,0
2314200,0.0064999999999999,0
2314230,0.0044999999999999,0
2314260,0.006,0
2314290,0.0079999999999998,0
2314320,0.0040000000000002,0
2314350,0.0075000000000001,0
2314380,0.0049999999999998,0
2314410,0.0075000000000001,0
2314440,0.0064999999999999,0
2314470,0.0074999999999999,0
2314500,0.0054999999999999,0
2314530,0.006,0
2314560,0.0055000000000001,0
2314590,0.0064999999999999,0
2314620,0.0044999999999998,0
2314650,0.0074999999999997,0
2314680,0.0044999999999999,0
2314710,0.0059999999999998,0
2314740,0.0049999999999998,0
2314770,0.005,0
2314800,0.0045000000000001,0
2314830,0.0060000000000002,0
2314860,0.0055000000000001,0
2314890,0.0080000000000001,0
2314920,0.0045000000000001,0
2314950,0.0070000000000002,0
2314980,0.0034999999999998,0
2315010,0.0054999999999996,0
2315040,0.0035,0
2315070,0.0040000000000002,0
2315100,0.005,0
2315130,0.0049999999999998,0
2315160,0.0044999999999996,0
2315190,0.008,0
2315220,0.0050000000000002,0
2315250,0.0075000000000002,0
2315280,0.0049999999999998,0
2315310,0.0064999999999999,0
2315340,0.0039999999999999,0
2315370,0.0050000000000002,0
2315400,0.0044999999999998,0
2315430,0.0054999999999997,0
2315460,0.0055000000000005,0
2315490,0.0099999999999997,0
2315520,0.0044999999999998,0
2315550,0.0044999999999999,0
2315580,0.0045000000000001,0
2315610,0.007,0
2315640,0.0035000000000001,0
2315670,0.0054999999999997,0
2315700,0.0020000000000001,0
2315730,0.007,0
2315760,0.0039999999999999,0
2315790,0.004,0
2315820,0.0029999999999999,0
2315850,0.0059999999999996,0
2315880,0.0024999999999996,0
2315910,0.005,0
2315940,0.0044999999999999,0
2315970,0.0045000000000001,0
2316000,0.0039999999999999,0
2316030,0.0074999999999999,0
2316060,0.0045000000000001,0
2316090,0.0089999999999998,0
2316120,0.0054999999999999,0
2316150,0.0050000000000004,0
2316180,0.0054999999999997,0
2316210,0.0044999999999998,0
2316240,0.0044999999999998,0
2316270,0.0065000000000003,0
2316300,0.0049999999999997,0
2316330,0.0064999999999999,0
2316360,0.0039999999999999,0
2316390,0.0064999999999999,0
2316420,0.0025,0
2316450,0.0055000000000001,0
2316480,0.0030000000000001,0
2316510,0.0035,0
2316540,0.0034999999999998,0
2316570,0.0054999999999996,0
2316600,0.0054999999999997,0
2316630,0.0060000000000002,0
2316660,0.0045000000000001,0
2316690,0.008,0
2316720,0.0039999999999997,0
2316750,0.0045000000000003,0
2316780,0.006,0
2316810,0.0055000000000003,0
2316840,0.0069999999999998,0
2316870,0.0054999999999997,0
2316900,0.0044999999999999,0
2316930,0.0050000000000004,0
2316960,0.0030000000000001,0
2316990,0.0049999999999997,0
2317020,0.0035,0
2317050,0.0039999999999997,0
2317080,0.005,0
2317110,0.0939999999999999,0
2317140,0.0035,0
2317170,0.0055000000000001,0
2317200,0.0025,0
2317230,0.0055000000000003,0
2317260,0.0020000000000001,0
2317290,0.0099999999999999,0
2317320,0.0044999999999999,0
2317350,0.0039999999999997,0
2317380,0.004,0
2317410,0.0074999999999999,0
2317440,0.0045000000000001,0
2317470,0.0045000000000001,0
2317500,0.0029999999999999,0
2317530,0.0070000000000003,0
2317560,0.0364999999999998,0
2317590,0.0095,0
2317620,0.0034999999999998,0
2317650,0.0054999999999999,0
2317680,0.0030000000000002,0
2317710,0.0054999999999997,0
2317740,0.0029999999999997,0
2317770,0.0045000000000007,0
2317800,0.0034999999999998,0
2317830,0.0255,0
2317860,0.453,0
2317890,0.1885000000000001,0
2317920,0.2044999999999998,0
2317950,0.2614999999999993,0
2317980,0.2105,0
2318010,0.1915000000000002,0
2318040,0.2460000000000002,0
2318070,0.2060000000000004,0
2318100,0.2464999999999996,0
2318130,0.2309999999999995,0
2318160,0.1969999999999999,0
2318190,0.0195000000000012,0
2318220,0.0144999999999996,0
2318250,0.0119999999999995,0
2318280,0.3195000000000003,0
2318310,0.2075000000000001,0
2318340,0.0385000000000006,0
2318370,0.0379999999999993,0
2318400,0.0474999999999997,0
2318430,0.0859999999999995,0
2318460,0.0695,0
2318490,0.0694999999999994,0
2318520,0.0635000000000001,0
2318550,0.1180000000000003,0
2318580,0.0909999999999993,0
2318610,0.0774999999999991,0
2318640,0.2835000000000004,0
2318670,0.2770000000000003,0
2318700,0.1945,0
2318730,0.3379999999999999,0
2318760,0.1790000000000003,0
2318790,0.1385000000000001,0
2318820,0.0399999999999998,0
2318850,0.1895000000000003,0
2318880,0.2289999999999999,0
2318910,0.1030000000000004,0
2318940,0.4700000000000003,0
2318970,1.0015000000000005,1
2319000,1.0019999999999998,1
2319030,1.0030000000000003,1
2319060,1.0019999999999996,1
2319090,1.003999999999999,1
2319120,1.0015,1
2319150,1.0015000000000005,1
2319180,1.0014999999999996,1
2319210,1.0024999999999995,1
2319240,0.9919999999999995,1
2319270,1.002000000000001,1
2319300,1.0020000000000004,1
2319330,0.9919999999999984,1
2319360,1.002500000000004,1
2319390,1.0025,1
2319420,1.0019999999999971,1
2319450,1.0014999999999996,1
2319480,1.0,1
2319510,1.0029999999999994,1
2319540,1.003,1
2319570,1.0029999999999997,1
2319600,1.0010000000000003,1
2319630,0.9815000000000011,1
2319660,1.001999999999999,1
2319690,1.0049999999999992,1
2319720,1.0020000000000004,1
2319750,1.0009999999999983,1
2319780,1.0005000000000002,1
2319810,1.0030000000000023,1
2319840,1.0005,1
2319870,1.003000000000001,1
2319900,1.002,1
2319930,0.9910000000000014,1
2319960,1.0019999999999984,1
2319990,1.0015000000000005,1
2320020,1.001,1
2320050,1.0015000000000012,1
2320080,1.0024999999999975,1
2320110,1.0060000000000002,1
2320140,1.002500000000001,1
2320170,1.0029999999999994,1
2320200,1.001,1
2320230,0.9930000000000015,1
2320260,1.0029999999999988,1
2320290,1.0049999999999983,1
2320320,1.0014999999999996,1
2320350,1.0024999999999995,1
2320380,1.0015000000000025,1
2320410,1.0020000000000002,1
2320440,1.0010000000000028,1
2320470,1.0035000000000018,1
2320500,1.0015,1
2320530,0.5964999999999936,0
2320560,0.2370000000000026,0
2320590,0.0819999999999978,0
2320620,0.0109999999999988,0
2320650,0.011000000000001,0
2320680,0.0324999999999974,0
2320710,0.1219999999999977,0
2320740,0.0160000000000039,0
2320770,0.0170000000000012,0
2320800,0.029999999999999,0
2320830,0.1590000000000003,0
2320860,0.0390000000000004,0
2320890,0.2169999999999994,0
2320920,0.0480000000000007,0
2320950,0.018999999999999,0
2320980,0.013999999999994,0
2321010,0.0214999999999996,0
2321040,0.2435000000000009,0
2321070,0.093499999999991,0
2321100,0.0119999999999997,0
2321130,0.0750000000000021,0
2321160,0.1679999999999978,0
2321190,0.0579999999999987,0
2321220,0.1365000000000009,0
2321250,0.0230000000000011,0
2321280,0.0250000000000049,0
2321310,0.2000000000000003,0
2321340,0.1400000000000044,0
2321370,0.0219999999999991,0
2321400,0.1619999999999937,0
2321430,0.1384999999999959,0
2321460,0.0119999999999979,0
2321490,0.0259999999999983,0
2321520,0.0240000000000026,0
2321550,0.031500000000004,0
2321580,0.0919999999999973,0
2321610,0.1189999999999973,0
2321640,0.0149999999999977,0
2321670,0.0280000000000033,0
2321700,0.0264999999999954,0
2321730,0.0309999999999991,0
2321760,0.0260000000000015,0
2321790,0.0465000000000003,0
2321820,0.1375000000000003,0
2321850,0.0864999999999998,0
2321880,0.0129999999999984,0
2321910,0.0105000000000011,0
2321940,0.0189999999999983,0
2321970,0.0189999999999944,0
2322000,0.018999999999999,0
2322030,0.0164999999999949,0
2322060,0.248999999999998,0
2322090,0.1454999999999984,0
2322120,0.0155000000000029,0
2322150,0.0170000000000005,0
2322180,0.2600000000000058,0
2322210,0.1594999999999984,0
2322240,0.0134999999999998,0
2322270,0.0155000000000004,0
2322300,0.0140000000000029,0
2322330,0.0175000000000043,0
2322360,0.0160000000000028,0
2322390,0.0155000000000011,0
2322420,0.251499999999999,0
2322450,0.1199999999999971,0
2322480,0.0210000000000022,0
2322510,0.0230000000000007,0
2322540,0.0159999999999925,0
2322570,0.0180000000000024,0
2322600,0.0110000000000002,0
2322630,0.0125000000000003,0
2322660,0.2495000000000057,0
2322690,0.1335000000000015,0
2322720,0.0155000000000047,0
2322750,0.2845000000000023,0
2322780,0.291999999999997,0
2322810,0.1129999999999995,0
2322840,0.011999999999999,0
2322870,0.0105,0
2322900,0.0100000000000022,0
2322930,0.0090000000000006,0
2322960,0.0065000000000011,0
2322990,0.0079999999999973,0
2323020,0.3120000000000008,0
2323050,0.1334999999999965,0
2323080,0.015499999999999,0
2323110,0.0179999999999999,0
2323140,0.0085000000000022,0
2323170,0.1500000000000014,0
2323200,0.1039999999999931,0
2323230,0.0319999999999982,0
2323260,0.0084999999999972,0
2323290,0.0119999999999997,0
2323320,0.0125000000000039,0
2323350,0.0145000000000031,0
2323380,0.0129999999999952,0
2323410,0.0125000000000007,0
2323440,0.0120000000000011,0
2323470,0.0159999999999982,0
2323500,0.0109999999999978,0
2323530,0.0125000000000063,0
2323560,0.0470000000000013,0
2323590,0.1380000000000077,0
2323620,0.0304999999999989,0
2323650,0.0164999999999992,0
2323680,0.0174999999999951,0
2323710,0.0194999999999947,0
2323740,0.0175000000000011,0
2323770,0.0150000000000037,0
2323800,0.0139999999999982,0
2323830,0.0125000000000024,0
2323860,0.0165000000000034,0
2323890,0.0214999999999978,0
2323920,0.0125000000000021,0
2323950,0.0445,0
2323980,0.1465000000000014,0
2324010,0.0590000000000003,0
2324040,0.0150000000000037,0
2324070,0.2379999999999999,0
2324100,0.0995000000000047,0
2324130,0.2230000000000011,0
2324160,0.0575000000000009,0
2324190,0.189000000000005,0
2324220,0.1084999999999965,0
2324250,0.2409999999999968,0
2324280,0.1445000000000014,0
2324310,0.0129999999999988,0
2324340,0.0069999999999986,0
2324370,0.0105000000000004,0
2324400,0.006499999999999,0
2324430,0.011999999999999,0
2324460,0.0079999999999991,0
2324490,0.0104999999999975,0
2324520,0.2390000000000014,0
2324550,0.0844999999999984,0
2324580,0.0279999999999972,0
2324610,0.144000000000004,0
2324640,0.0530000000000008,0
2324670,0.0104999999999968,0
2324700,0.0129999999999995,0
2324730,0.0224999999999965,0
2324760,0.0260000000000033,0
2324790,0.0330000000000012,0
2324820,0.0259999999999969,0
2324850,0.2459999999999986,0
2324880,0.1005000000000002,0
2324910,0.0130000000000002,0
2324940,0.0104999999999968,0
2324970,0.0199999999999988,0
2325000,0.0219999999999991,0
2325030,0.0220000000000013,0
2325060,0.0229999999999989,0
2325090,0.0425000000000046,0
2325120,0.2490000000000009,0
2325150,0.0450000000000002,0
2325180,0.1755000000000052,0
2325210,0.116000000000001,0
2325240,0.0895000000000003,0
2325270,0.1040000000000034,0
2325300,0.0714999999999975,0
2325330,0.3454999999999962,0
2325360,0.1445000000000007,0
2325390,0.0615000000000037,0
2325420,0.1094999999999984,0
2325450,0.0644999999999981,0
2325480,0.0945,0
2325510,0.2045000000000016,0
2325540,0.2765000000000001,0
2325570,0.1225000000000015,0
2325600,0.1335000000000007,0
2325630,0.1619999999999976,0
2325660,0.0744999999999912,0
2325690,0.244999999999996,0
2325720,0.0864999999999966,0
2325750,0.1154999999999986,0
2325780,0.0244999999999983,0
2325810,0.0260000000000005,0
2325840,0.2559999999999924,0
2325870,0.1460000000000058,0
2325900,0.0714999999999967,0
2325930,0.091499999999997,0
2325960,0.064999999999997,0
2325990,0.0759999999999969,0
2326020,0.2279999999999958,0
2326050,0.0564999999999997,0
2326080,0.1204999999999984,0
2326110,0.0450000000000031,0
2326140,0.0780000000000001,0
2326170,0.2275000000000006,0
2326200,0.1049999999999997,0
2326230,0.0659999999999961,0
2326260,0.2049999999999954,0
2326290,0.1485000000000035,0
2326320,0.1330000000000005,0
2326350,0.1060000000000009,0
2326380,0.2209999999999994,0
2326410,0.0469999999999998,0
2326440,0.0935000000000002,0
2326470,0.1335000000000029,0
2326500,0.0274999999999963,0
2326530,0.2579999999999984,0
2326560,0.147500000000003,0
2326590,0.0295000000000015,0
2326620,0.0384999999999976,0
2326650,0.2735000000000063,0
2326680,0.1114999999999966,0
2326710,0.0534999999999982,0
2326740,0.0320000000000057,0
2326770,0.1044999999999966,0
2326800,0.1679999999999978,0
2326830,0.120000000000001,0
2326860,0.045000000000001,0
2326890,0.0109999999999978,0
2326920,0.0070000000000042,0
2326950,0.0194999999999978,0
2326980,0.0204999999999969,0
2327010,0.0105000000000082,0
2327040,0.0510000000000005,0
2327070,0.1945000000000029,0
2327100,0.0129999999999981,0
2327130,0.249000000000003,0
2327160,0.2555000000000028,0
2327190,0.0205000000000033,0
2327220,0.0980000000000053,0
2327250,0.3810000000000002,0
2327280,0.1420000000000016,0
2327310,0.0180000000000021,0
2327340,0.009499999999997,0
2327370,0.0725000000000001,0
2327400,0.1845000000000013,0
2327430,0.1020000000000003,0
2327460,0.0130000000000031,0
2327490,0.0130000000000023,0
2327520,0.2510000000000055,0
2327550,0.1250000000000028,0
2327580,0.0185000000000044,0
2327610,0.009500000000002,0
2327640,0.0084999999999979,0
2327670,0.0104999999999989,0
2327700,0.2094999999999942,0
2327730,0.9999999999999972,1
2327760,0.997999999999999,1
2327790,1.0004999999999995,1
2327820,0.9975000000000008,1
2327850,0.9974999999999988,1
2327880,0.9965000000000004,1
2327910,0.9989999999999972,1
2327940,0.999500000000001,1
2327970,0.9975000000000008,1
2328000,0.9969999999999986,1
2328030,1.0024999999999993,1
2328060,1.0009999999999992,1
2328090,1.0034999999999996,1
2328120,1.0014999999999987,1
2328150,1.0034999999999998,1
2328180,1.0015000000000058,1
2328210,1.0009999999999992,1
2328240,1.0024999999999975,1
2328270,1.0030000000000072,1
2328300,1.0024999999999975,1
2328330,1.0034999999999967,1
2328360,1.0024999999999975,1
2328390,1.0050000000000026,1
2328420,1.0019999999999982,1
2328450,1.005000000000004,1
2328480,1.0009999999999937,1
2328510,1.0034999999999967,1
2328540,1.002000000000005,1
2328570,1.0029999999999988,1
2328600,1.0009999999999992,1
2328630,1.0025000000000006,1
2328660,1.0009999999999992,1
2328690,1.0035000000000054,1
2328720,1.0024999999999975,1
2328750,1.0019999999999982,1
2328780,1.0,1
2328810,1.003,1
2328840,1.0015,1
2328870,1.0025000000000033,1
2328900,1.0010000000000006,1
2328930,1.0014999999999987,1
2328960,1.0004999999999995,1
2328990,1.000999999999999,1
2329020,1.0024999999999975,1
2329050,1.0030000000000014,1
2329080,1.0030000000000017,1
2329110,1.0015,1
2329140,1.0014999999999987,1
2329170,1.002500000000002,1
2329200,1.0019999999999996,1
2329230,1.003,1
2329260,1.0015,1
2329290,1.0050000000000083,1
2329320,1.0009999999999877,1
2329350,1.0030000000000088,1
2329380,1.0010000000000103,1
2329410,1.0015000000000014,1
2329440,1.000999999999995,1
2329470,1.0025000000000006,1
2329500,1.0025000000000006,1
2329530,1.0024999999999993,1
2329560,1.0020000000000011,1
2329590,1.0045000000000086,1
2329620,1.0009999999999892,1
2329650,1.0009999999999892,1
2329680,1.000999999999999,1
2329710,1.0029999999999986,1
2329740,1.0010000000000006,1
2329770,1.0039999999999962,1
2329800,1.0019999999999996,1
2329830,1.0029999999999988,1
2329860,1.0020000000000011,1
2329890,1.0030000000000017,1
2329920,1.0014999999999874,1
2329950,1.0020000000000024,1
2329980,1.0019999999999982,1
2330010,1.0019999999999998,1
2330040,1.0019999999999982,1
2330070,1.0024999999999975,1
2330100,1.0015000000000014,1
2330130,1.0005000000000022,1
2330160,0.9974999999999996,1
2330190,0.9979999999999988,1
2330220,0.997,1
2330250,0.9999999999999972,1
2330280,0.997499999999998,1
2330310,1.0005000000000008,1
2330340,0.9990000000000008,1
2330370,0.9984999999999956,1
2330400,0.9985000000000012,1
2330430,0.9979999999999976,1
2330460,0.9979999999999976,1
2330490,1.0014999999999987,1
2330520,0.9990000000000038,1
2330550,0.997499999999998,1
2330580,0.9954999999999984,1
2330610,0.9984999999999972,1
2330640,0.9974999999999996,1
2330670,1.0014999999999972,1
2330700,0.9964999999999988,1
2330730,1.0020000000000011,1
2330760,1.0025000000000006,1
2330790,1.0024999999999964,1
2330820,1.0025000000000093,1
2330850,1.0009999999999892,1
2330880,1.0010000000000006,1
2330910,1.003,1
2330940,1.002499999999999,1
2330970,1.0015,1
2331000,1.0004999999999995,1
2331030,1.0019999999999982,1
2331060,1.0029999999999986,1
2331090,1.0060000000000058,1
2331120,1.0014999999999985,1
2331150,1.0025000000000006,1
2331180,1.0014999999999985,1
2331210,1.0019999999999882,1
2331240,1.0015,1
2331270,1.002999999999986,1
2331300,1.0014999999999985,1
2331330,1.0035000000000154,1
2331360,1.0025000000000006,1
2331390,1.0025000000000104,1
2331420,1.000999999999999,1
2331450,1.0019999999999982,1
2331480,1.0024999999999864,1
2331510,1.0034999999999998,1
2331540,1.002000000000015,1
2331570,1.002499999999999,1
2331600,1.0020000000000038,1
2331630,1.0045000000000202,1
2331660,1.002499999999998,1
2331690,1.004000000000001,1
2331720,1.0009999999999977,1
2331750,1.0024999999999993,1
2331780,1.0025000000000033,1
2331810,1.0024999999999975,1
2331840,1.0014999999999985,1
2331870,1.0030000000000003,1
2331900,1.0015000000000014,1
2331930,1.0,1
2331960,1.0010000000000048,1
2331990,1.0025000000000093,1
2332020,1.0015000000000045,1
2332050,1.0029999999999972,1
2332080,1.0019999999999982,1
2332110,1.0040000000000076,1
2332140,1.0029999999999972,1
2332170,1.000999999999988,1
2332200,1.002000000000005,1
2332230,0.9804999999999922,1
2332260,1.0,1
2332290,1.0040000000000149,1
2332320,1.000500000000001,1
2332350,1.001500000000003,1
2332380,1.0029999999999972,1
2332410,1.0024999999999893,1
2332440,1.0010000000000103,1
2332470,1.001999999999987,1
2332500,1.0004999999999995,1
2332530,0.992000000000003,1
2332560,1.0019999999999982,1
2332590,1.0014999999999987,1
2332620,1.0024999999999975,1
2332650,1.0025000000000033,1
2332680,1.000999999999999,1
2332710,1.0029999999999888,1
2332740,1.0009999999999892,1
2332770,1.0015000000000014,1
2332800,1.0019999999999982,1
2332830,0.2890000000000001,0
2332860,0.0434999999999874,0
2332890,0.2410000000000081,0
2332920,0.0490000000000208,0
2332950,0.025999999999999,0
2332980,0.0149999999999977,0
2333010,0.2330000000000041,0
2333040,0.1444999999999879,0
2333070,0.011999999999999,0
2333100,0.0120000000000189,0
2333130,0.2209999999999909,0
2333160,0.159000000000023,0
2333190,0.2334999999999908,0
2333220,0.133500000000005,0
2333250,0.2194999999999808,0
2333280,0.1129999999999839,0
2333310,0.2295000000000001,0
2333340,0.0225000000000036,0
2333370,0.008999999999996,0
2333400,0.2465000000000103,0
2333430,0.159499999999997,0
2333460,0.021000000000005,0
2333490,0.0115000000000009,0
2333520,0.2119999999999919,0
2333550,0.2214999999999847,0
2333580,0.1955000000000055,0
2333610,0.1694999999999879,0
2333640,0.0330000000000069,0
2333670,0.0315000000000111,0
2333700,0.2359999999999857,0
2333730,0.1030000000000129,0
2333760,0.2385000000000033,0
2333790,0.1105000000000018,0
2333820,0.1295000000000058,0
2333850,0.1255000000000024,0
2333880,0.0364999999999952,0
2333910,0.0180000000000234,0
2333940,0.0130000000000137,0
2333970,0.0239999999999994,0
2334000,0.0230000000000018,0
2334030,0.0225000000000292,0
2334060,0.0159999999999897,0
2334090,0.0159999999999982,0
2334120,0.0209999999999809,0
2334150,0.021000000000005,0
2334180,0.0139999999999929,0
2334210,0.0225000000000079,0
2334240,0.0134999999999905,0
2334270,0.0220000000000069,0
2334300,0.2039999999999864,0
2334330,0.1100000000000065,0
2334360,0.0095000000000027,0
2334390,0.014500000000001,0
2334420,0.0114999999999867,0
2334450,0.0084999999999908,0
2334480,0.0110000000000084,0
2334510,0.0064999999999884,0
2334540,0.0120000000000032,0
2334570,0.0129999999999839,0
2334600,0.1889999999999858,0
2334630,1.0044999999999955,1
2334660,1.0014999999999956,1
2334690,1.0035000000000085,1
2334720,1.0044999999999846,1
2334750,1.0039999999999965,1
2334780,1.00150000000001,1
2334810,1.0024999999999975,1
2334840,1.0015000000000045,1
2334870,1.017999999999995,1
2334900,0.993500000000006,1
2334930,1.0014999999999987,1
2334960,1.0009999999999992,1
2334990,1.004000000000002,1
2335020,1.0014999999999987,1
2335050,1.003500000000008,1
2335080,1.0015000000000045,1
2335110,1.0029999999999986,1
2335140,1.0025000000000006,1
2335170,1.002000000000004,1
2335200,0.9819999999999952,1
2335230,1.0034999999999996,1
2335260,1.0015000000000156,1
2335290,1.0034999999999967,1
2335320,1.0010000000000103,1
2335350,1.0014999999999985,1
2335380,1.001999999999987,1
2335410,1.001000000000002,1
2335440,1.0014999999999987,1
2335470,1.004500000000003,1
2335500,0.9900000000000034,1
2335530,1.0025000000000035,1
2335560,1.000999999999999,1
2335590,1.002999999999993,1
2335620,1.000999999999999,1
2335650,1.0009999999999992,1
2335680,1.001499999999993,1
2335710,1.0014999999999985,1
2335740,1.000999999999999,1
2335770,1.0015000000000045,1
2335800,0.9899999999999978,1
2335830,1.0020000000000124,1
2335860,0.9995000000000004,1
2335890,1.003999999999991,1
2335920,1.0005000000000095,1
2335950,1.0004999999999995,1
2335980,1.0005000000000095,1
2336010,0.9995000000000076,1
2336040,0.9950000000000044,1
2336070,1.0010000000000006,1
2336100,0.9575000000000048,1
2336130,0.7344999999999786,1
2336160,1.003000000000003,1
2336190,1.0030000000000088,1
2336220,1.0029999999999974,1
2336250,1.0029999999999972,1
2336280,1.001499999999993,1
2336310,0.983499999999988,1
2336340,0.9999999999999944,1
2336370,1.002999999999997,1
2336400,1.0025000000000093,1
2336430,1.0024999999999975,1
2336460,1.0004999999999995,1
2336490,0.980499999999995,1
2336520,0.983000000000004,1
2336550,1.0030000000000028,1
2336580,1.000999999999999,1
2336610,1.0014999999999987,1
2336640,1.0014999999999872,1
2336670,1.00300000000002,1
2336700,0.9820000000000008,1
2336730,0.9674999999999973,1
2336760,1.0019999999999982,1
2336790,1.0034999999999854,1
2336820,1.0014999999999985,1
2336850,1.00150000000001,1
2336880,1.0024999999999864,1
2336910,1.0029999999999988,1
2336940,0.9805000000000064,1
2336970,1.002500000000009,1
2337000,1.000999999999999,1
2337030,1.002999999999986,1
2337060,1.0009999999999877,1
2337090,1.0055000000000025,1
2337120,1.0019999999999982,1
2337150,0.9820000000000164,1
2337180,0.9829999999999828,1
2337210,1.0024999999999975,1
2337240,1.0019999999999882,1
2337270,1.0014999999999987,1
2337300,1.0014999999999985,1
2337330,1.001999999999998,1
2337360,0.6445000000000293,0
2337390,0.102999999999993,0
2337420,0.2739999999999867,0
2337450,0.025999999999999,0
2337480,0.2084999999999979,0
2337510,0.3105000000000004,0
2337540,0.172000000000024,0
2337570,0.0710000000000192,0
2337600,0.0994999999999762,0
2337630,0.2474999999999951,0
2337660,0.1410000000000238,0
2337690,0.0150000000000019,0
2337720,0.0080000000000168,0
2337750,0.0139999999999986,0
2337780,0.0909999999999812,0
2337810,0.1679999999999935,0
2337840,0.0999999999999786,0
2337870,0.1629999999999782,0
2337900,0.2430000000000177,0
2337930,0.0570000000000007,0
2337960,0.3994999999999947,0
2337990,0.1960000000000064,0
2338020,0.3815000000000083,0
2338050,0.0260000000000118,0
2338080,0.0399999999999835,0
2338110,0.1490000000000137,0
2338140,0.2145000000000095,0
2338170,0.1485000000000127,0
2338200,0.0295000000000015,0
2338230,0.144000000000014,0
2338260,0.2585000000000064,0
2338290,0.1094999999999856,0
2338320,0.1134999999999877,0
2338350,0.1025000000000062,0
2338380,0.2525000000000034,0
2338410,0.115499999999983,0
2338440,0.0225000000000335,0
2338470,0.0209999999999951,0
2338500,0.0144999999999953,0
2338530,0.0109999999999956,0
2338560,0.0079999999999984,0
2338590,0.2185000000000343,0
2338620,0.237999999999991,0
2338650,0.0319999999999964,0
2338680,0.0150000000000034,0
2338710,0.016500000000002,0
2338740,0.2359999999999957,0
2338770,0.1384999999999848,0
2338800,0.0584999999999951,0
2338830,0.1259999999999763,0
2338860,0.0224999999999937,0
2338890,0.0370000000000146,0
2338920,0.1479999999999876,0
2338950,0.0845000000000396,0
2338980,0.0409999999999911,0
2339010,0.066500000000002,0
2339040,0.1195000000000021,0
2339070,0.0859999999999786,0
2339100,0.1055000000000234,0
2339130,0.111499999999998,0
2339160,0.0195000000000163,0
2339190,0.0105000000000018,0
2339220,0.0085000000000007,0
2339250,0.007499999999996,0
2339280,0.0079999999999955,0
2339310,0.2509999999999934,0
2339340,0.1634999999999905,0
2339370,0.0225000000000278,0
2339400,0.0079999999999927,0
2339430,0.0119999999999947,0
2339460,0.0085000000000178,0
2339490,0.0129999999999995,0
2339520,0.1014999999999872,0
2339550,0.1105000000000018,0
2339580,0.0190000000000168,0
2339610,0.2444999999999964,0
2339640,0.1955000000000183,0
2339670,0.0264999999999929,0
2339700,0.0219999999999856,0
2339730,0.2354999999999762,0
2339760,0.1534999999999883,0
2339790,0.0245000000000033,0
2339820,0.0115000000000037,0
2339850,0.2304999999999978,0
2339880,0.0900000000000005,0
2339910,0.2190000000000054,0
2339940,0.1779999999999944,0
2339970,0.0344999999999885,0
2340000,0.0135000000000076,0
2340030,0.0129999999999967,0
2340060,0.0460000000000036,0
2340090,0.0320000000000106,0
2340120,0.0130000000000023,0
2340150,0.0175000000000011,0
2340180,0.0174999999999954,0
2340210,0.1205000000000154,0
2340240,0.1160000000000138,0
2340270,0.0870000000000146,0
2340300,0.0104999999999932,0
2340330,0.0210000000000064,0
2340360,1.0,0
2340390,0.8695000000000079,0
2340420,0.111000000000007,0
2340450,0.0375,0
2340480,0.01400000000001,0
2340510,0.0725000000000051,0
2340540,0.1325000000000216,0
2340570,0.0564999999999855,0
2340600,0.0069999999999822,0
2340630,0.0564999999999941,0
2340660,0.1684999999999917,0
2340690,0.105000000000021,0
2340720,0.0205000000000012,0
2340750,0.019500000000005,0
2340780,0.0154999999999915,0
2340810,0.0329999999999756,0
2340840,0.0204999999999984,0
2340870,0.0465000000000145,0
2340900,0.2105000000000132,0
2340930,0.143500000000003,0
2340960,0.0129999999999881,0
2340990,0.0100000000000193,0
2341020,0.0135000000000019,0
2341050,0.0185000000000059,0
2341080,0.0234999999999871,0
2341110,0.0379999999999995,0
2341140,0.250499999999991,0
2341170,0.0445000000000021,0
2341200,0.1955000000000041,0
2341230,0.0754999999999853,0
2341260,0.247499999999988,0
2341290,0.1375000000000057,0
2341320,0.1910000000000082,0
2341350,0.1165000000000134,0
2341380,0.0150000000000261,0
2341410,0.0179999999999836,0
2341440,0.2279999999999944,0
2341470,0.1575000000000102,0
2341500,0.1505000000000081,0
2341530,0.195999999999978,0
2341560,0.2280000000000058,0
2341590,0.2479999999999762,0
2341620,0.2949999999999847,0
2341650,0.2854999999999962,0
2341680,0.3145000000000152,0
2341710,0.3594999999999942,0
2341740,0.3889999999999929,0
2341770,0.3844999999999856,0
2341800,0.3909999999999911,0
2341830,0.4035000000000025,0
2341860,0.5070000000000136,0
2341890,0.4559999999999861,0
2341920,0.4960000000000036,0
2341950,0.4784999999999798,0
2341980,0.52199999999998,0
2342010,0.5554999999999922,0
2342040,0.53900000000001,0
2342070,0.5415000000000276,0
2342100,0.5304999999999922,0
2342130,0.521000000000015,0
2342160,0.5475000000000051,0
2342190,0.6190000000000112,0
2342220,0.5280000000000058,0
2342250,0.5629999999999881,0
2342280,0.644999999999996,0
2342310,0.5305000000000006,0
2342340,0.6555000000000235,0
2342370,0.5380000000000053,0
2342400,0.6155000000000058,0
2342430,0.5990000000000322,0
2342460,0.4109999999999786,0
2342490,0.1809999999999803,0
2342520,0.0495000000000288,0
2342550,0.0379999999999881,0
2342580,0.3335000000000065,0
2342610,0.1409999999999769,0
2342640,0.0174999999999954,0
2342670,0.0100000000000164,0
2342700,0.0084999999999894,0
2342730,0.2459999999999951,0
2342760,0.1614999999999924,0
2342790,0.0314999999999741,0
2342820,0.0075000000000159,0
2342850,0.0074999999999988,0
2342880,0.0060000000000059,0
2342910,0.008500000000015,0
2342940,0.0055000000000006,0
2342970,0.4174999999999955,0
2343000,0.2500000000000029,0
2343030,0.2134999999999764,0
2343060,0.1435000000000172,0
2343090,0.2104999999999762,0
2343120,0.2014999999999958,0
2343150,0.0334999999999979,0
2343180,0.0219999999999998,0
2343210,0.0514999999999702,0
2343240,0.5060000000000002,0
2343270,0.1145000000000322,0
2343300,0.1634999999999934,0
2343330,0.2139999999999986,0
2343360,0.2929999999999894,0
2343390,0.2135000000000047,0
2343420,0.1634999999999963,0
2343450,0.3125468820322992,0
2343480,0.2324999999999903,0
2343510,0.6060000000000315,0
2343540,0.169000000000014,0
2343570,0.1115000000000122,0
2343600,0.0104999999999961,0
2343630,0.013499999999999,0
2343660,0.2645000000000039,0
2343690,0.1724999999999653,0
2343720,0.18900000000001,0
2343750,0.0955000000000097,0
2343780,0.0419999999999902,0
2343810,0.0420000000000243,0
2343840,0.0685000000000002,0
2343870,0.0759999999999934,0
2343900,0.0684999999999831,0
2343930,0.0754999999999967,0
2343960,0.0819999999999737,0
2343990,0.0944999999999879,0
2344020,0.0615000000000094,0
2344050,0.0274999999999721,0
2344080,0.5004999999999854,0
2344110,0.1924999999999869,0
2344140,0.0085000000000263,0
2344170,0.0384999999999877,0
2344200,0.2994999999999919,0
2344230,0.0349999999999823,0
2344260,0.011000000000007,0
2344290,0.0174999999999982,0
2344320,0.5310000000000117,0
2344350,0.0205000000000012,0
2344380,0.023500000000007,0
2344410,0.0334999999999638,0
2344440,0.5540000000000105,0
2344470,0.1129999999999853,0
2344500,0.3440000000000054,0
2344530,0.1254999999999853,0
2344560,0.0050000000000068,0
2344590,0.0390000000000043,0
2344620,0.0119999999999919,0
2344650,0.0180000000000092,0
2344680,0.0155000000000057,0
2344710,0.0260000000000047,0
2344740,0.2434999999999888,0
2344770,0.0134999999999877,0
2344800,0.0069999999999879,0
2344830,0.1240000000000037,0
2344860,0.0970000000000084,0
2344890,0.0139999999999872,0
2344920,0.0115000000000009,0
2344950,0.0079999999999984,0
2344980,0.116499999999985,0
2345010,0.0135000000000047,0
2345040,0.0120000000000118,0
2345070,0.0154999999999859,0
2345100,0.012999999999991,0
2345130,0.0125000000000056,0
2345160,0.0120000000000231,0
2345190,0.0145000000000095,0
2345220,0.013499999999999,0
2345250,0.013499999999999,0
2345280,0.0129999999999881,0
2345310,0.0110000000000042,0
2345340,0.0119999999999919,0
2345370,0.0139999999999872,0
2345400,0.0110000000000013,0
2345430,0.0134999999999877,0
2345460,0.0130000000000165,0
2345490,0.0179999999999751,0
2345520,0.0125,0
2345550,0.0160000000000138,0
2345580,0.1465000000000088,0
2345610,0.0129999999999995,0
2345640,0.0199999999999846,0
2345670,0.011000000000007,0
2345700,0.0109999999999871,0
2345730,0.2074999999999932,0
2345760,0.0885000000000076,0
2345790,0.0185000000000201,0
2345820,0.0144999999999981,0
2345850,0.055000000000021,0
2345880,0.1140000000000185,0
2345910,0.0160000000000081,0
2345940,0.0159999999999968,0
2345970,0.0199999999999846,0
2346000,0.2355000000000245,0
2346030,0.0150000000000289,0
2346060,0.0070000000000163,0
2346090,0.0125000000000142,0
2346120,0.2310000000000059,0
2346150,0.0310000000000371,0
2346180,0.0104999999999677,0
2346210,0.0120000000000061,0
2346240,0.0105000000000046,0
2346270,0.0110000000000241,0
2346300,0.0079999999999927,0
2346330,0.0104999999999932,0
2346360,0.0105000000000131,0
2346390,0.0100000000000022,0
2346420,0.0080000000000268,0
2346450,0.0089999999999804,0
2346480,0.0074999999999818,0
2346510,0.0100000000000136,0
2346540,0.0079999999999699,0
2346570,0.0084999999999922,0
2346600,0.0065000000000196,0
2346630,0.0095000000000084,0
2346660,0.0099999999999909,0
2346690,0.0165000000000162,0
2346720,0.2130000000000138,0
2346750,0.0699999999999704,0
2346780,0.0100000000000363,0
2346810,0.0144999999999868,0
2346840,0.1339999999999975,0
2346870,0.0915000000000077,0
2346900,0.0125000000000227,0
2346930,0.0110000000000013,0
2346960,0.0115000000000009,0
2346990,0.0089973008097432,0
2347020,0.0120000000000146,0
2347050,0.0139999999999986,0
2347080,0.009499999999997,0
2347110,0.0135000000000104,0
2347140,0.0094999999999714,0
2347170,0.0100000000000022,0
2347200,0.0105000000000018,0
2347230,0.0129999999999881,0
2347260,0.0120000000000061,0
2347290,0.0154999999999972,0
2347320,0.0114999999999781,0
2347350,0.0120000000000118,0
2347380,0.0115000000000009,0
2347410,0.012999999999991,0
2347440,0.0589999999999832,0
2347470,0.1174999999999812,0
2347500,0.0085000000000064,0
2347530,0.0130000000000222,0
2347560,0.2314999999999855,0
2347590,0.0305000000000205,0
2347620,0.0114999999999923,0
2347650,0.0129999999999995,0
2347680,0.1870000000000032,0
2347710,0.091999999999993,0
2347740,0.0120000000000089,0
2347770,0.0115000000000151,0
2347800,0.0445000000000135,0
2347830,0.1600000000000278,0
2347860,0.0069999999999879,0
2347890,0.0115000000000151,0
2347920,0.0075000000000045,0
2347950,0.0084999999999922,0
2347980,0.0074999999999988,0
2348010,0.0089999999999747,0
2348040,0.0065000000000168,0
2348070,0.0094999999999799,0
2348100,0.0080000000000211,0
2348130,0.0089999999999918,0
2348160,0.0089999999999804,0
2348190,0.0104999999999705,0
2348220,0.0095000000000112,0
2348250,0.0100000000000022,0
2348280,0.0080000000000154,0
2348310,0.0089999999999975,0
2348340,0.0050000000000068,0
2348370,0.0079999999999699,0
2348400,0.0070000000000163,0
2348430,0.2114999999999753,0
2348460,0.0109999999999956,0
2348490,0.0135000000000189,0
2348520,0.0240000000000037,0
2348550,0.3119999999999777,0
2348580,0.0474999999999994,0
2348610,0.0119999999999834,0
2348640,0.0475000000000022,0
2348670,0.1999999999999971,0
2348700,0.0095000000000055,0
2348730,0.0110000000000184,0
2348760,0.009500000000014,0
2348790,0.0125000000000113,0
2348820,0.0114999999999696,0
2348850,0.0079999999999955,0
2348880,0.0084999999999695,0
2348910,0.0125000000000028,0
2348940,0.0100000000000136,0
2348970,0.0114999999999952,0
2349000,0.0104999999999904,0
2349030,0.0155000000000114,0
2349060,0.0129999999999824,0
2349090,0.0170000000000186,0
2349120,0.0100000000000022,0
2349150,0.0069999999999822,0
2349180,0.0115000000000293,0
2349210,0.0115000000000151,0
2349240,0.0104999999999904,0
2349270,0.2295000000000016,0
2349300,0.0245000000000089,0
2349330,0.0060000000000002,0
2349360,0.0105000000000131,0
2349390,0.2359999999999814,0
2349420,0.0555000000000347,0
2349450,0.0084999999999922,0
2349480,0.013499999999999,0
2349510,0.204499999999976,0
2349540,0.1055000000000205,0
2349570,0.0115000000000009,0
2349600,0.0129999999999881,0
2349630,0.0125000000000113,0
2349660,0.0099999999999738,0
2349690,0.0159999999999939,0
2349720,0.0105000000000131,0
2349750,0.0115000000000151,0
2349780,0.0120000000000175,0
2349810,0.0109999999999786,0
2349840,0.009000000000006,0
2349870,0.0154999999999915,0
2349900,0.0155000000000228,0
2349930,0.0110000000000013,0
2349960,0.0099999999999909,0
2349990,0.011999999999989,0
2350020,0.0145000000000067,0
2350050,0.0095000000000027,0
2350080,0.0099999999999823,0
2350110,0.1585000000000065,0
2350140,0.1115000000000037,0
2350170,0.0135000000000047,0
2350200,0.0185000000000087,0
2350230,0.2515000000000242,0
2350260,0.0214999999999889,0
2350290,0.0145000000000123,0
2350320,0.0405000000000001,0
2350350,0.0190000000000026,0
2350380,0.0330000000000183,0
2350410,0.214500000000001,0
2350440,0.0234999999999843,0
2350470,0.0159999999999939,0
2350500,0.1424999999999897,0
2350530,0.1090109010901008,0
2350560,0.0049999999999954,0
2350590,0.0110000000000184,0
2350620,0.010500000000016,0
2350650,0.1369999999999833,0
2350680,0.0075000000000159,0
2350710,0.0069999999999936,0
2350740,0.0484999999999985,0
2350770,0.1760000000000161,0
2350800,0.1429999999999893,0
2350830,0.0099999999999795,0
2350860,0.0095000000000027,0
2350890,0.012500000000017,0
2350920,0.0059999999999945,0
2350950,0.0104999999999904,0
2350980,0.0074999999999818,0
2351010,0.0065000000000111,0
2351040,0.0085000000000036,0
2351070,0.0114999999999895,0
2351100,0.0075000000000045,0
2351130,0.0085000000000007,0
2351160,0.007000000000005,0
2351190,0.0094999999999913,0
2351220,0.0084999999999809,0
2351250,0.0075000000000073,0
2351280,0.0090000000000031,0
2351310,0.0079999999999927,0
2351340,0.0075000000000045,0
2351370,0.0940000000000083,0
2351400,0.1030000000000257,0
2351430,0.0135000000000104,0
2351460,0.0094999999999686,0
2351490,0.0119999999999777,0
2351520,0.1380000000000024,0
2351550,0.0064999999999827,0
2351580,0.0055000000000063,0
2351610,0.0124999999999857,0
2351640,0.2200000000000131,0
2351670,0.2004999999999711,0
2351700,0.006000000000003,0
2351730,0.0084999999999809,0
2351760,0.0435000000000002,0
2351790,0.2299999999999983,0
2351820,0.0549999999999897,0
2351850,0.0085000000000263,0
2351880,0.0450000000000244,0
2351910,0.0239999999999895,0
2351940,0.0600000000000108,0
2351970,0.1215000000000316,0
2352000,0.0069999999999936,0
2352030,0.0099999999999909,0
2352060,0.2335000000000036,0
2352090,0.0254999999999881,0
2352120,0.0095000000000027,0
2352150,0.0174999999999897,0
2352180,0.0085000000000093,0
2352210,0.2459999999999979,0
2352240,0.0149999999999948,0
2352270,0.0119999999999862,0
2352300,0.0115000000000236,0
2352330,0.2279999999999944,0
2352360,0.030999999999986,0
2352390,0.0130000000000137,0
2352420,0.0134999999999763,0
2352450,0.0134999999999934,0
2352480,0.0114999999999923,0
2352510,0.0090000000000031,0
2352540,0.0119999999999947,0
2352570,0.0105000000000188,0
2352600,0.0095000000000084,0
2352630,0.0109999999999843,0
2352660,0.0129999999999881,0
2352690,0.0134999999999934,0
2352720,0.0109999999999899,0
2352750,0.0129999999999768,0
2352780,0.0115000000000009,0
2352810,0.0115000000000179,0
2352840,0.0065000000000281,0
2352870,0.0149999999999977,0
2352900,0.0120000000000231,0
2352930,0.2324999999999988,0
2352960,0.061499999999998,0
2352990,0.0115000000000065,0
2353020,0.0490000000000122,0
2353050,0.0089999999999804,0
2353080,0.2474999999999937,0
2353110,0.0334999999999894,0
2353140,0.0075000000000159,0
2353170,0.0969999999999487,0
2353200,0.0935000000000087,0
2353230,0.0130000000000336,0
2353260,0.0154999999999745,0
2353290,0.0130000000000109,0
2353320,0.2405000000000228,0
2353350,0.0115000000000094,0
2353380,0.0065000000000082,0
2353410,0.0934999999999945,0
2353440,0.0919999999999959,0
2353470,0.0074999999999818,0
2353500,0.0069999999999822,0
2353530,0.009999999999988,0
2353560,0.2404999999999774,0
2353590,0.0150000000000034,0
2353620,0.0095000000000027,0
2353650,0.0825000000000187,0
2353680,0.1069999999999623,0
2353710,0.0120000000000118,0
2353740,0.009500000000014,0
2353770,0.0115000000000151,0
2353800,0.1785000000000082,0
2353830,0.0084999999999809,0
2353860,0.0069999999999936,0
2353890,0.0149999999999948,0
2353920,0.3434999999999746,0
2353950,0.0265000000000242,0
2353980,0.0099999999999909,0
2354010,0.0110000000000354,0
2354040,0.0090000000000173,0
2354070,0.0135000000000275,0
2354100,0.0075000000000073,0
2354130,0.0099999999999795,0
2354160,0.0095000000000027,0
2354190,0.0109999999999786,0
2354220,0.0124999999999801,0
2354250,0.0095000000000027,0
2354280,0.0079999999999927,0
2354310,0.0115000000000151,0
2354340,0.009500000000014,0
2354370,0.009000000000006,0
2354400,0.0105000000000018,0
2354430,0.0079999999999955,0
2354460,0.0094999999999856,0
2354490,0.0125000000000113,0
2354520,0.213999999999973,0
2354550,0.2744999999999777,0
2354580,0.0189999999999997,0
2354610,0.0105000000000018,0
2354640,0.0135000000000331,0
2354670,0.1444999999999794,0
2354700,0.0114999999999781,0
2354730,0.0094999999999913,0
2354760,0.0140000000000128,0
2354790,0.2045000000000073,0
2354820,0.0064999999999884,0
2354850,0.0075000000000045,0
2354880,0.0129999999999995,0
2354910,0.3234999999999843,0
2354940,0.0829999999999898,0
2354970,0.0099999999999965,0
2355000,0.0104999999999961,0
2355030,0.0100000000000136,0
2355060,0.0089999999999918,0
2355090,0.2405000000000086,0
2355120,0.0155000000000256,0
2355150,0.0105000000000018,0
2355180,0.0164999999999821,0
2355210,0.2289999999999992,0
2355240,0.0515000000000128,0
2355270,0.0125000000000113,0
2355300,0.0134999999999877,0
2355330,0.1590000000000202,0
2355360,0.0979999999999989,0
2355390,0.0084999999999922,0
2355420,0.0074999999999931,0
2355450,0.0150000000000005,0
2355480,0.1205000000000012,0
2355510,0.0125000000000341,0
2355540,0.0084999999999809,0
2355570,0.0130000000000023,0
2355600,0.1985000000000127,0
2355630,0.0145000000000038,0
2355660,0.0130000000000222,0
2355690,0.0144999999999754,0
2355720,0.2524999999999892,0
2355750,0.0244999999999947,0
2355780,0.0094999999999828,0
2355810,0.0109999999999928,0
2355840,0.214999999999992,0
2355870,0.0894999999999896,0
2355900,0.0065000000000054,0
2355930,0.0084999999999809,0
2355960,0.120000000000013,0
2355990,0.1149999999999892,0
2356020,0.0094999999999913,0
2356050,0.0124999999999801,0
2356080,0.0100000000000193,0
2356110,0.1190000000000111,0
2356140,0.0109999999999843,0
2356170,0.0139999999999872,0
2356200,0.015499999999983,0
2356230,0.232000000000022,0
2356260,0.0140000000000128,0
2356290,0.0190000000000253,0
2356320,0.0440000000000139,0
2356350,0.2399999999999806,0
2356380,0.0675000000000039,0
2356410,0.0145000000000152,0
2356440,0.0144999999999868,0
2356470,0.1644999999999981,0
2356500,0.0159999999999968,0
2356530,0.0160000000000252,0
2356560,0.0180000000000177,0
2356590,0.2340000000000231,0
2356620,0.011499999999998,0
2356650,0.008500000000015,0
2356680,0.0404999999999944,0
2356710,0.0154999999999745,0
2356740,0.013499999999999,0
2356770,0.235500000000016,0
2356800,0.0145000000000152,0
2356830,0.0104999999999904,0
2356860,0.0560000000000115,0
2356890,0.1014999999999929,0
2356920,0.0095000000000055,0
2356950,0.0109999999999985,0
2356980,0.0125000000000113,0
2357010,0.1754999999999711,0
2357040,0.0109999999999928,0
2357070,0.0080000000000154,0
2357100,0.0120000000000175,0
2357130,0.2439999999999685,0
2357160,0.0204999999999785,0
2357190,0.0134999999999763,0
2357220,0.0940000000000026,0
2357250,0.034499999999997,0
2357280,0.0109999999999814,0
2357310,0.0124999999999772,0
2357340,0.0124999999999658,0
2357370,0.0114999999999923,0
2357400,0.0130000000000109,0
2357430,0.238999999999973,0
2357460,0.0445000000000334,0
2357490,0.0090000000000202,0
2357520,0.091500000000002,0
2357550,0.0155000000000001,0
2357580,0.0139999999999929,0
2357610,0.0114999999999895,0
2357640,0.0119999999999777,0
2357670,0.0199999999999732,0
2357700,0.011999999999989,0
2357730,0.2384999999999877,0
2357760,0.0280000000000001,0
2357790,0.0174999999999954,0
2357820,0.0419999999999987,0
2357850,0.1179999999999864,0
2357880,0.0174999999999982,0
2357910,0.0165000000000077,0
2357940,0.0209999999999951,0
2357970,0.1685000000000059,0
2358000,0.0060000000000172,0
2358030,0.0055000000000177,0
2358060,0.0099999999999909,0
2358090,0.2479999999999876,0
2358120,0.0135000000000161,0
2358150,0.0089999999999918,0
2358180,0.0120000000000061,0
2358210,0.2269999999999896,0
2358240,0.0425000000000125,0
2358270,0.0240000000000179,0
2358300,0.0125000000000028,0
2358330,0.1904999999999774,0
2358360,0.0830000000000012,0
2358390,0.0125000000000056,0
2358420,0.0100000000000164,0
2358450,0.0309999999999945,0
2358480,0.0969999999999799,0
2358510,0.0145000000000209,0
2358540,0.0139999999999901,0
2358570,0.0129999999999995,0
2358600,0.0109999999999899,0
2358630,0.2089999999999804,0
2358660,0.0819999999999936,0
2358690,0.015000000000009,0
2358720,0.0139999999999872,0
2358750,0.1144999999999868,0
2358780,0.1054999999999921,0
2358810,0.01400000000001,0
2358840,0.0174999999999897,0
2358870,0.0164999999999736,0
2358900,0.1295000000000072,0
2358930,0.0109999999999701,0
2358960,0.0124999999999886,0
2358990,0.0199999999999931,0
2359020,0.2415000000000134,0
2359050,0.0189999999999969,0
2359080,0.0150000000000005,0
2359110,0.0114999999999895,0
2359140,0.235500000000016,0
2359170,0.0214999999999975,0
2359200,0.0055000000000148,0
2359230,0.0084999999999979,0
2359260,0.0069999999999851,0
2359290,0.0100000000000079,0
2359320,0.1369999999999976,0
2359350,0.0925000000000039,0
2359380,0.0085000000000064,0
2359410,0.0090000000000031,0
2359440,0.0059999999999945,0
2359470,0.0085000000000377,0
2359500,0.0039999999999878,0
2359530,0.1604999999999933,0
2359560,0.0079999999999813,0
2359590,0.0100000000000022,0
2359620,0.0400000000000119,0
2359650,0.7019999999999895,0
2359680,0.2299999999999869,0
2359710,0.0150000000000034,0
2359740,0.0099999999999965,0
2359770,0.1155000000000314,0
2359800,0.1009999999999706,0
2359830,0.0090000000000173,0
2359860,0.0089999999999946,0
2359890,0.0485000000000042,0
2359920,0.182000000000005,0
2359950,0.0115000000000009,0
2359980,0.0140000000000156,0
2360010,0.2294999999999873,0
2360040,0.1089999999999662,0
2360070,0.0069999999999964,0
2360100,0.0049999999999982,0
2360130,0.1334999999999922,0
2360160,0.0704999999999955,0
2360190,0.2379999999999825,0
2360220,0.1115000000000236,0
2360250,0.0074999999999818,0
2360280,0.1300000000000068,0
2360310,0.0694999999999737,0
2360340,0.1984999999999843,0
2360370,0.0084999999999951,0
2360400,0.0129999999999995,0
2360430,0.2030000000000115,0
2360460,0.0839999999999889,0
2360490,0.0134999999999934,0
2360520,0.0079999999999813,0
2360550,0.009499999999997,0
2360580,0.008000000000004,0
2360610,0.010499999999979,0
2360640,0.0075000000000159,0
2360670,0.0069999999999822,0
2360700,0.0079999999999813,0
2360730,0.009499999999997,0
2360760,0.0115000000000264,0
2360790,0.0129999999999824,0
2360820,0.0085000000000491,0
2360850,0.0109999999999928,0
2360880,0.010499999999979,0
2360910,0.0125000000000028,0
2360940,0.0080000000000154,0
2360970,0.0115000000000065,0
2361000,0.0085000000000178,0
2361030,0.1564999999999969,0
2361060,0.1000000000000056,0
2361090,0.0130000000000023,0
2361120,0.0154999999999859,0
2361150,0.2620000000000062,0
2361180,0.0190000000000281,0
2361210,0.0049999999999954,0
2361240,0.0099999999999909,0
2361270,0.2205000000000069,0
2361300,0.0654999999999972,0
2361330,0.0105000000000075,0
2361360,0.0074999999999818,0
2361390,0.1585000000000093,0
2361420,0.1134999999999962,0
2361450,0.011499999999981,0
2361480,0.0094999999999913,0
2361510,0.0144999999999981,0
2361540,0.1260000000000104,0
2361570,0.0080000000000296,0
2361600,0.0109999999999956,0
2361630,0.0164999999999963,0
2361660,0.2369999999999947,0
2361690,0.0170000000000072,0
2361720,0.0144999999999811,0
2361750,0.0130000000000109,0
2361780,0.2319999999999993,0
2361810,0.0364999999999895,0
2361840,0.0124999999999772,0
2361870,0.0115000000000037,0
2361900,0.1919999999999987,0
2361930,0.1055000000000177,0
2361960,0.0154999999999859,0
2361990,0.0139999999999986,0
2362020,0.0319999999999993,0
2362050,0.1134999999999792,0
2362080,0.0149999999999977,0
2362110,0.0094999999999998,0
2362140,0.0190000000000083,0
2362170,0.1780000000000058,0
2362200,0.0075000000000073,0
2362230,0.0065000000000225,0
2362260,0.0104999999999904,0
2362290,0.245999999999998,0
2362320,0.0125000000000198,0
2362350,0.0094999999999714,0
2362380,0.0139999999999957,0
2362410,0.007999999999987,0
2362440,0.2364999999999952,0
2362470,0.0294999999999788,0
2362500,0.0109999999999814,0
2362530,0.0104999999999932,0
2362560,0.0100000000000022,0
2362590,0.0080000000000154,0
2362620,0.0105000000000131,0
2362650,0.0094999999999913,0
2362680,0.0100000000000022,0
2362710,0.0110000000000042,0
2362740,0.0069999999999936,0
2362770,0.0100000000000022,0
2362800,0.0090000000000031,0
2362830,0.010500000000016,0
2362860,0.008000000000004,0
2362890,0.0120000000000146,0
2362920,0.0110000000000013,0
2362950,0.010500000000016,0
2362980,0.0079999999999927,0
2363010,0.0114999999999895,0
2363040,0.2280000000000172,0
2363070,0.0680000000000177,0
2363100,0.009500000000014,0
2363130,0.0109999999999786,0
2363160,0.0149999999999977,0
2363190,0.0114999999999895,0
2363220,0.0105000000000131,0
2363250,0.0105000000000046,0
2363280,0.0100000000000022,0
2363310,0.0135000000000218,0
2363340,0.0099999999999909,0
2363370,0.0120000000000032,0
2363400,0.0139999999999901,0
2363430,0.0104999999999904,0
2363460,0.0139999999999787,0
2363490,0.0130000000000109,0
2363520,0.0129999999999995,0
2363550,0.0105000000000131,0
2363580,0.0105000000000018,0
2363610,0.0095000000000254,0
2363640,0.2119999999999635,0
2363670,0.0910000000000195,0
2363700,0.0120000000000004,0
2363730,0.0135000000000104,0
2363760,0.1939999999999941,0
2363790,0.0119999999999777,0
2363820,0.0139999999999901,0
2363850,0.0130000000000137,0
2363880,0.2379999999999825,0
2363910,0.0369999999999976,0
2363940,0.0105000000000018,0
2363970,0.0174999999999954,0
2364000,0.2364999999999981,0
2364030,0.1375000000000142,0
2364060,0.0540000000000191,0
2364090,0.0409999999999996,0
2364120,0.0410000000000081,0
2364150,0.0510000000000161,0
2364180,0.2189999999999912,0
2364210,0.1085000000000206,0
2364240,0.0169999999999731,0
2364270,0.0565000000000083,0
2364300,0.0925000000000011,0
2364330,0.1515000000000071,0
2364360,0.0180000000000063,0
2364390,0.0190000000000196,0
2364420,0.0189999999999969,0
2364450,0.1485000000000099,0
2364480,0.0069999999999936,0
2364510,0.0070000000000163,0
2364540,0.0094999999999942,0
2364570,0.2445000000000106,0
2364600,0.0174999999999755,0
2364630,0.0100000000000079,0
2364660,0.0089999999999832,0
2364690,0.2385000000000133,0
2364720,0.0420000000000243,0
2364750,0.0110000000000127,0
2364780,0.0124999999999829,0
2364810,0.187499999999963,0
2364840,0.1134999999999678,0
2364870,0.010500000000016,0
2364900,0.0084999999999922,0
2364930,0.0430000000000348,0
2364960,0.2355000000000245,0
2364990,0.0090000000000145,0
2365020,0.0055000000000063,0
2365050,0.0119999999999834,0
2365080,0.226000000000019,0
2365110,0.0259999999999706,0
2365140,0.0084999999999809,0
2365170,0.0179999999999836,0
2365200,0.0169999999999987,0
2365230,0.2920000000000073,0
2365260,0.0560000000000229,0
2365290,0.0135000000000019,0
2365320,0.0079999999999984,0
2365350,0.1345000000000027,0
2365380,0.0074999999999931,0
2365410,0.0105000000000075,0
2365440,0.0115000000000122,0
2365470,0.2394999999999868,0
2365500,0.0109999999999899,0
2365530,0.0059999999999945,0
2365560,0.0124999999999943,0
2365590,0.228999999999985,0
2365620,0.029000000000002,0
2365650,0.0100000000000051,0
2365680,0.0110000000000013,0
2365710,0.0100000000000022,0
2365740,0.012999999999991,0
2365770,0.1019999999999868,0
2365800,0.1129999999999853,0
2365830,0.0124999999999772,0
2365860,0.0115000000000009,0
2365890,0.015000000000009,0
2365920,0.0100000000000193,0
2365950,0.0110000000000184,0
2365980,0.0104999999999989,0
2366010,0.0085000000000064,0
2366040,0.0099999999999909,0
2366070,0.0104999999999961,0
2366100,0.0115000000000037,0
2366130,0.0110000000000241,0
2366160,0.0125000000000113,0
2366190,0.0115000000000151,0
2366220,0.0105000000000018,0
2366250,0.0105000000000018,0
2366280,0.0095000000000055,0
2366310,0.0099999999999909,0
2366340,0.0109999999999843,0
2366370,0.0460000000000207,0
2366400,0.1035000000000025,0
2366430,0.013499999999999,0
2366460,0.0145000000000237,0
2366490,0.2299999999999812,0
2366520,0.0264999999999787,0
2366550,0.015000000000009,0
2366580,0.0125000000000142,0
2366610,0.2065000000000026,0
2366640,0.0860000000000354,0
2366670,0.0139999999999986,0
2366700,0.0080000000000183,0
2366730,0.1199999999999903,0
2366760,0.1180000000000007,0
2366790,0.0165000000000105,0
2366820,0.0149999999999977,0
2366850,0.01400000000001,0
2366880,0.2405000000000086,0
2366910,0.0149999999999863,0
2366940,0.0065000000000054,0
2366970,0.0114999999999923,0
2367000,0.2239999999999981,0
2367030,0.0420000000000044,0
2367060,0.0089999999999804,0
2367090,0.01550000000002,0
2367120,0.1855000000000132,0
2367150,0.0920000000000129,0
2367180,0.0095000000000169,0
2367210,0.0100000000000136,0
2367240,0.0460000000000121,0
2367270,0.1045000000000072,0
2367300,0.0125000000000113,0
2367330,0.0115000000000009,0
2367360,0.0150000000000204,0
2367390,0.1650000000000318,0
2367420,0.0120000000000004,0
2367450,0.0150000000000147,0
2367480,0.0149999999999749,0
2367510,0.2480000000000132,0
2367540,0.022999999999979,0
2367570,0.0149999999999977,0
2367600,0.0195000000000078,0
2367630,0.2344999999999913,0
2367660,0.0419999999999959,0
2367690,0.0175000000000181,0
2367720,0.0169999999999987,0
2367750,0.194000000000014,0
2367780,0.1260000000000133,0
2367810,0.0164999999999963,0
2367840,0.0184999999999831,0
2367870,0.0500000000000227,0
2367900,0.1115000000000037,0
2367930,0.0130000000000222,0
2367960,0.019500000000005,0
2367990,0.0209999999999922,0
2368020,0.1824999999999818,0
2368050,0.0199999999999846,0
2368080,0.0190000000000083,0
2368110,0.0190000000000168,0
2368140,0.2325000000000102,0
2368170,0.014000000000027,0
2368200,0.004999999999984,0
2368230,0.007499999999996,0
2368260,0.2290000000000105,0
2368290,0.0559999999999718,0
2368320,0.0090000000000173,0
2368350,0.0090000000000145,0
2368380,0.1579999999999614,0
2368410,0.1004999999999995,0
2368440,0.0114999999999781,0
2368470,0.0099999999999909,0
2368500,0.0089999999999918,0
2368530,0.6965000000000289,0
2368560,0.1485000000000269,0
2368590,0.028499999999974,0
2368620,0.0279999999999915,0
2368650,0.5300000000000182,0
2368680,0.1435000000000286,0
2368710,0.0235000000000127,0
2368740,0.0279999999999972,0
2368770,0.020499999999987,0
2368800,0.0649999999999863,0
2368830,0.0044999999999845,0
2368860,0.0074999999999761,0
2368890,0.007000000000022,0
2368920,0.006499999999994,0
2368950,0.0039999999999849,0
2368980,0.004999999999984,0
2369010,0.0040000000000077,0
2369040,0.0054999999999836,0
2369070,0.004000000000019,0
2369100,0.0049999999999897,0
2369130,0.0040000000000077,0
2369160,0.0059999999999945,0
2369190,0.0055000000000006,0
2369220,0.0030000000000086,0
2369250,0.0039999999999849,0
2369280,0.0034999999999968,0
2369310,0.004000000000019,0
2369340,0.0045000000000186,0
2369370,0.0035000000000081,0
2369400,0.0034999999999968,0
2369430,0.0039999999999963,0
2369460,0.0040000000000077,0
2369490,0.0064999999999713,0
2369520,0.0060000000000059,0
2369550,0.0040000000000077,0
2369580,0.0049999999999954,0
2369610,0.0044999999999788,0
2369640,0.0045000000000186,0
2369670,0.0050000000000181,0
2369700,0.008000000000004,0
2369730,0.0039999999999849,0
2369760,0.0045000000000186,0
2369790,0.0045000000000129,0
2369820,0.0049999999999727,0
2369850,0.0030000000000086,0
2369880,0.00450000000003,0
2369910,0.0025000000000147,0
2369940,0.0059999999999945,0
2369970,0.0055000000000063,0
2370000,0.004000000000002,0
2370030,0.0029999999999859,0
2370060,0.0059999999999888,0
2370090,0.006499999999994,0
2370120,0.0044999999999845,0
2370150,0.0055000000000006,0
2370180,0.0055000000000063,0
2370210,0.0044999999999845,0
2370240,0.006499999999994,0
2370270,0.0040000000000077,0
2370300,0.0044999999999902,0
2370330,0.0039999999999963,0
2370360,0.0039999999999963,0
2370390,0.004000000000019,0
2370420,0.0030000000000143,0
2370450,0.0050000000000181,0
2370480,0.0059999999999945,0
2370510,0.0045000000000072,0
2370540,0.0035000000000025,0
2370570,0.0040000000000077,0
2370600,0.0040000000000077,0
2370630,0.0030000000000086,0
2370660,0.0024999999999977,0
2370690,0.0064999999999884,0
2370720,0.0024999999999977,0
2370750,0.0045000000000072,0
2370780,0.0035000000000081,0
2370810,0.0029999999999745,0
2370840,0.0030000000000086,0
2370870,0.0014999999999872,0
2370900,0.0014999999999872,0
2370930,0.0040000000000077,0
2370960,0.0035000000000081,0
2370990,0.003499999999974,0
2371020,0.0030000000000086,0
2371050,0.0044999999999959,0
2371080,0.0035000000000138,0
2371110,0.0044999999999845,0
2371140,0.0050000000000068,0
2371170,0.0050000000000238,0
2371200,0.0030000000000086,0
2371230,0.0034999999999968,0
2371260,0.0050000000000181,0
2371290,0.006499999999994,0
2371320,0.0034999999999854,0
2371350,0.0044999999999959,0
2371380,0.004000000000002,0
2371410,0.0034999999999968,0
2371440,0.0040000000000361,0
2371470,0.0029999999999972,0
2371500,0.0034999999999968,0
2371530,0.0060000000000059,0
2371560,0.0044999999999959,0
2371590,0.0070000000000163,0
2371620,0.0054999999999949,0
2371650,0.0035000000000195,0
2371680,0.0060000000000059,0
2371710,0.0035000000000081,0
2371740,0.0030000000000086,0
2371770,0.0039999999999849,0
2371800,0.0050000000000125,0
2371830,0.0039999999999906,0
2371860,0.0039999999999963,0
2371890,0.008000000000004,0
2371920,0.0044999999999845,0
2371950,0.0045000000000186,0
2371980,0.0044999999999959,0
2372010,0.0055000000000006,0
2372040,0.0045000000000072,0
2372070,0.0049999999999897,0
2372100,0.004000000000019,0
2372130,0.0029999999999859,0
2372160,0.0039999999999849,0
2372190,0.0080000000000097,0
2372220,0.0039999999999849,0
2372250,0.0054999999999949,0
2372280,0.0035000000000138,0
2372310,0.0039999999999963,0
2372340,0.0044999999999959,0
2372370,0.0044999999999845,0
2372400,0.0044999999999959,0
2372430,0.0059999999999831,0
2372460,0.004000000000019,0
2372490,0.0090000000000259,0
2372520,0.0029999999999859,0
2372550,0.0040000000000077,0
2372580,0.0039999999999963,0
2372610,0.0040000000000134,0
2372640,0.0034999999999968,0
2372670,0.00300000000002,0
2372700,0.0035000000000081,0
2372730,0.005500000000012,0
2372760,0.0034999999999968,0
2372790,0.0044999999999959,0
2372820,0.0039999999999906,0
2372850,0.0044999999999845,0
2372880,0.0044999999999959,0
2372910,0.0045000000000129,0
2372940,0.0030000000000143,0
2372970,0.0044999999999618,0
2373000,0.0039999999999963,0
2373030,0.0050000000000295,0
2373060,0.0035000000000081,0
2373090,0.0074999999999931,0
2373120,0.0024999999999863,0
2373150,0.0040000000000134,0
2373180,0.0025000000000204,0
2373210,0.004999999999984,0
2373240,0.0055000000000063,0
2373270,0.0075000000000272,0
2373300,0.0044999999999959,0
2373330,0.004999999999984,0
2373360,0.0044999999999845,0
2373390,0.0050000000000295,0
2373420,0.006499999999994,0
2373450,0.0054999999999949,0
2373480,0.0065000000000054,0
2373510,0.0039999999999849,0
2373540,0.007000000000005,0
2373570,0.0044999999999959,0
2373600,0.0064999999999997,0
2373630,0.0025000000000318,0
2373660,0.0065000000000054,0
2373690,0.0059999999999831,0
2373720,0.0050000000000238,0
2373750,0.0039999999999963,0
2373780,0.0050000000000011,0
2373810,0.0059999999999831,0
2373840,0.0045000000000129,0
2373870,0.0054999999999949,0
2373900,0.006499999999994,0
2373930,0.0055000000000234,0
2373960,0.006499999999994,0
2373990,0.0049999999999897,0
2374020,0.0059999999999831,0
2374050,0.0059999999999831,0
2374080,0.0060000000000059,0
2374110,0.0045000000000072,0
2374140,0.0065000000000054,0
2374170,0.0045000000000015,0
2374200,0.006499999999994,0
2374230,0.0054999999999949,0
2374260,0.0060000000000172,0
2374290,0.0084999999999695,0
2374320,0.0055000000000063,0
2374350,0.0060000000000002,0
2374380,0.0075000000000159,0
2374410,0.0065000000000054,0
2374440,0.0059999999999945,0
2374470,0.0055000000000177,0
2374500,0.0065000000000168,0
2374530,0.0055000000000063,0
2374560,0.0050000000000125,0
2374590,0.004999999999984,0
2374620,0.0064999999999827,0
2374650,0.0049999999999954,0
2374680,0.0040000000000077,0
2374710,0.0054999999999722,0
2374740,0.0074999999999931,0
2374770,0.0054999999999722,0
2374800,0.0045000000000072,0
2374830,0.0059999999999831,0
2374860,0.0054999999999836,0
2374890,0.0095000000000254,0
2374920,0.0039999999999963,0
2374950,0.0034999999999854,0
2374980,0.0050000000000295,0
2375010,0.0060000000000059,0
2375040,0.0059999999999718,0
2375070,0.0040000000000077,0
2375100,0.0065000000000054,0
2375130,0.0040000000000077,0
2375160,0.0070000000000163,0
2375190,0.0039999999999849,0
2375220,0.0054999999999949,0
2375250,0.004999999999984,0
2375280,0.0039999999999963,0
2375310,0.003499999999974,0
2375340,0.0059999999999831,0
2375370,0.0055000000000063,0
2375400,0.0060000000000172,0
2375430,0.0039999999999963,0
2375460,0.0060000000000059,0
2375490,0.007000000000005,0
2375520,0.0044999999999959,0
2375550,0.0035000000000081,0
2375580,0.0060000000000229,0
2375610,0.0050000000000068,0
2375640,0.0044999999999731,0
2375670,0.0055000000000063,0
2375700,0.0075000000000045,0
2375730,0.0060000000000286,0
2375760,0.0050000000000011,0
2375790,0.0055000000000063,0
2375820,0.0054999999999836,0
2375850,0.0050000000000181,0
2375880,0.0060000000000059,0
2375910,0.0035000000000138,0
2375940,0.0065000000000054,0
2375970,0.0045000000000072,0
2376000,0.0059999999999888,0
2376030,0.0060000000000059,0
2376060,0.0065000000000168,0
2376090,0.0049999999999954,0
2376120,0.0059999999999831,0
2376150,0.0050000000000181,0
2376180,0.0050000000000068,0
2376210,0.0045000000000129,0
2376240,0.0029999999999972,0
2376270,0.0029999999999972,0
2376300,0.006499999999977,0
2376330,0.0040000000000077,0
2376360,0.004999999999984,0
2376390,0.0045000000000186,0
2376420,0.0034999999999854,0
2376450,0.0045000000000072,0
2376480,0.0059999999999945,0
2376510,0.0039999999999849,0
2376540,0.0069999999999936,0
2376570,0.004999999999984,0
2376600,0.0059999999999888,0
2376630,0.004000000000019,0
2376660,0.0050000000000011,0
2376690,0.0074999999999931,0
2376720,0.0074999999999874,0
2376750,0.0059999999999718,0
2376780,0.0039999999999963,0
2376810,0.0054999999999949,0
2376840,0.0039999999999963,0
2376870,0.002500000000009,0
2376900,0.0050000000000181,0
2376930,0.0060000000000002,0
2376960,0.0044999999999959,0
2376990,0.0039999999999963,0
2377020,0.0050000000000068,0
2377050,0.0040000000000304,0
2377080,0.0074999999999818,0
2377110,0.002500000000009,0
2377140,0.0064999999999997,0
2377170,0.004000000000019,0
2377200,0.0065000000000168,0
2377230,0.0020000000000095,0
2377260,0.0085000000000093,0
2377290,0.0084999999999695,0
2377320,0.0054999999999949,0
2377350,0.0029999999999859,0
2377380,0.0080000000000268,0
2377410,0.0034999999999968,0
2377440,0.0054999999999836,0
2377470,0.0044999999999959,0
2377500,0.0060000000000059,0
2377530,0.004000000000002,0
2377560,0.0055000000000291,0
2377590,0.0040000000000077,0
2377620,0.0064999999999827,0
2377650,0.0035000000000081,0
2377680,0.0054999999999949,0
2377710,0.0030000000000029,0
2377740,0.006499999999994,0
2377770,0.004999999999984,0
2377800,0.0030000000000029,0
2377830,0.0064999999999997,0
2377860,0.004999999999984,0
2377890,0.0075000000000159,0
2377920,0.0050000000000068,0
2377950,0.0034999999999968,0
2377980,0.0070000000000106,0
2378010,0.0030000000000086,0
2378040,0.0084999999999695,0
2378070,0.0035000000000195,0
2378100,0.0060000000000002,0
2378130,0.0035000000000195,0
2378160,0.0034999999999854,0
2378190,0.0049999999999954,0
2378220,0.0069999999999879,0
2378250,0.0035000000000309,0
2378280,0.004999999999984,0
2378310,0.0050000000000068,0
2378340,0.0054999999999949,0
2378370,0.0050000000000011,0
2378400,0.0049999999999954,0
2378430,0.0029999999999972,0
2378460,0.0045000000000072,0
2378490,0.0074999999999931,0
2378520,0.004999999999984,0
2378550,0.0040000000000134,0
2378580,0.0045000000000015,0
2378610,0.0030000000000086,0
2378640,0.0039999999999963,0
2378670,0.0044999999999959,0
2378700,0.0054999999999836,0
2378730,0.0050000000000068,0
2378760,0.0055000000000063,0
2378790,0.0020000000000095,0
2378820,0.0060000000000172,0
2378850,0.002500000000009,0
2378880,0.0039999999999849,0
2378910,0.004999999999984,0
2378940,0.0050000000000068,0
2378970,0.0035000000000081,0
2379000,0.0054999999999836,0
2379030,0.0045000000000072,0
2379060,0.0065000000000054,0
2379090,0.0060000000000172,0
2379120,0.0049999999999954,0
2379150,0.0030000000000029,0
2379180,0.0060000000000059,0
2379210,0.0045000000000072,0
2379240,0.0055000000000063,0
2379270,0.0034999999999968,0
2379300,0.0045000000000072,0
2379330,0.0049999999999954,0
2379360,0.0044999999999959,0
2379390,0.0034999999999854,0
2379420,0.0040000000000077,0
2379450,0.0040000000000077,0
2379480,0.0035000000000138,0
2379510,0.0029999999999972,0
2379540,0.0044999999999959,0
2379570,0.0059999999999831,0
2379600,0.0045000000000186,0
2379630,0.0029999999999972,0
2379660,0.0049999999999727,0
2379690,0.0055000000000063,0
2379720,0.0065000000000111,0
2379750,0.0024999999999977,0
2379780,0.0049999999999954,0
2379810,0.0154999999999972,0
2379840,0.0035000000000025,0
2379870,0.0054999999999836,0
2379900,0.004999999999984,0
2379930,0.0040000000000247,0
2379960,0.0040000000000077,0
2379990,0.0034999999999968,0
2380020,0.0060000000000286,0
2380050,0.0045000000000186,0
2380080,0.0060000000000172,0
2380110,0.0059999999999831,0
2380140,0.0044999999999959,0
2380170,0.0029999999999972,0
2380200,0.0045000000000072,0
2380230,0.0144999999999981,0
2380260,0.0064999999999997,0
2380290,0.0075000000000159,0
2380320,0.0054999999999722,0
2380350,0.0054999999999949,0
2380380,0.0059999999999831,0
2380410,0.0060000000000229,0
2380440,0.0084999999999809,0
2380470,0.0040000000000077,0
2380500,0.0054999999999722,0
2380530,0.0050000000000125,0
2380560,0.0044999999999959,0
2380590,0.0040000000000077,0
2380620,0.0069999999999822,0
2380650,0.0045000000000015,0
2380680,0.0065000000000111,0
2380710,0.0065000000000054,0
2380740,0.0069999999999993,0
2380770,0.004999999999984,0
2380800,0.0055016504951492,0
2380830,0.0045000000000129,0
2380860,0.0084999999999809,0
2380890,0.0069999999999993,0
2380920,0.0064999999999997,0
2380950,0.0044999999999845,0
2380980,0.0060000000000002,0
2381010,0.0039999999999849,0
2381040,0.0060000000000172,0
2381070,0.0044999999999902,0
2381100,0.0055000000000006,0
2381130,0.0049999999999954,0
2381160,0.0054999999999949,0
2381190,0.005500000000012,0
2381220,0.0059999999999831,0
2381250,0.0054999999999949,0
2381280,0.0055000000000177,0
2381310,0.0059999999999831,0
2381340,0.0059999999999888,0
2381370,0.0045000000000015,0
2381400,0.0065000000000168,0
2381430,0.0050000000000409,0
2381460,0.0055000000000063,0
2381490,0.0079999999999927,0
2381520,0.006499999999994,0
2381550,0.0039999999999963,0
2381580,0.0054999999999836,0
2381610,0.0064999999999997,0
2381640,0.0065000000000225,0
2381670,0.0054999999999836,0
2381700,0.0064999999999827,0
2381730,0.0045000000000186,0
2381760,0.0050000000000068,0
2381790,0.0054999999999949,0
2381820,0.0065000000000168,0
2381850,0.0055000000000177,0
2381880,0.0074999999999704,0
2381910,0.0049999999999954,0
2381940,0.0075000000000272,0
2381970,0.0055000000000006,0
2382000,0.006499999999994,0
2382030,0.0045000000000186,0
2382060,0.0059999999999831,0
2382090,0.0089999999999804,0
2382120,0.0050000000000125,0
2382150,0.0054999999999949,0
2382180,0.0060000000000059,0
2382210,0.0060000000000115,0
2382240,0.0059999999999831,0
2382270,0.0039999999999963,0
2382300,0.0065000000000111,0
2382330,0.0044999999999845,0
2382360,0.0050000000000068,0
2382390,0.004999999999984,0
2382420,0.0075000000000272,0
2382450,0.0044999999999959,0
2382480,0.0065000000000168,0
2382510,0.0039999999999963,0
2382540,0.0060000000000059,0
2382570,0.0049999999999897,0
2382600,0.0040000000000077,0
2382630,0.0044999999999845,0
2382660,0.0059999999999831,0
2382690,0.0090000000000088,0
2382720,0.0065000000000054,0
2382750,0.0029999999999972,0
2382780,0.0044999999999959,0
2382810,0.0029999999999972,0
2382840,0.0064999999999884,0
2382870,0.0050000000000068,0
2382900,0.0069999999999879,0
2382930,0.0049999999999954,0
2382960,0.0044999999999959,0
2382990,0.0029999999999859,0
2383020,0.0059999999999945,0
2383050,0.0065000000000054,0
2383080,0.0049999999999954,0
2383110,0.0040000000000077,0
2383140,0.0060000000000059,0
2383170,0.0055000000000063,0
2383200,0.0039999999999963,0
2383230,0.0029999999999972,0
2383260,0.0065000000000111,0
2383290,0.0079999999999813,0
2383320,0.0045000000000072,0
2383350,0.004000000000002,0
2383380,0.0079999999999927,0
2383410,0.0044999999999788,0
2383440,0.0055000000000006,0
2383470,0.0044999999999959,0
2383500,0.0070000000000163,0
2383530,0.0040000000000134,0
2383560,0.0034999999999968,0
2383590,0.0050000000000125,0
2383620,0.0060000000000059,0
2383650,0.005500000000012,0
2383680,0.0044999999999959,0
2383710,0.006499999999977,0
2383740,0.0079999999999813,0
2383770,0.0034999999999968,0
2383800,0.0045000000000015,0
2383830,0.0039999999999963,0
2383860,0.006499999999994,0
2383890,0.0074999999999931,0
2383920,0.006499999999994,0
2383950,0.0049999999999954,0
2383980,0.0060000000000002,0
2384010,0.0044999999999959,0
2384040,0.0054999999999836,0
2384070,0.0054999999999949,0
2384100,0.0045000000000072,0
2384130,0.0054999999999949,0
2384160,0.0040000000000077,0
2384190,0.0059999999999718,0
2384220,0.006499999999994,0
2384250,0.0060000000000002,0
2384280,0.0065000000000281,0
2384310,0.005500000000012,0
2384340,0.0060000000000059,0
2384370,0.0039999999999963,0
2384400,0.0049999999999954,0
2384430,0.0044999999999845,0
2384460,0.0075000000000159,0
2384490,0.007000000000022,0
2384520,0.0064999999999713,0
2384550,0.0044999999999959,0
2384580,0.0034999999999968,0
2384610,0.0039999999999906,0
2384640,0.0075000000000045,0
2384670,0.0059999999999888,0
2384700,0.0050000000000181,0
2384730,0.0039999999999849,0
2384760,0.0069999999999993,0
2384790,0.0045000000000072,0
2384820,0.006499999999994,0
2384850,0.0039999999999963,0
2384880,0.0054999999999836,0
2384910,0.0054999999999722,0
2384940,0.0059999999999831,0
2384970,0.0039999999999963,0
2385000,0.0045000000000413,0
2385030,0.0034999999999627,0
2385060,0.008500000000015,0
2385090,0.0074999999999931,0
2385120,0.0054999999999949,0
2385150,0.0050000000000068,0
2385180,0.0059999999999888,0
2385210,0.0039999999999963,0
2385240,0.0049999999999954,0
2385270,0.004999999999984,0
2385300,0.0045000000000072,0
2385330,0.0029999999999972,0
2385360,0.0055000000000063,0
2385390,0.0025000000000034,0
2385420,0.0044999999999959,0
2385450,0.0030000000000086,0
2385480,0.0040000000000304,0
2385510,0.0045000000000015,0
2385540,0.0089999999999804,0
2385570,0.0045000000000243,0
2385600,0.0050000000000181,0
2385630,0.0050000000000125,0
2385660,0.0064999999999713,0
2385690,0.0074999999999818,0
2385720,0.0054999999999949,0
2385750,0.0044999999999902,0
2385780,0.006499999999994,0
2385810,0.0039999999999963,0
2385840,0.0060000000000059,0
2385870,0.0039999999999963,0
2385900,0.0059999999999888,0
2385930,0.0049999999999954,0
2385960,0.0050000000000068,0
2385990,0.0045000000000015,0
2386020,0.0054999999999949,0
2386050,0.0029999999999972,0
2386080,0.0055000000000006,0
2386110,0.0040000000000077,0
2386140,0.0059999999999831,0
2386170,0.0060000000000059,0
2386200,0.0044999999999959,0
2386230,0.004000000000019,0
2386260,0.0055000000000177,0
2386290,0.0074999999999988,0
2386320,0.0049999999999727,0
2386350,0.0045000000000186,0
2386380,0.006499999999994,0
2386410,0.0045000000000072,0
2386440,0.005500000000012,0
2386470,0.0029999999999745,0
2386500,0.004999999999984,0
2386530,0.0039999999999849,0
2386560,0.0054999999999665,0
2386590,0.0045000000000072,0
2386620,0.0065000000000054,0
2386650,0.0035000000000025,0
2386680,0.0069999999999936,0
2386710,0.0034999999999854,0
2386740,0.0089999999999918,0
2386770,0.0040000000000077,0
2386800,0.0055000000000063,0
2386830,0.0040000000000077,0
2386860,0.0065000000000111,0
2386890,0.0054999999999949,0
2386920,0.0049999999999954,0
2386950,0.0035000000000195,0
2386980,0.0059999999999718,0
2387010,0.0065000000000168,0
2387040,0.0054999999999836,0
2387070,0.0045000000000186,0
2387100,0.0039999999999736,0
2387130,0.0039999999999963,0
2387160,0.0044999999999959,0
2387190,0.0030000000000086,0
2387220,0.0060000000000002,0
2387250,0.0050000000000295,0
2387280,0.0039999999999963,0
2387310,0.0039999999999849,0
2387340,0.0060000000000059,0
2387370,0.0030000000000086,0
2387400,0.0044999999999845,0
2387430,0.0040000000000077,0
2387460,0.0059999999999945,0
2387490,0.0089999999999918,0
2387520,0.0045000000000072,0
2387550,0.002500000000009,0
2387580,0.0044999999999959,0
2387610,0.002500000000009,0
2387640,0.0050000000000068,0
2387670,0.0029999999999972,0
2387700,0.0054999999999949,0
2387730,0.0039999999999736,0
2387760,0.004000000000019,0
2387790,0.0045000000000015,0
2387820,0.0050000000000181,0
2387850,0.0044999999999959,0
2387880,0.0060000000000059,0
2387910,0.0039999999999963,0
2387940,0.0044999999999845,0
2387970,0.0049999999999954,0
2388000,0.0050000000000181,0
2388030,0.0034999999999911,0
2388060,0.0060000000000172,0
2388090,0.0049999999999783,0
2388120,0.0045000000000072,0
2388150,0.0024999999999863,0
2388180,0.0039999999999906,0
2388210,0.0019999999999868,0
2388240,0.0034999999999968,0
2388270,0.0040000000000077,0
2388300,0.004000000000019,0
2388330,0.0039999999999849,0
2388360,0.0050000000000068,0
2388390,0.0044999999999959,0
2388420,0.0045000000000072,0
2388450,0.0025000000000034,0
2388480,0.0040000000000304,0
2388510,0.0044999999999959,0
2388540,0.0050000000000125,0
2388570,0.0029999999999972,0
2388600,0.0044999999999959,0
2388630,0.002500000000009,0
2388660,0.0064999999999827,0
2388690,0.0074999999999818,0
2388720,0.0050000000000011,0
2388750,0.0055000000000063,0
2388780,0.0069999999999936,0
2388810,0.0039999999999849,0
2388840,0.0050000000000125,0
2388870,0.0035000000000195,0
2388900,0.0064999999999827,0
2388930,0.0039999999999963,0
2388960,0.0075000000000216,0
2388990,0.0069999999999936,0
2389020,0.0055000000000177,0
2389050,0.0054999999999949,0
2389080,0.0044999999999845,0
2389110,0.0044999999999959,0
2389140,0.004000000000002,0
2389170,0.0055000000000063,0
2389200,0.0030000000000143,0
2389230,0.0039999999999963,0
2389260,0.0050000000000068,0
2389290,0.0069999999999993,0
2389320,0.0069999999999936,0
2389350,0.0060000000000172,0
2389380,0.0045000000000186,0
2389410,0.0044999999999845,0
2389440,0.0065000000000054,0
2389470,0.0049999999999954,0
2389500,0.0045000000000072,0
2389530,0.0040000000000134,0
2389560,0.0060000000000059,0
2389590,0.0049999999999727,0
2389620,0.0074999999999931,0
2389650,0.004000000000019,0
2389680,0.0060000000000059,0
2389710,0.0060000000000343,0
2389740,0.0049999999999727,0
2389770,0.0044999999999959,0
2389800,0.0050000000000181,0
2389830,0.0049999999999897,0
2389860,0.0059999999999888,0
2389890,0.006499999999994,0
2389920,0.0055000000000063,0
2389950,0.004999999999984,0
2389980,0.0039999999999963,0
2390010,0.004999999999984,0
2390040,0.0050000000000068,0
2390070,0.0044999999999959,0
2390100,0.0050000000000068,0
2390130,0.0055000000000063,0
2390160,0.0045000000000129,0
2390190,0.0034999999999968,0
2390220,0.0059999999999945,0
2390250,0.0045000000000072,0
2390280,0.0054999999999949,0
2390310,0.0049999999999954,0
2390340,0.0060000000000115,0
2390370,0.0050000000000352,0
2390400,0.0049999999999727,0
2390430,0.0059999999999945,0
2390460,0.0049999999999954,0
2390490,0.0079999999999984,0
2390520,0.0050000000000068,0
2390550,0.0059999999999831,0
2390580,0.007000000000005,0
2390610,0.0050000000000068,0
2390640,0.0060000000000229,0
2390670,0.0050000000000068,0
2390700,0.0049999999999727,0
2390730,0.0050000000000068,0
2390760,0.0054999999999949,0
2390790,0.0034999999999854,0
2390820,0.0045000000000186,0
2390850,0.0065000000000111,0
2390880,0.0054999999999836,0
2390910,0.0044999999999959,0
2390940,0.0049999999999954,0
2390970,0.0039999999999963,0
2391000,0.0049999999999954,0
2391030,0.0050000000000125,0
2391060,0.0064999999999827,0
2391090,0.006499999999994,0
2391120,0.0065000000000168,0
2391150,0.0045000000000072,0
2391180,0.0064999999999884,0
2391210,0.0044999999999959,0
2391240,0.0050000000000068,0
2391270,0.0044999999999959,0
2391300,0.0044999999999845,0
2391330,0.0065000000000168,0
2391360,0.0030000000000086,0
2391390,0.0039999999999849,0
2391420,0.0075000000000216,0
2391450,0.0049999999999954,0
2391480,0.0044999999999845,0
2391510,0.0044999999999845,0
2391540,0.0050000000000125,0
2391570,0.005500000000012,0
2391600,0.0050000000000295,0
2391630,0.004999999999984,0
2391660,0.0055000000000006,0
2391690,0.0079999999999927,0
2391720,0.006499999999994,0
2391750,0.0039999999999849,0
2391780,0.0029999999999802,0
2391810,0.0069999999999936,0
2391840,0.0044999999999959,0
2391870,0.0044999999999731,0
2391900,0.0055000000000177,0
2391930,0.0059999999999945,0
2391960,0.0055000000000063,0
2391990,0.004000000000019,0
2392020,0.0055000000000177,0
2392050,0.0054999999999949,0
2392080,0.0060000000000172,0
2392110,0.0060000000000002,0
2392140,0.0050000000000181,0
2392170,0.004999999999984,0
2392200,0.0060000000000059,0
2392230,0.0035000000000025,0
2392260,0.0049999999999954,0
2392290,0.0080000000000097,0
2392320,0.0045000000000072,0
2392350,0.0044999999999959,0
2392380,0.0055000000000063,0
2392410,0.0040000000000077,0
2392440,0.0070000000000277,0
2392470,0.0054999999999722,0
2392500,0.0059999999999945,0
2392530,0.0065000000000054,0
2392560,0.0049999999999954,0
2392590,0.0044999999999959,0
2392620,0.0059999999999718,0
2392650,0.004000000000019,0
2392680,0.0059999999999831,0
2392710,0.0050000000000295,0
2392740,0.0059999999999718,0
2392770,0.0045000000000129,0
2392800,0.006499999999994,0
2392830,0.0059999999999831,0
2392860,0.0045000000000129,0
2392890,0.0059999999999945,0
2392920,0.0044999999999959,0
2392950,0.0045000000000072,0
2392980,0.0069999999999879,0
2393010,0.0049999999999954,0
2393040,0.0054999999999836,0
2393070,0.0039999999999963,0
2393100,0.0055000000000177,0
2393130,0.0059999999999831,0
2393160,0.0060000000000115,0
2393190,0.0035000000000081,0
2393220,0.0054999999999608,0
2393250,0.0045000000000015,0
2393280,0.0040000000000077,0
2393310,0.0060000000000059,0
2393340,0.0034999999999968,0
2393370,0.0049999999999954,0
2393400,0.004999999999984,0
2393430,0.002500000000009,0
2393460,0.0050000000000068,0
2393490,0.0064999999999713,0
2393520,0.0059999999999774,0
2393550,0.0044999999999845,0
2393580,0.0045000000000186,0
2393610,0.0030000000000029,0
2393640,0.0044999999999959,0
2393670,0.0029999999999859,0
2393700,0.0044999999999959,0
2393730,0.0045000000000186,0
2393760,0.0075000000000045,0
2393790,0.0045000000000129,0
2393820,0.0070000000000391,0
2393850,0.0050000000000068,0
2393880,0.0039999999999849,0
2393910,0.0039999999999849,0
2393940,0.0075000000000159,0
2393970,0.0040000000000077,0
2394000,0.0049999999999897,0
2394030,0.0030000000000029,0
2394060,0.006499999999994,0
2394090,0.0059999999999945,0
2394120,0.0059999999999718,0
2394150,0.0019999999999981,0
2394180,0.0045000000000072,0
2394210,0.0050000000000181,0
2394240,0.0055000000000234,0
2394270,0.0050000000000068,0
2394300,0.0039999999999963,0
2394330,0.0044999999999845,0
2394360,0.0040000000000134,0
2394390,0.002500000000009,0
2394420,0.0055000000000063,0
2394450,0.0034999999999911,0
2394480,0.0060000000000286,0
2394510,0.0034999999999968,0
2394540,0.0034999999999968,0
2394570,0.0050000000000238,0
2394600,0.0034999999999968,0
2394630,0.004000000000019,0
2394660,0.0039999999999963,0
2394690,0.0059999999999945,0
2394720,0.004999999999984,0
2394750,0.0035000000000025,0
2394780,0.0069999999999936,0
2394810,0.0039999999999963,0
2394840,0.0055000000000063,0
2394870,0.0044999999999845,0
2394900,0.0055000000000234,0
2394930,0.004999999999984,0
2394960,0.0054999999999949,0
2394990,0.0029999999999972,0
2395020,0.0045000000000243,0
2395050,0.0044999999999845,0
2395080,0.0044999999999959,0
2395110,0.0029999999999915,0
2395140,0.0069999999999936,0
2395170,0.0024999999999977,0
2395200,0.0044999999999959,0
2395230,0.004000000000002,0
2395260,0.0039999999999906,0
2395290,0.0059999999999831,0
2395320,0.004000000000019,0
2395350,0.0055000000000177,0
2395380,0.0050000000000011,0
2395410,0.0044999999999731,0
2395440,0.0060000000000059,0
2395470,0.0044999999999845,0
2395500,0.0044999999999959,0
2395530,0.0035000000000195,0
2395560,0.0040000000000077,0
2395590,0.0029999999999972,0
2395620,0.0055000000000177,0
2395650,0.0044999999999731,0
2395680,0.0055000000000006,0
2395710,0.0045000000000072,0
2395740,0.0039999999999963,0
2395770,0.003499999999974,0
2395800,0.0039999999999736,0
2395830,0.0045000000000015,0
2395860,0.0065000000000054,0
2395890,0.0060000000000115,0
2395920,0.0050000000000238,0
2395950,0.0034999999999968,0
2395980,0.0064999999999827,0
2396010,0.0030000000000143,0
2396040,0.0049999999999954,0
2396070,0.0030000000000086,0
2396100,0.004000000000002,0
2396130,0.0019999999999981,0
2396160,0.0034999999999968,0
2396190,0.0014999999999872,0
2396220,0.0054999999999836,0
2396250,0.0040000000000077,0
2396280,0.0040000000000077,0
2396310,0.0024999999999749,0
2396340,0.0075000000000159,0
2396370,0.0034999999999854,0
2396400,0.0054999999999949,0
2396430,0.0035000000000081,0
2396460,0.0040000000000304,0
2396490,0.0055000000000006,0
2396520,0.0050000000000068,0
2396550,0.0029999999999972,0
2396580,0.0049999999999954,0
2396610,0.0049999999999783,0
2396640,0.0045000000000129,0
2396670,0.000999999999999,0
2396700,0.0039999999999849,0
2396730,0.0024999999999863,0
2396760,0.0040000000000077,0
2396790,0.0030000000000086,0
2396820,0.0044999999999959,0
2396850,0.0019999999999868,0
2396880,0.004000000000019,0
2396910,0.0024999999999863,0
2396940,0.0034999999999968,0
2396970,0.0039999999999906,0
2397000,0.0039999999999849,0
2397030,0.003499999999974,0
2397060,0.0039999999999963,0
2397090,0.0065000000000111,0
2397120,0.004999999999984,0
2397150,0.0029999999999802,0
2397180,0.0049999999999954,0
2397210,0.0039999999999849,0
2397240,0.004000000000002,0
2397270,0.0029999999999972,0
2397300,0.0060000000000059,0
2397330,0.0035000000000081,0
2397360,0.004999999999984,0
2397390,0.005500000000012,0
2397420,0.0069999999999822,0
2397450,0.0040000000000304,0
2397480,0.0054999999999836,0
2397510,0.0154999999999972,0
2397540,0.0065000000000168,0
2397570,0.0039999999999849,0
2397600,0.0069999999999993,0
2397630,0.0045000000000072,0
2397660,0.0059999999999831,0
2397690,0.007000000000005,0
2397720,0.0050000000000011,0
2397750,0.0044999999999959,0
2397780,0.0059999999999888,0
2397810,0.0039999999999849,0
2397840,0.006499999999994,0
2397870,0.0059999999999888,0
2397900,0.0065000000000054,0
2397930,0.0045000000000072,0
2397960,0.0054999999999836,0
2397990,0.0039999999999849,0
2398020,0.0074999999999818,0
2398050,0.0050000000000181,0
2398080,0.0060000000000115,0
2398110,0.0034999999999968,0
2398140,0.0060000000000059,0
2398170,0.006499999999994,0
2398200,0.0060000000000229,0
2398230,0.0039999999999906,0
2398260,0.0060000000000172,0
2398290,0.0070000000000106,0
2398320,0.0060000000000172,0
2398350,0.0040000000000077,0
2398380,0.0049999999999954,0
2398410,0.0035000000000081,0
2398440,0.0084999999999979,0
2398470,0.0035000000000081,0
2398500,0.0069999999999936,0
2398530,0.0059999999999945,0
2398560,0.0049999999999954,0
2398590,0.0059999999999945,0
2398620,0.0070000000000163,0
2398650,0.00300000000002,0
2398680,0.0055000000000006,0
2398710,0.1164999999999622,0
2398740,0.0050000000000295,0
2398770,0.0044999999999959,0
2398800,0.0049999999999954,0
2398830,0.0044999999999731,0
2398860,0.0054999999999836,0
2398890,0.0080000000000097,0
2398920,0.0055000000000063,0
2398950,0.0054999999999949,0
2398980,0.0050000000000181,0
2399010,0.0055000000000177,0
2399040,0.0059999999999888,0
2399070,0.0050000000000125,0
2399100,0.004999999999984,0
2399130,0.006499999999994,0
2399160,0.1520000000000038,0
2399190,0.0039999999999963,0
2399220,0.0070000000000106,0
2399250,0.0055000000000006,0
2399280,0.0055000000000063,0
2399310,0.0054999999999836,0
2399340,0.004999999999984,0
2399370,0.0050000000000068,0
2399400,0.0070000000000334,0
2399430,0.0255000000000109,0
2399460,0.3819999999999822,0
2399490,0.0909999999999854,0
2399520,0.1630000000000052,0
2399550,0.2385000000000104,0
2399580,0.2254999999999995,0
2399610,0.1865000000000236,0
2399640,0.1629999999999995,0
2399670,0.3459999999999752,0
2399700,0.2190000000000168,0
2399730,0.5380000000000053,0
2399760,0.1380000000000109,0
2399790,0.0154999999999802,0
2399820,0.0135000000000275,0
2399850,0.0145000000000095,0
2399880,0.4439999999999771,0
2399910,0.1449999999999761,0
2399940,0.0450000000000045,0
2399970,0.1159999999999968,0
2400000,0.0544999999999845,0
2400030,0.0485000000000013,0
2400060,0.0664999999999906,0
2400090,0.0799999999999897,0
2400120,0.058000000000004,0
2400150,0.1169999999999674,0
2400180,0.0780000000000029,0
2400210,0.0750000000000398,0
2400240,0.0505000000000393,0
2400270,0.5344999999999913,0
2400300,0.2940000000000111,0
2400330,0.0155000000000256,0
2400360,0.4809999999999718,0
2400390,0.2594999999999913,0
2400420,0.0150000000000261,0
2400450,0.4980000000000132,0
2400480,0.0209999999999695,0
2400510,0.4390000000000214,0
2400540,0.1024999999999863,0
2400570,0.3280000000000029,0
2400600,0.1765000000000214,0
2400630,0.0559999999999718,0
2400660,0.0100000000000363,0
2400690,0.0144999999999981,0
2400720,0.1324999999999875,0
2400750,0.1204999999999813,0
2400780,0.0085000000000093,0
2400810,0.0130000000000109,0
2400840,0.0425000000000011,0
2400870,0.138499999999982,0
2400900,0.0515000000000213,0
2400930,0.1565000000000225,0
2400960,0.0174999999999954,0
2400990,0.0189999999999997,0
2401020,0.019500000000022,0
2401050,0.0115000000000122,0
2401080,0.243999999999977,0
2401110,0.0830000000000325,0
2401140,0.0120000000000004,0
2401170,0.147500000000025,0
2401200,0.1885000000000161,0
2401230,0.0904999999999745,0
2401260,0.1060000000000116,0
2401290,0.0119999999999834,0
2401320,0.0219999999999686,0
2401350,0.2394999999999811,0
2401380,0.0755000000000052,0
2401410,0.0120000000000288,0
2401440,0.2605000000000018,0
2401470,0.0455000000000211,0
2401500,0.245499999999987,0
2401530,0.1025000000000147,0
2401560,0.0115000000000122,0
2401590,0.0095000000000027,0
2401620,0.0094999999999686,0
2401650,0.008000000000004,0
2401680,0.0049999999999954,0
2401710,0.0100000000000079,0
2401740,0.2399999999999636,0
2401770,0.143999999999977,0
2401800,0.0165000000000191,0
2401830,0.0054999999999949,0
2401860,0.0144999999999811,0
2401890,0.0239999999999781,0
2401920,0.0080000000000268,0
2401950,0.0525000000000204,0
2401980,0.2529999999999973,0
2402010,0.0825000000000102,0
2402040,0.0075000000000045,0
2402070,0.0964999999999633,0
2402100,0.1464999999999918,0
2402130,0.0785000000000025,0
2402160,0.0145000000000209,0
2402190,0.0064999999999827,0
2402220,0.2355000000000075,0
2402250,0.1185000000000115,0
2402280,0.015999999999957,0
2402310,0.0100000000000136,0
2402340,0.0944999999999993,0
2402370,0.3129999999999939,0
2402400,0.1514999999999986,0
2402430,0.2149999999999863,0
2402460,0.1669999999999959,0
2402490,0.0210000000000036,0
2402520,0.0265000000000384,0
2402550,0.0764999999999758,0
2402580,0.1190000000000168,0
2402610,0.1390000000000043,0
2402640,0.2249999999999886,0
2402670,0.1055000000000404,0
2402700,0.2260000000000048,0
2402730,0.1579999999999927,0
2402760,0.0659999999999968,0
2402790,0.0989999999999838,0
2402820,0.2440000000000168,0
2402850,0.1210000000000093,0
2402880,0.0344999999999913,0
2402910,0.0984999999999843,0
2402940,0.105500000000012,0
2402970,0.0194999999999822,0
2403000,0.0534999999999854,0
2403030,0.0285000000000081,0
2403060,0.2340000000000089,0
2403090,0.1985000000000127,0
2403120,0.0860000000000184,0
2403150,0.2540000000000134,0
2403180,0.0774999999999693,0
2403210,0.2754999999999769,0
2403240,0.191499999999985,0
2403270,0.0479999999999904,0
2403300,0.2695000000000391,0
2403330,0.0539999999999736,0
2403360,0.1730000000000132,0
2403390,0.0564999999999713,0
2403420,0.1105000000000131,0
2403450,0.0330000000000154,0
2403480,0.2439999999999884,0
2403510,0.1710000000000093,0
2403540,0.05450000000003,0
2403570,0.1515000000000043,0
2403600,0.0704999999999927,0
2403630,0.094500000000005,0
2403660,0.219500000000005,0
2403690,0.1394999999999982,0
2403720,0.0285000000000195,0
2403750,0.0645000000000152,0
2403780,0.1540000000000077,0
2403810,0.0359999999999729,0
2403840,0.0234999999999956,0
2403870,0.2120000000000004,0
2403900,0.1540000000000134,0
2403930,0.0644999999999981,0
2403960,0.0130000000000109,0
2403990,0.0095000000000084,0
2404020,0.0539999999999906,0
2404050,0.2879999999999824,0
2404080,0.1564999999999656,0
2404110,0.3125000000000284,0
2404140,0.0214999999999861,0
2404170,0.22650000000001,0
2404200,0.1194999999999936,0
2404230,0.0294999999999731,0
2404260,0.0120000000000118,0
2404290,0.0179999999999836,0
2404320,0.0110000000000127,0
2404350,0.2425000000000295,0
2404380,0.1079999999999984,0
2404410,0.0105000000000018,0
2404440,0.2175000000000238,0
2404470,0.16550000000002,0
2404500,0.021000000000015,0
2404530,0.0085000000000206,0
2404560,0.2479999999999734,0
2404590,0.1649999999999863,0
2404620,0.008000000000004,0
2404650,0.0065000000000281,0
2404680,0.0064999999999997,0
2404710,0.2339999999999918,0
2404740,0.1300000000000352,0
2404770,0.0259999999999763,0
2404800,0.0095000000000027,0
2404830,0.0094999999999913,0
2404860,0.0110000000000127,0
2404890,0.0164999999999963,0
2404920,0.0099999999999909,0
2404950,0.0085000000000036,0
2404980,0.0130000000000336,0
2405010,0.0129999999999881,0
2405040,0.0119999999999777,0
2405070,0.0094999999999799,0
2405100,0.042999999999995,0
2405130,0.1264999999999645,0
2405160,0.0240000000000009,0
2405190,0.1240000000000009,0
2405220,0.1034999999999911,0
2405250,0.0134999999999877,0
2405280,0.0115000000000122,0
2405310,0.1784999999999627,0
2405340,0.1500000000000113,0
2405370,0.0114999999999895,0
2405400,0.0089999999999918,0
2405430,0.0144999999999924,0
2405460,0.0100000000000022,0
2405490,0.0094999999999913,0
2405520,0.009499999999997,0
2405550,0.0065000000000054,0
2405580,0.0094999999999913,0
2405610,0.0290000000000134,0
2405640,0.0100000000000022,0
2405670,0.2294999999999788,0
2405700,0.0860000000000013,0
2405730,0.0319999999999936,0
2405760,0.2444999999999822,0
2405790,0.0405000000000086,0
2405820,0.2140000000000384,0
2405850,0.216499999999985,0
2405880,0.0920000000000072,0
2405910,0.2490000000000066,0
2405940,0.1310000000000343,0
2405970,0.0150000000000034,0
2406000,0.0100000000000136,0
2406030,0.1304999999999609,0
2406060,0.1654999999999859,0
2406090,0.2310000000000059,0
2406120,0.030500000000012,0
2406150,0.1495000000000175,0
2406180,0.2070000000000277,0
2406210,0.2375000000000171,0
2406240,0.0264999999999702,0
2406270,0.0105000000000018,0
2406300,0.2975000000000136,0
2406330,0.1470000000000084,0
2406360,0.1639999999999872,0
2406390,0.2035000000000138,0
2406420,0.2550000000000239,0
2406450,0.1819999999999879,0
2406480,0.0244999999999947,0
2406510,0.0119999999999947,0
2406540,0.0289999999999963,0
2406570,0.0200000000000045,0
2406600,0.0084999999999922,0
2406630,0.046999999999997,0
2406660,0.2399999999999864,0
2406690,0.1145000000000152,0
2406720,0.0105000000000131,0
2406750,0.0085000000000206,0
2406780,0.0084999999999922,0
2406810,0.0065000000000054,0
2406840,0.009500000000014,0
2406870,0.0090000000000031,0
2406900,0.0085000000000036,0
2406930,0.0104999999999847,0
2406960,0.0055000000000177,0
2406990,0.1415000000000134,0
2407020,0.1019999999999982,0
2407050,0.0129999999999938,0
2407080,0.2485000000000127,0
2407110,0.1395000000000038,0
2407140,0.0264999999999872,0
2407170,0.0079999999999699,0
2407200,0.2565000000000339,0
2407230,0.1614999999999895,0
2407260,0.1879999999999825,0
2407290,0.153000000000037,0
2407320,0.0304999999999665,0
2407350,0.01400000000001,0
2407380,0.0115000000000236,0
2407410,0.033500000000015,0
2407440,0.0294999999999845,0
2407470,0.009500000000014,0
2407500,0.0090000000000145,0
2407530,0.0110000000000013,0
2407560,0.0674999999999727,0
2407590,0.1314999999999884,0
2407620,0.1244999999999947,0
2407650,0.0185000000000286,0
2407680,0.0204999999999699,0
2407710,0.250000000000017,0
2407740,0.1409999999999741,0
2407770,0.0235000000000184,0
2407800,0.0199999999999818,0
2407830,0.2430000000000291,0
2407860,0.1454999999999984,0
2407890,0.0239999999999895,0
2407920,0.0160000000000252,0
2407950,0.013000000000045,0
2407980,0.0179999999999836,0
2408010,0.0159999999999627,0
2408040,0.0305000000000063,0
2408070,0.2485000000000127,0
2408100,0.1505000000000279,0
2408130,0.0204999999999927,0
2408160,0.0134999999999934,0
2408190,0.0195000000000106,0
2408220,0.0170000000000072,0
2408250,0.035499999999979,0
2408280,0.024499999999989,0
2408310,0.2550000000000125,0
2408340,0.0970000000000141,0
2408370,0.2409999999999968,0
2408400,0.1469999999999857,0
2408430,0.24699999999998,0
2408460,0.1595000000000141,0
2408490,0.0909999999999797,0
2408520,0.0970000000000027,0
2408550,0.009500000000014,0
2408580,0.0084999999999979,0
2408610,0.2170000000000129,0
2408640,0.1890000000000213,0
2408670,0.1224999999999909,0
2408700,0.1794999999999959,0
2408730,0.2114999999999952,0
2408760,0.2449999999999988,0
2408790,0.2634999999999763,0
2408820,0.359499999999997,0
2408850,0.3595000000000027,0
2408880,0.3550000000000011,0
2408910,0.3949999999999818,0
2408940,0.4004999999999995,0
2408970,0.4410000000000139,0
2409000,0.4705000000000154,0
2409030,0.4785000000000081,0
2409060,0.4050000000000011,0
2409090,0.5094999999999914,0
2409120,0.4419999999999789,0
2409150,0.4930000000000233,0
2409180,0.5080000000000041,0
2409210,0.5175000000000012,0
2409240,0.515500000000003,0
2409270,0.5340000000000202,0
2409300,0.5885000000000106,0
2409330,0.6015000000000158,0
2409360,0.5184999999999945,0
2409390,0.5455000000000269,0
2409420,0.6050000000000237,0
2409450,0.4904999999999972,0
2409480,0.6394999999999754,0
2409510,0.4974999999999795,0
2409540,0.6589999999999919,0
2409570,0.4945000000000164,0
2409600,0.7159999999999798,0
2409630,0.5750000000000114,0
2409660,0.2284999999999911,0
2409690,0.0810000000000343,0
2409720,0.0284999999999854,0
2409750,0.221000000000015,0
2409780,0.1269999999999811,0
2409810,0.0245000000000118,0
2409840,0.0050000000000409,0
2409870,0.0059999999999945,0
2409900,0.2420000000000357,0
2409930,0.1695000000000107,0
2409960,0.0240000000000122,0
2409990,0.0089999999999975,0
2410020,0.0104999999999904,0
2410050,0.0100000000000136,0
2410080,0.0169999999999959,0
2410110,0.0269999999999811,0
2410140,0.2215000000000145,0
2410170,0.1470000000000084,0
2410200,0.0169999999999618,0
2410230,0.0100000000000363,0
2410260,0.0084999999999809,0
2410290,0.0145000000000266,0
2410320,0.0085000000000036,0
2410350,0.0084999999999922,0
2410380,0.2414999999999907,0
2410410,0.1975000000000022,0
2410440,0.0250000000000113,0
2410470,0.0120000000000004,0
2410500,0.0125000000000056,0
2410530,0.0104999999999904,0
2410560,0.0274999999999863,0
2410590,0.0495000000000175,0
2410620,0.1624999999999772,0
2410650,0.0889999999999986,0
2410680,0.0115000000000122,0
2410710,0.0074999999999818,0
2410740,0.0075000000000045,0
2410770,0.0055000000000063,0
2410800,0.010499999999979,0
2410830,0.0389999999999929,0
2410860,0.1645000000000152,0
2410890,0.0934999999999888,0
2410920,0.0140000000000043,0
2410950,0.2305000000000177,0
2410980,0.135000000000025,0
2411010,0.0139999999999872,0
2411040,0.245500000000004,0
2411070,0.1494999999999834,0
2411100,0.0210000000000036,0
2411130,0.0074999999999988,0
2411160,0.0234999999999786,0
2411190,0.006499999999977,0
2411220,0.1735000000000354,0
2411250,0.1405000000000029,0
2411280,0.0234999999999956,0
2411310,0.0135000000000275,0
2411340,0.0190000000000111,0
2411370,0.0205000000000097,0
2411400,0.2184999999999775,0
2411430,0.1094999999999799,0
2411460,0.0130000000000052,0
2411490,0.011000000000007,0
2411520,0.0069999999999708,0
2411550,0.0099999999999909,0
2411580,0.0095000000000027,0
2411610,0.0084999999999922,0
2411640,0.0134999999999934,0
2411670,0.2475000000000364,0
2411700,0.1649999999999807,0
2411730,0.0125000000000113,0
2411760,0.2559999999999832,0
2411790,0.163499999999982,0
2411820,0.024000000000035,0
2411850,0.0130000000000279,0
2411880,0.2185000000000059,0
2411910,0.1345000000000254,0
2411940,0.0224999999999909,0
2411970,0.1669999999999731,0
2412000,0.1185000000000002,0
2412030,0.0225000000000022,0
2412060,0.0140000000000213,0
2412090,0.1684999999999945,0
2412120,0.121000000000015,0
2412150,0.010000000000025,0
2412180,0.2394999999999697,0
2412210,0.0810000000000229,0
2412240,0.0305000000000006,0
2412270,0.0204999999999984,0
2412300,0.0084999999999979,0
2412330,0.0069999999999708,0
2412360,0.0059999999999831,0
2412390,0.004999999999984,0
2412420,0.008000000000004,0
2412450,0.0065000000000111,0
2412480,0.0034999999999854,0
2412510,0.0075000000000159,0
2412540,0.0109999999999786,0
2412570,0.0065000000000054,0
2412600,0.0040000000000134,0
2412630,0.0075000000000045,0
2412660,0.004999999999984,0
2412690,0.006499999999994,0
2412720,0.0039999999999963,0
2412750,0.0040000000000077,0
2412780,0.008000000000004,0
2412810,0.0050000000000068,0
2412840,0.0070000000000106,0
2412870,0.0050000000000295,0
2412900,0.0054999999999836,0
2412930,0.0204999999999813,0
2412960,0.1780000000000086,0
2412990,0.1624999999999886,0
2413020,0.147000000000014,0
2413050,0.0219999999999799,0
2413080,0.0165000000000191,0
2413110,0.0130000000000109,0
2413140,0.0230000000000131,0
2413170,0.0194999999999936,0
2413200,0.0154999999999631,0
2413230,0.0190000000000168,0
2413260,0.0355000000000188,0
2413290,0.2040000000000305,0
2413320,0.0745000000000232,0
2413350,0.0284999999999854,0
2413380,0.0239999999999781,0
2413410,0.0249999999999772,0
2413440,0.0324999999999875,0
2413470,0.0285000000000138,0
2413500,0.2510000000000161,0
2413530,0.0569999999999879,0
2413560,0.2404999999999802,0
2413590,0.117499999999967,0
2413620,0.0254999999999995,0
2413650,0.2920000000000129,0
2413680,0.1864999999999895,0
2413710,0.0249999999999886,0
2413740,0.0795000000000243,0
2413770,0.1585000000000036,0
2413800,0.0569999999999993,0
2413830,0.1405000000000029,0
2413860,0.1599999999999795,0
2413890,0.0195000000000106,0
2413920,0.2319999999999766,0
2413950,0.1414999999999793,0
2413980,0.0235000000000013,0
2414010,0.0064999999999997,0
2414040,0.2280000000000029,0
2414070,0.1424999999999784,0
2414100,0.0305000000000291,0
2414130,0.0144999999999981,0
2414160,0.0395000000000152,0
2414190,0.1504999999999995,0
2414220,0.1104999999999734,0
2414250,0.0190000000000281,0
2414280,0.0124999999999829,0
2414310,0.0129999999999768,0
2414340,0.0200000000000272,0
2414370,0.007000000000005,0
2414400,0.0139999999999872,0
2414430,0.0089999999999975,0
2414460,0.2504999999999825,0
2414490,0.1429999999999893,0
2414520,0.0199999999999818,0
2414550,0.0124999999999772,0
2414580,0.17650000000001,0
2414610,0.1190000000000111,0
2414640,0.0300000000000068,0
2414670,0.222500000000025,0
2414700,0.1104999999999734,0
2414730,0.0075000000000159,0
2414760,0.0384999999999877,0
2414790,0.182999999999987,0
2414820,0.0934999999999945,0
2414850,0.0120000000000118,0
2414880,0.0500000000000284,0
2414910,0.1209999999999979,0
2414940,0.0675000000000068,0
2414970,0.0364999999999781,0
2415000,0.2050000000000011,0
2415030,0.1334999999999979,0
2415060,0.0030000000000086,0
2415090,0.0880000000000279,0
2415120,0.114499999999964,0
2415150,0.0250000000000341,0
2415180,0.0079999999999927,0
2415210,0.0980000000000018,0
2415240,0.1184999999999945,0
2415270,0.0444999999999936,0
2415300,0.0170000000000186,0
2415330,0.2229999999999677,0
2415360,0.0875000000000056,0
2415390,0.013499999999999,0
2415420,0.0104999999999847,0
2415450,0.2294999999999732,0
2415480,0.1224999999999966,0
2415510,0.0145000000000436,0
2415540,0.0404999999999574,0
2415570,0.2130000000000223,0
2415600,0.1090000000000486,0
2415630,0.01400000000001,0
2415660,0.0560000000000002,0
2415690,0.1644999999999413,0
2415720,0.1149999999999863,0
2415750,0.0370000000000175,0
2415780,0.2159999999999797,0
2415810,0.1094999999999743,0
2415840,0.0109999999999786,0
2415870,0.027499999999992,0
2415900,0.2369999999999891,0
2415930,0.1395000000000039,0
2415960,0.0184999999999945,0
2415990,0.0324999999999875,0
2416020,0.2414999999999963,0
2416050,0.1109999999999956,0
2416080,0.0475000000000193,0
2416110,0.0379999999999824,0
2416140,0.0550000000000068,0
2416170,0.0379999999999881,0
2416200,0.1389999999999929,0
2416230,0.0175000000000295,0
2416260,0.0240000000000009,0
2416290,0.0275000000000091,0
2416320,0.2310000000000059,0
2416350,0.1660000000000082,0
2416380,0.0144999999999868,0
2416410,0.007000000000005,0
2416440,0.0499999999999943,0
2416470,0.1315000000000111,0
2416500,0.0935000000000115,0
2416530,0.006499999999994,0
2416560,0.0215000000000202,0
2416590,0.2440000000000225,0
2416620,0.1405000000000029,0
2416650,0.0709999999999979,0
2416680,0.1375000000000056,0
2416710,0.0785000000000195,0
2416740,0.1299999999999954,0
2416770,0.1225000000000136,0
2416800,0.0249999999999545,0
2416830,0.0090000000000145,0
2416860,0.0874999999999886,0
2416890,0.14050000000002,0
2416920,0.0890000000000213,0
2416950,0.0099999999999795,0
2416980,0.0574999999999988,0
2417010,0.2890000000000043,0
2417040,0.0820000000000163,0
2417070,0.010499999999979,0
2417100,0.0129999999999768,0
2417130,0.0165000000000191,0
2417160,0.0104999999999904,0
2417190,0.0095000000000027,0
2417220,0.1950000000000159,0
2417250,0.1105000000000359,0
2417280,0.0154999999999972,0
2417310,0.268500000000023,0
2417340,0.0840000000000088,0
2417370,0.0339999999999918,0
2417400,0.1765000000000384,0
2417430,0.0339999999999804,0
2417460,0.2429999999999893,0
2417490,0.1819999999999879,0
2417520,0.0240000000000179,0
2417550,0.2444999999999823,0
2417580,0.1460000000000036,0
2417610,0.0215000000000031,0
2417640,0.2310000000000116,0
2417670,0.121999999999997,0
2417700,0.0535000000000138,0
2417730,0.1194999999999879,0
2417760,0.0175000000000295,0
2417790,0.2240000000000066,0
2417820,0.1214999999999918,0
2417850,0.1974999999999738,0
2417880,0.1335000000000036,0
2417910,0.0160000000000252,0
2417940,0.230500000000012,0
2417970,0.1480000000000075,0
2418000,0.1810000000000002,0
2418030,0.1374999999999943,0
2418060,0.0304999999999893,0
2418090,0.2310000000000457,0
2418120,0.1259999999999877,0
2418150,0.0075000000000159,0
2418180,0.2319999999999879,0
2418210,0.1615000000000122,0
2418240,0.0519999999999925,0
2418270,0.0544999999999959,0
2418300,0.2504999999999939,0
2418330,0.1594999999999971,0
2418360,0.0474999999999909,0
2418390,0.2070000000000164,0
2418420,0.1354999999999847,0
2418450,0.012500000000017,0
2418480,0.0060000000000229,0
2418510,0.2459999999999809,0
2418540,0.153000000000037,0
2418570,0.0319999999999879,0
2418600,0.2459999999999866,0
2418630,0.139000000000027,0
2418660,0.0199999999999988,0
2418690,0.0184999999999945,0
2418720,0.0160000000000195,0
2418750,0.2629999999999882,0
2418780,0.1440000000000054,0
2418810,0.0335000000000093,0
2418840,0.0069999999999822,0
2418870,0.2590000000000145,0
2418900,0.1575000000000045,0
2418930,0.0285000000000309,0
2418960,0.0059999999999945,0
2418990,0.0160000000000366,0
2419020,0.1835000000000093,0
2419050,0.1049999999999784,0
2419080,0.0290000000000077,0
2419110,0.0919999999999845,0
2419140,0.132000000000022,0
2419170,0.0310000000000229,0
2419200,0.0085000000000036,0
2419230,0.0260000000000161,0
2419260,0.2444999999999936,0
2419290,0.0959999999999524,0
2419320,0.0310000000000059,0
2419350,0.1585000000000207,0
2419380,0.0750000000000113,0
2419410,0.1450000000000045,0
2419440,0.0759999999999763,0
2419470,0.0424999999999954,0
2419500,0.2459999999999582,0
2419530,0.1560000000000002,0
2419560,0.2569999999999879,0
2419590,0.1275000000000432,0
2419620,0.0104999999999961,0
2419650,0.0414999999999963,0
2419680,0.0420000000000129,0
2419710,0.2420000000000016,0
2419740,0.1165000000000247,0
2419770,0.0210000000000036,0
2419800,0.0125,0
2419830,0.0240000000000009,0
2419860,0.1285000000000081,0
2419890,0.1435143514351494,0
2419920,0.0245000000000118,0
2419950,0.2299999999999784,0
2419980,0.1490000000000009,0
2420010,0.039999999999992,0
2420040,0.2114999999999781,0
2420070,0.1390000000000157,0
2420100,0.0089999999999975,0
2420130,0.2400000000000091,0
2420160,0.1525000000000034,0
2420190,0.0460000000000093,0
2420220,0.0075000000000045,0
2420250,0.0175000000000295,0
2420280,0.0679999999999836,0
2420310,0.207000000000005,0
2420340,0.0885000000000104,0
2420370,0.0345000000000084,0
2420400,0.1349999999999909,0
2420430,0.1350000000000023,0
2420460,0.5194999999999937,0
2420490,0.1409999999999684,0
2420520,0.0194999999999993,0
2420550,0.0084999999999865,0
2420580,0.0090000000000031,0
2420610,0.0159999999999911,0
2420640,0.0190000000000111,0
2420670,0.0099999999999965,0
2420700,0.0179999999999893,0
2420730,0.009500000000014,0
2420760,0.0349999999999681,0
2420790,0.1199999999999818,0
2420820,0.0800000000000182,0
2420850,0.0194999999999708,0
2420880,0.0065000000000054,0
2420910,0.0409999999999797,0
2420940,0.1230000000000132,0
2420970,0.0179999999999836,0
2421000,0.2175000000000011,0
2421030,0.0329999999999984,0
2421060,1.0024999999999975,0
2421090,0.2530000000000313,0
2421120,0.2915000000000191,0
2421150,0.2304999999999779,0
2421180,0.0934999999999945,0
2421210,0.2424999999999897,0
2421240,0.0974999999999966,0
2421270,0.4905000000000087,0
2421300,0.1090000000000259,0
2421330,0.911499999999984,0
2421360,0.1710000000000036,0
2421390,0.1175000000000068,0
2421420,0.6169999999999846,0
2421450,0.1730000000000245,0
2421480,0.3019999999999811,0
2421510,0.0945000000000334,0
2421540,0.2410000000000195,0
2421570,0.1150000000000148,0
2421600,0.4674999999999727,0
2421630,0.119500000000005,0
2421660,0.422500000000008,0
2421690,0.1225000000000079,0
2421720,0.54849999999999,0
2421750,0.1444999999999993,0
2421780,0.273500000000007,0
2421810,0.0699999999999818,0
2421840,0.100000000000034,0
2421870,0.3274999999999807,0
2421900,0.1260000000000161,0
2421930,0.3019999999999811,0
2421960,0.2520000000000266,0
2421990,0.0999999999999715,0
2422020,0.2174999999999727,0
2422050,0.1200000000000045,0
2422080,0.379500000000013,0
2422110,0.1399999999999863,0
2422140,0.1044999999999845,0
2422170,0.1345000000000027,0
2422200,0.179000000000002,0
2422230,0.144500000000005,0
2422260,0.0784999999999854,0
2422290,0.1234999999999899,0
2422320,0.244500000000005,0
2422350,0.079000000000002,0
2422380,0.0075000000000045,0
2422410,0.2464999999999975,0
2422440,0.1495000000000118,0
2422470,0.0309999999999945,0
2422500,0.0074999999999931,0
2422530,0.0604999999999904,0
2422560,0.1490000000000293,0
2422590,0.0699999999999818,0
2422620,0.1815000000000111,0
2422650,0.0924999999999784,0
2422680,0.0239999999999838,0
2422710,0.2544999999999959,0
2422740,0.1904999999999972,0
2422770,0.2600000000000477,0
2422800,0.1465000000000259,0
2422830,0.0349999999999795,0
2422860,0.2414999999999963,0
2422890,0.0540000000000191,0
2422920,0.0120000000000118,0
2422950,0.0100000000000022,0
2422980,0.2360000000000127,0
2423010,0.1759999999999706,0
2423040,0.0310000000000059,0
2423070,0.0165000000000077,0
2423100,0.0169999999999731,0
2423130,0.018999999999994,0
2423160,0.0139999999999872,0
2423190,0.021499999999969,0
2423220,0.0184999999999718,0
2423250,0.0175000000000181,0
2423280,0.0164999999999849,0
2423310,0.0144999999999981,0
2423340,0.0164999999999963,0
2423370,0.0170000000000186,0
2423400,0.0159999999999968,0
2423430,0.0189999999999827,0
2423460,0.2375000000000057,0
2423490,0.0474999999999909,0
2423520,0.0074999999999931,0
2423550,0.0070000000000277,0
2423580,0.0090000000000202,0
2423610,0.0079999999999813,0
2423640,0.0054999999999949,0
2423670,0.0100000000000079,0
2423700,0.009500000000014,0
2423730,0.0075000000000159,0
2423760,0.106499999999994,0
2423790,0.0980000000000245,0
2423820,0.0250000000000113,0
2423850,0.0069999999999936,0
2423880,0.0074999999999931,0
2423910,0.0360000000000013,0
2423940,0.1164999999999963,0
2423970,0.0505000000000279,0
2424000,0.0090000000000031,0
2424030,0.0060000000000059,0
2424060,0.0065000000000054,0
2424090,0.0120000000000118,0
2424120,0.0060000000000172,0
2424150,0.0090000000000145,0
2424180,0.0085000000000036,0
2424210,0.0070000000000163,0
2424240,0.0065000000000054,0
2424270,0.010000000000025,0
2424300,0.0279999999999915,0
2424330,0.1839999999999917,0
2424360,0.0779999999999972,0
2424390,0.0090000000000031,0
2424420,0.0074999999999818,0
2424450,0.0100000000000022,0
2424480,0.0089999999999918,0
2424510,0.0245000000000004,0
2424540,0.0055000000000063,0
2424570,0.0105000000000075,0
2424600,0.0070000000000163,0
2424630,0.007000000000005,0
2424660,0.0055000000000063,0
2424690,0.0129999999999881,0
2424720,0.0094999999999913,0
2424750,0.0094999999999913,0
2424780,0.0109999999999786,0
2424810,0.0079999999999927,0
2424840,0.2074999999999818,0
2424870,0.1869999999999777,0
2424900,0.0079999999999699,0
2424930,0.0654999999999859,0
2424960,0.2060000000000059,0
2424990,0.0835000000000263,0
2425020,0.0170000000000129,0
2425050,0.175,0
2425080,0.1955000000000041,0
2425110,0.0055000000000291,0
2425140,0.0104999999999904,0
2425170,0.198500000000007,0
2425200,0.130499999999995,0
2425230,0.0105000000000131,0
2425260,0.1165000000000077,0
2425290,0.2040000000000077,0
2425320,0.0229999999999961,0
2425350,0.01400000000001,0
2425380,0.2139999999999872,0
2425410,0.1875000000000057,0
2425440,0.0165000000000304,0
2425470,0.0729999999999904,0
2425500,0.2030000000000029,0
2425530,0.0975000000000022,0
2425560,0.2999999999999886,0
2425590,0.1495000000000004,0
2425620,0.0069999999999936,0
2425650,0.1029999999999859,0
2425680,0.1974999999999852,0
2425710,0.02800000000002,0
2425740,0.0115000000000009,0
2425770,0.2004999999999938,0
2425800,0.2034999999999911,0
2425830,0.0140000000000213,0
2425860,0.0569999999999709,0
2425890,0.2040000000000361,0
2425920,0.08900000000001,0
2425950,0.0154999999999972,0
2425980,0.1659999999999854,0
2426010,0.1939999999999827,0
2426040,0.0065000000000168,0
2426070,0.0099999999999909,0
2426100,0.2034999999999911,0
2426130,0.1444999999999936,0
2426160,0.008500000000015,0
2426190,0.1075000000000102,0
2426220,0.2060000000000172,0
2426250,0.0389999999999872,0
2426280,0.0080000000000381,0
2426310,0.2020000000000038,0
2426340,0.2024999999999807,0
2426370,0.0130000000000109,0
2426400,0.06550000000002,0
2426430,0.1999999999999829,0
2426460,0.0694999999999936,0
2426490,0.0145000000000038,0
2426520,0.1784999999999911,0
2426550,0.1970000000000197,0
2426580,0.0145000000000095,0
2426610,0.0230000000000018,0
2426640,0.2029999999999973,0
2426670,0.1200000000000102,0
2426700,0.0129999999999881,0
2426730,0.1460000000000093,0
2426760,0.2155000000000143,0
2426790,0.0249999999999886,0
2426820,0.0155000000000086,0
2426850,0.2000000000000341,0
2426880,0.1610000000000127,0
2426910,0.0104999999999904,0
2426940,0.0970000000000254,0
2426970,0.3959999999999752,0
2427000,0.250999999999982,0
2427030,0.3695000000000277,0
2427060,0.0210000000000036,0
2427090,0.1269999999999924,0
2427120,0.1135000000000218,0
2427150,0.0229999999999904,0
2427180,0.0370000000000004,0
2427210,0.6985000000000184,0
2427240,0.0060000000000059,0
2427270,0.5214999999999862,0
2427300,0.0184999999999831,0
2427330,0.0125,0
2427360,0.0030000000000086,0
2427390,0.0095000000000311,0
2427420,0.0039999999999849,0
2427450,0.0114999999999895,0
2427480,0.0034999999999854,0
2427510,0.008500000000015,0
2427540,0.0034999999999968,0
2427570,0.0105000000000188,0
2427600,0.0060000000000059,0
2427630,0.0059999999999945,0
2427660,0.0069999999999879,0
2427690,0.0130000000000222,0
2427720,0.0050000000000068,0
2427750,0.0070000000000277,0
2427780,0.0060000000000059,0
2427810,0.0080000000000154,0
2427840,0.0049999999999954,0
2427870,0.010499999999979,0
2427900,0.0034999999999968,0
2427930,0.009500000000014,0
2427960,0.0054999999999949,0
2427990,0.0224999999999965,0
2428020,0.0039999999999963,0
2428050,0.021000000000015,0
2428080,0.0059999999999831,0
2428110,0.0084999999999695,0
2428140,0.0034999999999968,0
2428170,0.0110000000000127,0
2428200,0.0039999999999736,0
2428230,0.0075000000000045,0
2428260,0.0044999999999845,0
2428290,0.0145000000000095,0
2428320,0.0034999999999968,0
2428350,0.008000000000004,0
2428380,0.0034999999999968,0
2428410,0.0105000000000075,0
2428440,0.0039999999999963,0
2428470,0.0069999999999822,0
2428500,0.005500000000012,0
2428530,0.0090000000000031,0
2428560,0.0060000000000115,0
2428590,0.0069999999999822,0
2428620,0.0034999999999968,0
2428650,0.0109999999999956,0
2428680,0.0044999999999959,0
2428710,0.007000000000005,0
2428740,0.0040000000000134,0
2428770,0.0114999999999668,0
2428800,0.0055000000000177,0
2428830,0.0079999999999813,0
2428860,0.0039999999999849,0
2428890,0.0104999999999904,0
2428920,0.0045000000000129,0
2428950,0.0095000000000027,0
2428980,0.0034999999999968,0
2429010,0.0135000000000047,0
2429040,0.0040000000000077,0
2429070,0.0099999999999909,0
2429100,0.0050000000000238,0
2429130,0.0109999999999672,0
2429160,0.0039999999999849,0
2429190,0.0079999999999927,0
2429220,0.0044999999999731,0
2429250,0.0095000000000197,0
2429280,0.0044999999999845,0
2429310,0.0074999999999931,0
2429340,0.0029999999999972,0
2429370,0.0090000000000316,0
2429400,0.0044999999999959,0
2429430,0.0064999999999827,0
2429460,0.0060000000000172,0
2429490,0.0120000000000004,0
2429520,0.0039999999999849,0
2429550,0.0079999999999984,0
2429580,0.0035000000000081,0
2429610,0.0079999999999927,0
2429640,0.0059999999999831,0
2429670,0.0085000000000036,0
2429700,0.0034999999999627,0
2429730,0.0090000000000316,0
2429760,0.004999999999984,0
2429790,0.0065000000000168,0
2429820,0.0039999999999849,0
2429850,0.0100000000000136,0
2429880,0.0045000000000072,0
2429910,0.0060000000000059,0
2429940,0.0075000000000159,0
2429970,0.0075000000000159,0
2430000,0.0050000000000011,0
2430030,0.0070000000000163,0
2430060,0.006499999999994,0
2430090,0.0100000000000136,0
2430120,0.0035000000000081,0
2430150,0.0064999999999827,0
2430180,0.0045000000000072,0
2430210,0.0104999999999847,0
2430240,0.0034999999999968,0
2430270,0.008500000000015,0
2430300,0.0034999999999968,0
2430330,0.008500000000015,0
2430360,0.0039999999999963,0
2430390,0.0100000000000193,0
2430420,0.0039999999999849,0
2430450,0.0079999999999699,0
2430480,0.0040000000000077,0
2430510,0.0075000000000102,0
2430540,0.0044999999999845,0
2430570,0.0080000000000154,0
2430600,0.0044999999999845,0
2430630,0.007000000000005,0
2430660,0.0059999999999888,0
2430690,0.0120000000000118,0
2430720,0.0055000000000063,0
2430750,0.0089999999999918,0
2430780,0.0019999999999868,0
2430810,0.0059999999999945,0
2430840,0.0050000000000181,0
2430870,0.008000000000004,0
2430900,0.0044999999999845,0
2430930,0.0115000000000065,0
2430960,0.0039999999999963,0
2430990,0.008000000000004,0
2431020,0.0020000000000209,0
2431050,0.0069999999999765,0
2431080,0.0029999999999972,0
2431110,0.0070000000000277,0
2431140,0.0040000000000077,0
2431170,0.0120000000000004,0
2431200,0.004000000000019,0
2431230,0.0080000000000268,0
2431260,0.0050000000000011,0
2431290,0.0104999999999677,0
2431320,0.0044999999999959,0
2431350,0.0100000000000136,0
2431380,0.0045000000000072,0
2431410,0.0085000000000036,0
2431440,0.002500000000009,0
2431470,0.0065000000000054,0
2431500,0.004999999999984,0
2431530,0.0114999999999895,0
2431560,0.0054999999999836,0
2431590,0.0075000000000102,0
2431620,0.0040000000000077,0
2431650,0.0074999999999704,0
2431680,0.0044999999999845,0
2431710,0.0084999999999809,0
2431740,0.0039999999999963,0
2431770,0.0085000000000036,0
2431800,0.0049999999999954,0
2431830,0.0090000000000202,0
2431860,0.0044999999999845,0
2431890,0.0130000000000109,0
2431920,0.0059999999999831,0
2431950,0.0095000000000027,0
2431980,0.0050000000000238,0
2432010,0.0105000000000131,0
2432040,0.0054999999999722,0
2432070,0.0070000000000106,0
2432100,0.0034999999999968,0
2432130,0.0075000000000272,0
2432160,0.0059999999999945,0
2432190,0.0089999999999804,0
2432220,0.0044999999999845,0
2432250,0.007000000000005,0
2432280,0.0035000000000081,0
2432310,0.0084999999999809,0
2432340,0.0049999999999954,0
2432370,0.0065000000000054,0
2432400,0.0054999999999836,0
2432430,0.0074999999999931,0
2432460,0.0039999999999963,0
2432490,0.009500000000014,0
2432520,0.005500000000012,0
2432550,0.0069999999999936,0
2432580,0.0049999999999954,0
2432610,0.0075000000000045,0
2432640,0.0045000000000072,0
2432670,0.008500000000015,0
2432700,0.0035000000000081,0
2432730,0.0050000000000011,0
2432760,0.0025000000000204,0
2432790,0.0049999999999727,0
2432820,0.0050000000000068,0
2432850,0.0040000000000077,0
2432880,0.0034999999999854,0
2432910,0.0024999999999977,0
2432940,0.0054999999999949,0
2432970,0.0024999999999977,0
2433000,0.0045000000000072,0
2433030,0.0029999999999972,0
2433060,0.00300000000002,0
2433090,0.0065000000000054,0
2433120,0.0050000000000181,0
2433150,0.0035000000000081,0
2433180,0.0034999999999968,0
2433210,0.0034999999999854,0
2433240,0.0049999999999954,0
2433270,0.004999999999984,0
2433300,0.002499999999992,0
2433330,0.0020000000000095,0
2433360,0.0050000000000181,0
2433390,0.0030000000000086,0
2433420,0.0035000000000081,0
2433450,0.0055000000000063,0
2433480,0.0039999999999849,0
2433510,0.0034999999999854,0
2433540,0.0059999999999831,0
2433570,0.0029999999999972,0
2433600,0.0030000000000029,0
2433630,0.0029999999999745,0
2433660,0.0049999999999954,0
2433690,0.0054999999999836,0
2433720,0.0024999999999977,0
2433750,0.0029999999999972,0
2433780,0.0045000000000072,0
2433810,0.0035000000000081,0
2433840,0.004000000000019,0
2433870,0.0035000000000081,0
2433900,0.00150000000001,0
2433930,0.0039999999999963,0
2433960,0.0060000000000172,0
2433990,0.0044999999999618,0
2434020,0.0039999999999849,0
2434050,0.0040000000000077,0
2434080,0.0034999999999968,0
2434110,0.0034999999999854,0
2434140,0.0049999999999954,0
2434170,0.0030000000000086,0
2434200,0.0054999999999949,0
2434230,0.0040000000000077,0
2434260,0.003499999999974,0
2434290,0.0065000000000168,0
2434320,0.0049999999999954,0
2434350,0.0029999999999972,0
2434380,0.0045000000000186,0
2434410,0.0045000000000072,0
2434440,0.0044999999999959,0
2434470,0.0054999999999836,0
2434500,0.0039999999999849,0
2434530,0.0054999999999836,0
2434560,0.004000000000019,0
2434590,0.0054999999999949,0
2434620,0.0040000000000077,0
2434650,0.006499999999994,0
2434680,0.0039999999999906,0
2434710,0.0060000000000059,0
2434740,0.0035000000000081,0
2434770,0.0034999999999854,0
2434800,0.0044999999999959,0
2434830,0.0039999999999849,0
2434860,0.0059999999999718,0
2434890,0.008000000000004,0
2434920,0.0055000000000291,0
2434950,0.0064999999999827,0
2434980,0.0054999999999949,0
2435010,0.0055000000000063,0
2435040,0.0055000000000234,0
2435070,0.006499999999994,0
2435100,0.00300000000002,0
2435130,0.0054999999999836,0
2435160,0.0050000000000068,0
2435190,0.0050000000000181,0
2435220,0.0054999999999949,0
2435250,0.0054999999999836,0
2435280,0.0044999999999845,0
2435310,0.0050000000000068,0
2435340,0.0049999999999954,0
2435370,0.0054999999999836,0
2435400,0.0020000000000209,0
2435430,0.0030000000000086,0
2435460,0.0060000000000059,0
2435490,0.0084999999999922,0
2435520,0.0074999999999818,0
2435550,0.0044999999999959,0
2435580,0.0075000000000045,0
2435610,0.0044999999999845,0
2435640,0.0090000000000031,0
2435670,0.004999999999984,0
2435700,0.0090000000000145,0
2435730,0.0044999999999959,0
2435760,0.0084999999999922,0
2435790,0.0050000000000068,0
2435820,0.0090000000000145,0
2435850,0.0049999999999954,0
2435880,0.0100000000000022,0
2435910,0.0095000000000084,0
2435940,0.0095000000000368,0
2435970,0.004999999999984,0
2436000,0.0095000000000027,0
2436030,0.0034999999999968,0
2436060,0.0095000000000254,0
2436090,0.007000000000005,0
2436120,0.0109999999999786,0
2436150,0.006499999999994,0
2436180,0.0079999999999813,0
2436210,0.0055000000000234,0
2436240,0.0100000000000022,0
2436270,0.0054999999999722,0
2436300,0.009500000000014,0
2436330,0.0045000000000186,0
2436360,0.0109999999999956,0
2436390,0.0059999999999945,0
2436420,0.0109999999999899,0
2436450,0.0034999999999968,0
2436480,0.008000000000004,0
2436510,0.0045000000000186,0
2436540,0.0085000000000036,0
2436570,0.0044999999999845,0
2436600,0.0099999999999795,0
2436630,0.0039999999999849,0
2436660,0.0080000000000268,0
2436690,0.008500000000015,0
2436720,0.0080000000000097,0
2436750,0.0049999999999727,0
2436780,0.0074999999999931,0
2436810,0.0055000000000177,0
2436840,0.0095000000000027,0
2436870,0.0059999999999945,0
2436900,0.007000000000005,0
2436930,0.0055000000000177,0
2436960,0.0109999999999899,0
2436990,0.0054999999999836,0
2437020,0.0090000000000316,0
2437050,0.0055000000000063,0
2437080,0.0080000000000154,0
2437110,0.0059999999999945,0
2437140,0.0075000000000216,0
2437170,0.0039999999999963,0
2437200,0.0110000000000241,0
2437230,0.0024999999999863,0
2437260,0.0094999999999913,0
2437290,0.0069999999999936,0
2437320,0.0094999999999799,0
2437350,0.0049999999999954,0
2437380,0.0084999999999809,0
2437410,0.0064999999999827,0
2437440,0.0099999999999909,0
2437470,0.0045000000000072,0
2437500,0.0084999999999695,0
2437530,0.005500000000012,0
2437560,0.0100000000000022,0
2437590,0.0040000000000077,0
2437620,0.0104999999999904,0
2437650,0.0050000000000068,0
2437680,0.0115000000000065,0
2437710,0.00450000000003,0
2437740,0.0090000000000259,0
2437770,0.0050000000000068,0
2437800,0.0069999999999822,0
2437830,0.0059999999999888,0
2437860,0.0059999999999945,0
2437890,0.0070000000000163,0
2437920,0.0094999999999799,0
2437950,0.0065000000000281,0
2437980,0.0085000000000036,0
2438010,0.0030000000000086,0
2438040,0.0075000000000045,0
2438070,0.0045000000000072,0
2438100,0.008500000000015,0
2438130,0.0029999999999972,0
2438160,0.0059999999999831,0
2438190,0.0050000000000068,0
2438220,0.0074999999999704,0
2438250,0.0050000000000068,0
2438280,0.0079999999999927,0
2438310,0.0049999999999954,0
2438340,0.0080000000000381,0
2438370,0.0054999999999949,0
2438400,0.009499999999997,0
2438430,0.004000000000019,0
2438460,0.0089999999999918,0
2438490,0.0064999999999827,0
2438520,0.0099999999999965,0
2438550,0.0039999999999963,0
2438580,0.0084999999999922,0
2438610,0.0054999999999949,0
2438640,0.0105000000000018,0
2438670,0.0044999999999959,0
2438700,0.0080000000000154,0
2438730,0.0055000000000006,0
2438760,0.0070000000000277,0
2438790,0.0059999999999945,0
2438820,0.0084999999999809,0
2438850,0.0050000000000181,0
2438880,0.0065000000000054,0
2438910,0.0049999999999954,0
2438940,0.0090000000000202,0
2438970,0.0039999999999963,0
2439000,0.0099999999999909,0
2439030,0.0034999999999968,0
2439060,0.008500000000015,0
2439090,0.0065000000000054,0
2439120,0.006499999999977,0
2439150,0.0034999999999854,0
2439180,0.006499999999994,0
2439210,0.0039999999999963,0
2439240,0.0074999999999818,0
2439270,0.0035000000000195,0
2439300,0.0095000000000027,0
2439330,0.0050000000000238,0
2439360,0.0074999999999931,0
2439390,0.0039999999999849,0
2439420,0.0090000000000145,0
2439450,0.0054999999999949,0
2439480,0.010499999999979,0
2439510,0.0034999999999968,0
2439540,0.0069999999999936,0
2439570,0.0050000000000068,0
2439600,0.0084999999999922,0
2439630,0.0040000000000077,0
2439660,0.0095000000000027,0
2439690,0.006499999999994,0
2439720,0.0074999999999704,0
2439750,0.0040000000000077,0
2439780,0.0084999999999979,0
2439810,0.0055000000000177,0
2439840,0.007000000000005,0
2439870,0.003499999999974,0
2439900,0.0084999999999922,0
2439930,0.0055000000000063,0
2439960,0.0100000000000136,0
2439990,0.0039999999999736,0
2440020,0.0075000000000045,0
2440050,0.0029999999999972,0
2440080,0.0090000000000031,0
2440110,0.002500000000009,0
2440140,0.0069999999999993,0
2440170,0.0039999999999849,0
2440200,0.0100000000000363,0
2440230,0.0035000000000081,0
2440260,0.0075000000000159,0
2440290,0.0044999999999959,0
2440320,0.0080000000000154,0
2440350,0.0050000000000068,0
2440380,0.009499999999997,0
2440410,0.004999999999984,0
2440440,0.0100000000000022,0
2440470,0.0039999999999736,0
2440500,0.0090000000000372,0
2440530,0.0019999999999868,0
2440560,0.0090000000000031,0
2440590,0.0034999999999854,0
2440620,0.0085000000000036,0
2440650,0.0030000000000086,0
2440680,0.0099999999999909,0
2440710,0.0054999999999949,0
2440740,0.0095000000000027,0
2440770,0.0030000000000086,0
2440800,0.006499999999994,0
2440830,0.0039999999999736,0
2440860,0.010499999999979,0
2440890,0.0075000000000102,0
2440920,0.0064999999999713,0
2440950,0.0024999999999977,0
2440980,0.0055000000000063,0
2441010,0.0045000000000072,0
2441040,0.00300000000002,0
2441070,0.0034999999999968,0
2441100,0.0049999999999784,0
2441130,0.0040000000000077,0
2441160,0.00150000000001,0
2441190,0.0024999999999863,0
2441220,0.0039999999999963,0
2441250,0.0034999999999854,0
2441280,0.0034999999999854,0
2441310,0.0039999999999963,0
2441340,0.0045000000000186,0
2441370,0.0029999999999972,0
2441400,0.0050000000000125,0
2441430,0.0045000000000072,0
2441460,0.0055000000000063,0
2441490,0.0069999999999936,0
2441520,0.0055000000000177,0
2441550,0.004999999999984,0
2441580,0.0024999999999977,0
2441610,0.004999999999984,0
2441640,0.0029999999999859,0
2441670,0.0030000000000029,0
2441700,0.0034999999999968,0
2441730,0.0034999999999968,0
2441760,0.0040000000000077,0
2441790,0.004000000000019,0
2441820,0.0039999999999963,0
2441850,0.0034999999999968,0
2441880,0.0039999999999849,0
2441910,0.0045000000000072,0
2441940,0.0034999999999968,0
2441970,0.0024999999999749,0
2442000,0.0045000000000186,0
2442030,0.0040000000000247,0
2442060,0.0039999999999849,0
2442090,0.0054999999999836,0
2442120,0.0034999999999854,0
2442150,0.0030000000000086,0
2442180,0.0049999999999954,0
2442210,0.0029999999999972,0
2442240,0.002500000000009,0
2442270,0.0024999999999977,0
2442300,0.0019999999999981,0
2442330,0.0034999999999854,0
2442360,0.0040000000000191,0
2442390,0.0029999999999859,0
2442420,0.0054999999999836,0
2442450,0.0019999999999868,0
2442480,0.0045000000000072,0
2442510,0.0029999999999859,0
2442540,0.0050000000000181,0
2442570,0.0029999999999972,0
2442600,0.0045000000000072,0
2442630,0.0044999999999845,0
2442660,0.00450000000003,0
2442690,0.006499999999994,0
2442720,0.0024999999999977,0
2442750,0.0039999999999849,0
2442780,0.0035000000000195,0
2442810,0.0049999999999954,0
2442840,0.0034999999999968,0
2442870,0.0024999999999863,0
2442900,0.0045000000000015,0
2442930,0.0039999999999849,0
2442960,0.0024999999999863,0
2442990,0.0044999999999731,0
2443020,0.0059999999999831,0
2443050,0.0055000000000063,0
2443080,0.0045000000000072,0
2443110,0.0059999999999945,0
2443140,0.00450000000003,0
2443170,0.0150000000000034,0
2443200,0.0040000000000077,0
2443230,0.0049999999999954,0
2443260,0.0039999999999906,0
2443290,0.0064999999999827,0
2443320,0.0070000000000163,0
2443350,0.0040000000000077,0
2443380,0.0045000000000072,0
2443410,0.0054999999999949,0
2443440,0.0034999999999911,0
2443470,0.0035000000000195,0
2443500,0.0040000000000304,0
2443530,0.0059999999999945,0
2443560,0.0030000000000086,0
2443590,0.0035000000000081,0
2443620,0.0035000000000195,0
2443650,0.0029999999999859,0
2443680,0.0045000000000072,0
2443710,0.0065000000000054,0
2443740,0.0044999999999845,0
2443770,0.0085000000000036,0
2443800,0.00300000000002,0
2443830,0.0094999999999686,0
2443860,0.0040000000000077,0
2443890,0.0114999999999781,0
2443920,0.0039999999999963,0
2443950,0.0090000000000259,0
2443980,0.0049999999999954,0
2444010,0.010000000000025,0
2444040,0.0024999999999977,0
2444070,0.0079999999999699,0
2444100,0.0045000000000015,0
2444130,0.0090000000000031,0
2444160,0.00450000000003,0
2444190,0.0084999999999809,0
2444220,0.0050000000000295,0
2444250,0.0085000000000036,0
2444280,0.0039999999999963,0
2444310,0.0090000000000031,0
2444340,0.0039999999999849,0
2444370,0.0094999999999799,0
2444400,0.0050000000000181,0
2444430,0.0124999999999943,0
2444460,0.0044999999999959,0
2444490,0.0134999999999877,0
2444520,0.0060000000000059,0
2444550,0.0079999999999927,0
2444580,0.0050000000000068,0
2444610,0.0100000000000193,0
2444640,0.0039999999999736,0
2444670,0.0074999999999988,0
2444700,0.0055000000000063,0
2444730,0.0104999999999847,0
2444760,0.0065000000000054,0
2444790,0.0115000000000293,0
2444820,0.0044999999999845,0
2444850,0.0100000000000136,0
2444880,0.0030000000000086,0
2444910,0.0084999999999979,0
2444940,0.0059999999999831,0
2444970,0.0080000000000268,0
2445000,0.0029999999999972,0
2445030,0.0100000000000136,0
2445060,0.0045000000000015,0
2445090,0.0120000000000118,0
2445120,0.0049999999999954,0
2445150,0.0090000000000145,0
2445180,0.0045000000000072,0
2445210,0.0110000000000013,0
2445240,0.0055000000000006,0
2445270,0.0105000000000018,0
2445300,0.0044999999999959,0
2445330,0.0094999999999743,0
2445360,0.0059999999999718,0
2445390,0.0104999999999904,0
2445420,0.0059999999999945,0
2445450,0.0125,0
2445480,0.0050000000000068,0
2445510,0.0099999999999795,0
2445540,0.0044999999999845,0
2445570,0.0090000000000088,0
2445600,0.0045000000000186,0
2445630,0.0100000000000022,0
2445660,0.0054999999999949,0
2445690,0.0094999999999913,0
2445720,0.0029999999999972,0
2445750,0.0094999999999913,0
2445780,0.0019999999999981,0
2445810,0.0055000000000404,0
2445840,0.0039999999999736,0
2445870,0.0100000000000193,0
2445900,0.0049999999999954,0
2445930,0.008000000000004,0
2445960,0.0039999999999849,0
2445990,0.0075000000000159,0
2446020,0.0029999999999972,0
2446050,0.0064999999999713,0
2446080,0.0045000000000186,0
2446110,0.0090000000000031,0
2446140,0.0029999999999972,0
2446170,0.0079999999999927,0
2446200,0.0050000000000409,0
2446230,0.0059999999999945,0
2446260,0.0039999999999849,0
2446290,0.0124999999999886,0
2446320,0.0029999999999972,0
2446350,0.0085000000000206,0
2446380,0.0034999999999854,0
2446410,0.0064999999999599,0
2446440,0.0029999999999972,0
2446470,0.0084999999999865,0
2446500,0.0044999999999959,0
2446530,0.0080000000000154,0
2446560,0.0040000000000077,0
2446590,0.0104999999999904,0
2446620,0.0050000000000068,0
2446650,0.0089999999999861,0
2446680,0.0049999999999954,0
2446710,0.0079999999999927,0
2446740,0.0035000000000195,0
2446770,0.007000000000005,0
2446800,0.0049999999999727,0
2446830,0.0069999999999822,0
2446860,0.0044999999999959,0
2446890,0.0085000000000036,0
2446920,0.0049999999999954,0
2446950,0.0075000000000159,0
2446980,0.0045000000000072,0
2447010,0.0099999999999852,0
2447040,0.004000000000019,0
2447070,0.0094999999999913,0
2447100,0.0039999999999849,0
2447130,0.0094999999999913,0
2447160,0.0025000000000204,0
2447190,0.0109999999999672,0
2447220,0.0035000000000081,0
2447250,0.0080000000000154,0
2447280,0.0039999999999963,0
2447310,0.0079999999999927,0
2447340,0.0035000000000309,0
2447370,0.0095000000000027,0
2447400,0.0045000000000243,0
2447430,0.0084999999999922,0
2447460,0.0049999999999954,0
2447490,0.0130000000000109,0
2447520,0.0040000000000077,0
2447550,0.0090000000000088,0
2447580,0.0040000000000077,0
2447610,0.0070000000000163,0
2447640,0.0045000000000072,0
2447670,0.0090000000000088,0
2447700,0.0044999999999959,0
2447730,0.0085000000000377,0
2447760,0.0040000000000077,0
2447790,0.0069999999999822,0
2447820,0.0044999999999845,0
2447850,0.0065000000000168,0
2447880,0.005500000000012,0
2447910,0.0079999999999813,0
2447940,0.0030000000000086,0
2447970,0.0080000000000268,0
2448000,0.0044999999999845,0
2448030,0.0099999999999965,0
2448060,0.0044999999999959,0
2448090,0.0120000000000231,0
2448120,0.0050000000000011,0
2448150,0.0074999999999931,0
2448180,0.0044999999999731,0
2448210,0.007000000000005,0
2448240,0.0035000000000138,0
2448270,0.0099999999999568,0
2448300,0.0055000000000063,0
2448330,0.0065000000000168,0
2448360,0.005500000000012,0
2448390,0.0084999999999695,0
2448420,0.0035000000000081,0
2448450,0.0079999999999813,0
2448480,0.0039999999999963,0
2448510,0.0069999999999822,0
2448540,0.0044999999999959,0
2448570,0.0100000000000022,0
2448600,0.0024999999999977,0
2448630,0.0090000000000372,0
2448660,0.0039999999999963,0
2448690,0.0110000000000013,0
2448720,0.0034999999999968,0
2448750,0.0089999999999918,0
2448780,0.0045000000000015,0
2448810,0.0084999999999922,0
2448840,0.0044999999999731,0
2448870,0.007000000000005,0
2448900,0.0034999999999968,0
2448930,0.0075000000000045,0
2448960,0.0029999999999972,0
2448990,0.0089999999999918,0
2449020,0.0060000000000229,0
2449050,0.0094999999999913,0
2449080,0.0034999999999968,0
2449110,0.0075000000000386,0
2449140,0.0049999999999727,0
2449170,0.0050000000000181,0
2449200,0.0045000000000186,0
2449230,0.0045000000000186,0
2449260,0.0040000000000304,0
2449290,0.0065000000000054,0
2449320,0.0035000000000195,0
2449350,0.0044999999999845,0
2449380,0.0029999999999859,0
2449410,0.0059999999999945,0
2449440,0.0044999999999959,0
2449470,0.0045000000000186,0
2449500,0.004000000000019,0
2449530,0.0059999999999831,0
2449560,0.0039999999999963,0
2449590,0.0034999999999854,0
2449620,0.0064999999999827,0
2449650,0.0040000000000077,0
2449680,0.0034999999999968,0
2449710,0.0040000000000418,0
2449740,0.0030000000000086,0
2449770,0.0039999999999963,0
2449800,0.0034999999999854,0
2449830,0.0040000000000077,0
2449860,0.0024999999999863,0
2449890,0.006499999999994,0
2449920,0.0049999999999954,0
2449950,0.0045000000000072,0
2449980,0.0035000000000081,0
2450010,0.0214999999999918,0
2450040,0.0050000000000068,0
2450070,0.0465000000000259,0
2450100,0.0040000000000077,0
2450130,0.0049999999999954,0
2450160,0.0044999999999845,0
2450190,0.0059999999999831,0
2450220,0.0050000000000125,0
2450250,0.0040000000000077,0
2450280,0.0035000000000081,0
2450310,0.0029999999999972,0
2450340,0.0049999999999954,0
2450370,0.0049999999999954,0
2450400,0.0034999999999854,0
2450430,0.0044999999999959,0
2450460,0.0035000000000195,0
2450490,0.0105000000000018,0
2450520,0.0044999999999959,0
2450550,0.0040000000000247,0
2450580,0.0054999999999949,0
2450610,0.0039999999999736,0
2450640,0.0050000000000068,0
2450670,0.0034999999999854,0
2450700,0.003499999999974,0
2450730,0.0034999999999854,0
2450760,0.0029999999999972,0
2450790,0.0035000000000081,0
2450820,0.0040000000000077,0
2450850,0.003499999999974,0
2450880,0.002500000000009,0
2450910,0.0024999999999977,0
2450940,0.0024999999999977,0
2450970,0.0034999999999627,0
2451000,0.0035000000000025,0
2451030,0.0024999999999863,0
2451060,0.0024999999999863,0
2451090,0.0074999999999818,0
2451120,0.0024999999999977,0
2451150,0.0034999999999968,0
2451180,0.0050000000000181,0
2451210,0.0030000000000086,0
2451240,0.0040000000000134,0
2451270,0.00300000000002,0
2451300,0.0030000000000086,0
2451330,0.004999999999984,0
2451360,0.0050000000000181,0
2451390,0.0039999999999963,0
2451420,0.0035000000000081,0
2451450,0.0035000000000138,0
2451480,0.0055000000000063,0
2451510,0.0049999999999954,0
2451540,0.0039999999999963,0
2451570,0.0050000000000181,0
2451600,0.0049999999999954,0
2451630,0.0044999999999845,0
2451660,0.0029999999999972,0
2451690,0.0090000000000031,0
2451720,0.002500000000009,0
2451750,0.0055000000000291,0
2451780,0.0054999999999949,0
2451810,0.00450000000003,0
2451840,0.0049999999999954,0
2451870,0.0044999999999959,0
2451900,0.0039999999999963,0
2451930,0.0065000000000054,0
2451960,0.008000000000004,0
2451990,0.0049999999999954,0
2452020,0.0084999999999922,0
2452050,0.0045000000000186,0
2452080,0.0084999999999865,0
2452110,0.002500000000009,0
2452140,0.0095000000000027,0
2452170,0.0049999999999954,0
2452200,0.0084999999999809,0
2452230,0.0040000000000077,0
2452260,0.0100000000000022,0
2452290,0.0085000000000206,0
2452320,0.0105000000000131,0
2452350,0.0045000000000072,0
2452380,0.0085000000000036,0
2452410,0.0049999999999954,0
2452440,0.008000000000004,0
2452470,0.0045000000000186,0
2452500,0.0114999999999895,0
2452530,0.0050000000000068,0
2452560,0.0079999999999984,0
2452590,0.0044999999999959,0
2452620,0.0089999999999577,0
2452650,0.0069999999999822,0
2452680,0.0090000000000031,0
2452710,0.0034999999999968,0
2452740,0.0074999999999931,0
2452770,0.0070000000000106,0
2452800,0.0084999999999809,0
2452830,0.0045000000000186,0
2452860,0.0074999999999931,0
2452890,0.0090000000000031,0
2452920,0.0090000000000202,0
2452950,0.004999999999984,0
2452980,0.0110000000000013,0
2453010,0.0059999999999831,0
2453040,0.0079999999999927,0
2453070,0.0040000000000077,0
2453100,0.0099999999999965,0
2453130,0.0060000000000172,0
2453160,0.0079999999999927,0
2453190,0.0040000000000077,0
2453220,0.0090000000000202,0
2453250,0.0059999999999945,0
2453280,0.0090000000000031,0
2453310,0.0050000000000068,0
2453340,0.0069999999999936,0
2453370,0.0034999999999968,0
2453400,0.0094999999999913,0
2453430,0.0055000000000234,0
2453460,0.0099999999999909,0
2453490,0.0084999999999922,0
2453520,0.0105000000000131,0
2453550,0.0024999999999977,0
2453580,0.0094999999999913,0
2453610,0.0035000000000081,0
2453640,0.0095000000000482,0
2453670,0.0039999999999963,0
2453700,0.0084999999999922,0
2453730,0.0034999999999968,0
2453760,0.0089999999999804,0
2453790,0.0034999999999854,0
2453820,0.0089999999999918,0
2453850,0.0044999999999959,0
2453880,0.0069999999999822,0
2453910,0.0040000000000077,0
2453940,0.0099999999999909,0
2453970,0.0060000000000115,0
2454000,0.008000000000004,0
2454030,0.0049999999999954,0
2454060,0.0100000000000022,0
2454090,0.0089999999999804,0
2454120,0.0104999999999904,0
2454150,0.0040000000000077,0
2454180,0.0104999999999904,0
2454210,0.0059999999999831,0
2454240,0.0115000000000009,0
2454270,0.0029999999999972,0
2454300,0.0099999999999965,0
2454330,0.0044999999999731,0
2454360,0.008000000000004,0
2454390,0.0045000000000072,0
2454420,0.0094999999999799,0
2454450,0.0064999999999827,0
2454480,0.007000000000005,0
2454510,0.0054999999999949,0
2454540,0.0060000000000286,0
2454570,0.0044999999999959,0
2454600,0.006499999999994,0
2454630,0.0044999999999959,0
2454660,0.0065000000000054,0
2454690,0.008500000000015,0
2454720,0.008000000000004,0
2454750,0.00450000000003,0
2454780,0.0100000000000136,0
2454810,0.0029999999999859,0
2454840,0.0089999999999861,0
2454870,0.0034999999999968,0
2454900,0.0079999999999927,0
2454930,0.0035000000000081,0
2454960,0.0075000000000045,0
2454990,0.0054999999999949,0
2455020,0.008000000000004,0
2455050,0.0029999999999972,0
2455080,0.0094999999999686,0
2455110,0.0059999999999945,0
2455140,0.0069999999999708,0
2455170,0.0050000000000068,0
2455200,0.0075000000000216,0
2455230,0.0034999999999854,0
2455260,0.010000000000025,0
2455290,0.006499999999994,0
2455320,0.0100000000000022,0
2455350,0.0030000000000086,0
2455380,0.0064999999999827,0
2455410,0.0035000000000081,0
2455440,0.0080000000000097,0
2455470,0.0040000000000077,0
2455500,0.0105000000000018,0
2455530,0.0055000000000291,0
2455560,0.0089999999999975,0
2455590,0.0045000000000072,0
2455620,0.0089999999999804,0
2455650,0.0050000000000068,0
2455680,0.0050000000000068,0
2455710,0.0044999999999959,0
2455740,0.0085000000000036,0
2455770,0.0049999999999954,0
2455800,0.0100000000000079,0
2455830,0.0040000000000077,0
2455860,0.0079999999999984,0
2455890,0.0049999999999954,0
2455920,0.0109999999999899,0
2455950,0.0040000000000077,0
2455980,0.0094999999999799,0
2456010,0.0060000000000229,0
2456040,0.0094999999999686,0
2456070,0.0045000000000186,0
2456100,0.0105000000000018,0
2456130,0.0055000000000063,0
2456160,0.007000000000022,0
2456190,0.0060000000000172,0
2456220,0.007000000000005,0
2456250,0.004999999999984,0
2456280,0.0085000000000036,0
2456310,0.0034999999999854,0
2456340,0.0075000000000045,0
2456370,0.0055000000000291,0
2456400,0.0065000000000054,0
2456430,0.0035000000000195,0
2456460,0.0090000000000088,0
2456490,0.0075000000000159,0
2456520,0.0090000000000145,0
2456550,0.0044999999999731,0
2456580,0.0079999999999813,0
2456610,0.0060000000000059,0
2456640,0.0115000000000065,0
2456670,0.0039999999999849,0
2456700,0.0105000000000131,0
2456730,0.004999999999984,0
2456760,0.0099999999999795,0
2456790,0.0049999999999954,0
2456820,0.0095000000000425,0
2456850,0.0064999999999827,0
2456880,0.0069999999999936,0
2456910,0.0040000000000077,0
2456940,0.0110000000000013,0
2456970,0.0019999999999981,0
2457000,0.0065000000000054,0
2457030,0.0035000000000025,0
2457060,0.0085000000000036,0
2457090,0.0055000000000063,0
2457120,0.0094999999999799,0
2457150,0.0054999999999949,0
2457180,0.0080000000000154,0
2457210,0.0045000000000072,0
2457240,0.0059999999999945,0
2457270,0.0050000000000068,0
2457300,0.0069999999999936,0
2457330,0.0049999999999954,0
2457360,0.0074999999999704,0
2457390,0.0035000000000025,0
2457420,0.0054999999999949,0
2457450,0.0044999999999959,0
2457480,0.0019999999999981,0
2457510,0.0034999999999968,0
2457540,0.0039999999999849,0
2457570,0.0044999999999959,0
2457600,0.0029999999999859,0
2457630,0.0060000000000059,0
2457660,0.0060000000000172,0
2457690,0.0064999999999827,0
2457720,0.0050000000000068,0
2457750,0.0044999999999845,0
2457780,0.00300000000002,0
2457810,0.0034999999999968,0
2457840,0.0039999999999849,0
2457870,0.0040000000000077,0
2457900,0.0055000000000404,0
2457930,0.0054999999999836,0
2457960,0.0044999999999845,0
2457990,0.0035000000000081,0
2458020,0.0045000000000186,0
2458050,0.004999999999984,0
2458080,0.0024999999999977,0
2458110,0.004999999999984,0
2458140,0.0045000000000072,0
2458170,0.0034999999999968,0
2458200,0.0045000000000186,0
2458230,0.0044999999999845,0
2458260,0.0040000000000077,0
2458290,0.0065000000000168,0
2458320,0.0030000000000086,0
2458350,0.0050000000000295,0
2458380,0.0029999999999972,0
2458410,0.0029999999999859,0
2458440,0.0039999999999963,0
2458470,0.0050000000000238,0
2458500,0.0015000000000213,0
2458530,0.0035000000000081,0
2458560,0.0034999999999968,0
2458590,0.006499999999994,0
2458620,0.0039999999999849,0
2458650,0.0050000000000068,0
2458680,0.0050000000000068,0
2458710,0.0050000000000181,0
2458740,0.0055000000000063,0
2458770,0.0055000000000063,0
2458800,0.0060000000000059,0
2458830,0.0029999999999972,0
2458860,0.0020000000000095,0
2458890,0.0064999999999827,0
2458920,0.0024999999999977,0
2458950,0.0040000000000077,0
2458980,0.0044999999999959,0
2459010,0.0065000000000281,0
2459040,0.0030000000000086,0
2459070,0.0054999999999836,0
2459100,0.0045000000000072,0
2459130,0.0045000000000186,0
2459160,0.0054999999999836,0
2459190,0.0029999999999972,0
2459220,0.0050000000000181,0
2459250,0.0035000000000081,0
2459280,0.0045000000000072,0
2459310,0.0054999999999949,0
2459340,0.0034999999999968,0
2459370,0.0064999999999827,0
2459400,0.0050000000000181,0
2459430,0.0039999999999906,0
2459460,0.0054999999999949,0
2459490,0.0054999999999836,0
2459520,0.002500000000009,0
2459550,0.0024999999999977,0
2459580,0.0024999999999749,0
2459610,0.0050000000000181,0
2459640,0.0024999999999863,0
2459670,0.0034999999999854,0
2459700,0.0039999999999963,0
2459730,0.0035000000000081,0
2459760,0.0049999999999954,0
2459790,0.0030000000000086,0
2459820,0.0039999999999849,0
2459850,0.0055000000000063,0
2459880,0.0044999999999845,0
2459910,0.0054999999999722,0
2459940,0.0030000000000086,0
2459970,0.0040000000000077,0
2460000,0.0030000000000086,0
2460030,0.0029999999999972,0
2460060,0.0049999999999954,0
2460090,0.0054999999999836,0
2460120,0.0039999999999849,0
2460150,0.0074999999999818,0
2460180,0.004000000000019,0
2460210,0.0104999999999733,0
2460240,0.0039999999999963,0
2460270,0.007000000000005,0
2460300,0.0054999999999949,0
2460330,0.0089999999999804,0
2460360,0.0045000000000186,0
2460390,0.0075000000000159,0
2460420,0.0060000000000002,0
2460450,0.0099999999999909,0
2460480,0.0050000000000181,0
2460510,0.010499999999979,0
2460540,0.0044999999999731,0
2460570,0.0100000000000136,0
2460600,0.004000000000019,0
2460630,0.0084999999999922,0
2460660,0.0039999999999963,0
2460690,0.0115000000000065,0
2460720,0.0054999999999949,0
2460750,0.0089999999999918,0
2460780,0.0055000000000177,0
2460810,0.0105000000000131,0
2460840,0.005500000000012,0
2460870,0.008000000000004,0
2460900,0.0039999999999963,0
2460930,0.0074999999999818,0
2460960,0.0044999999999959,0
2460990,0.0129999999999938,0
2461020,0.0039999999999849,0
2461050,0.0114999999999895,0
2461080,0.0060000000000115,0
2461110,0.0090000000000031,0
2461140,0.0055000000000177,0
2461170,0.013499999999999,0
2461200,0.0050000000000068,0
2461230,0.0094999999999913,0
2461260,0.0064999999999827,0
2461290,0.0145000000000266,0
2461320,0.0059999999999945,0
2461350,0.0084999999999922,0
2461380,0.006499999999994,0
2461410,0.0099999999999909,0
2461440,0.0060000000000059,0
2461470,0.0094999999999856,0
2461500,0.0045000000000072,0
2461530,0.0115000000000122,0
2461560,0.0054999999999836,0
2461590,0.0084999999999922,0
2461620,0.0050000000000181,0
2461650,0.0079999999999927,0
2461680,0.0055000000000063,0
2461710,0.0095000000000027,0
2461740,0.0050000000000068,0
2461770,0.0115000000000009,0
2461800,0.0054999999999893,0
2461830,0.0079999999999927,0
2461860,0.0055000000000177,0
2461890,0.0114999999999895,0
2461920,0.0059999999999831,0
2461950,0.0090000000000145,0
2461980,0.0044999999999959,0
2462010,0.0100000000000022,0
2462040,0.0059999999999945,0
2462070,0.0069999999999936,0
2462100,0.0055000000000177,0
2462130,0.0105000000000188,0
2462160,0.0035000000000081,0
2462190,0.0084999999999695,0
2462220,0.0054999999999836,0
2462250,0.0095000000000254,0
2462280,0.0054999999999836,0
2462310,0.0100000000000022,0
2462340,0.0045000000000072,0
2462370,0.0080000000000211,0
2462400,0.0044999999999845,0
2462430,0.0084999999999922,0
2462460,0.0055000000000063,0
2462490,0.0110000000000127,0
2462520,0.0049999999999954,0
2462550,0.0085000000000036,0
2462580,0.004999999999984,0
2462610,0.0084999999999979,0
2462640,0.0050000000000181,0
2462670,0.010499999999979,0
2462700,0.0014999999999986,0
2462730,0.0105000000000075,0
2462760,0.0055000000000291,0
2462790,0.0074999999999818,0
2462820,0.0054999999999949,0
2462850,0.0079999999999927,0
2462880,0.0035000000000081,0
2462910,0.0100000000000079,0
2462940,0.002500000000009,0
2462970,0.0084999999999809,0
2463000,0.0054999999999836,0
2463030,0.0070000000000163,0
2463060,0.0034999999999968,0
2463090,0.0115000000000009,0
2463120,0.0045000000000072,0
2463150,0.0080000000000154,0
2463180,0.00300000000002,0
2463210,0.0114999999999724,0
2463240,0.0044999999999959,0
2463270,0.0110000000000127,0
2463300,0.006499999999994,0
2463330,0.0114999999999724,0
2463360,0.0050000000000295,0
2463390,0.0079999999999813,0
2463420,0.0039999999999849,0
2463450,0.0120000000000004,0
2463480,0.0040000000000077,0
2463510,0.0095000000000254,0
2463540,0.007999999999987,0
2463570,0.0095000000000027,0
2463600,0.0039999999999963,0
2463630,0.0090000000000259,0
2463660,0.0044999999999959,0
2463690,0.0115000000000122,0
2463720,0.0050000000000068,0
2463750,0.0110000000000127,0
2463780,0.0044999999999731,0
2463810,0.0150000000000147,0
2463840,0.004999999999984,0
2463870,0.008500000000032,0
2463900,0.0039999999999963,0
2463930,0.0090000000000031,0
2463960,0.0045000000000072,0
2463990,0.0109999999999786,0
2464020,0.0049999999999954,0
2464050,0.0075000000000216,0
2464080,0.0029999999999859,0
2464110,0.0084999999999809,0
2464140,0.0055000000000177,0
2464170,0.0094999999999743,0
2464200,0.0040000000000077,0
2464230,0.0094999999999913,0
2464260,0.0055000000000177,0
2464290,0.0139999999999758,0
2464320,0.0040000000000134,0
2464350,0.0100000000000022,0
2464380,0.0035000000000195,0
2464410,0.0095000000000254,0
2464440,0.0059999999999945,0
2464470,0.0069999999999936,0
2464500,0.0054999999999836,0
2464530,0.0109999999999899,0
2464560,0.0039999999999963,0
2464590,0.0054999999999836,0
2464620,0.0040000000000077,0
2464650,0.0085000000000036,0
2464680,0.004999999999984,0
2464710,0.0070000000000163,0
2464740,0.0049999999999954,0
2464770,0.0110000000000013,0
2464800,0.0055000000000063,0
2464830,0.0074999999999931,0
2464860,0.0049999999999897,0
2464890,0.0119999999999777,0
2464920,0.004000000000019,0
2464950,0.0099999999999795,0
2464980,0.0039999999999963,0
2465010,0.0075000000000159,0
2465040,0.0034999999999968,0
2465070,0.0069999999999936,0
2465100,0.0054999999999722,0
2465130,0.0084999999999922,0
2465160,0.00600000000004,0
2465190,0.0089999999999918,0
2465220,0.0029999999999859,0
2465250,0.0109999999999786,0
2465280,0.0039999999999963,0
2465310,0.0089999999999918,0
2465340,0.0049999999999954,0
2465370,0.0085000000000036,0
2465400,0.0034999999999854,0
2465430,0.0085000000000547,0
2465460,0.0034999999999854,0
2465490,0.0120000000000231,0
2465520,0.0044999999999845,0
2465550,0.0070000000000277,0
2465580,0.0029999999999972,0
2465610,0.0039999999999963,0
2465640,0.0044999999999959,0
2465670,0.0030000000000086,0
2465700,0.0054999999999949,0
2465730,0.006499999999994,0
2465760,0.0065000000000168,0
2465790,0.0050000000000011,0
2465820,0.0044999999999959,0
2465850,0.0050000000000068,0
2465880,0.0050000000000295,0
2465910,0.0030000000000086,0
2465940,0.0040000000000077,0
2465970,0.0045000000000129,0
2466000,0.0030000000000086,0
2466030,0.0040000000000077,0
2466060,0.0039999999999963,0
2466090,0.0040000000000077,0
2466120,0.0035000000000081,0
2466150,0.0035000000000081,0
2466180,0.0045000000000072,0
2466210,0.0035000000000195,0
2466240,0.0034999999999968,0
2466270,0.004000000000019,0
2466300,0.0045000000000072,0
2466330,0.0055000000000063,0
2466360,0.0055000000000006,0
2466390,0.0049999999999954,0
2466420,0.0044999999999959,0
2466450,0.0050000000000181,0
2466480,0.0024999999999977,0
2466510,0.0034999999999968,0
2466540,0.0039999999999963,0
2466570,0.0035000000000081,0
2466600,0.0055000000000063,0
2466630,0.0030000000000029,0
2466660,0.0049999999999954,0
2466690,0.0075000000000045,0
2466720,0.004999999999984,0
2466750,0.0040000000000077,0
2466780,0.0060000000000059,0
2466810,0.0039999999999849,0
2466840,0.0044999999999959,0
2466870,0.0055000000000177,0
2466900,0.002500000000009,0
2466930,0.0034999999999854,0
2466960,0.0039999999999963,0
2466990,0.0039999999999736,0
2467020,0.0029999999999972,0
2467050,0.0054999999999949,0
2467080,0.0025000000000204,0
2467110,0.0029999999999972,0
2467140,0.0039999999999849,0
2467170,0.0054999999999949,0
2467200,0.0044999999999845,0
2467230,0.0029999999999972,0
2467260,0.0035000000000195,0
2467290,0.0080000000000268,0
2467320,0.0050000000000181,0
2467350,0.0035000000000081,0
2467380,0.0044999999999959,0
2467410,0.0040000000000077,0
2467440,0.004000000000019,0
2467470,0.0030000000000086,0
2467500,0.0044999999999902,0
2467530,0.0045000000000072,0
2467560,0.0034999999999968,0
2467590,0.0029999999999972,0
2467620,0.0039999999999849,0
2467650,0.0055000000000177,0
2467680,0.0044999999999731,0
2467710,0.0035000000000081,0
2467740,0.0029999999999859,0
2467770,0.004000000000019,0
2467800,0.0039999999999849,0
2467830,0.0020000000000095,0
2467860,0.002500000000009,0
2467890,0.0059999999999831,0
2467920,0.0035000000000195,0
2467950,0.0039999999999963,0
2467980,0.0030000000000086,0
2468010,0.0035000000000195,0
2468040,0.0044999999999845,0
2468070,0.0034999999999968,0
2468100,0.0059999999999718,0
2468130,0.0024999999999977,0
2468160,0.0029999999999972,0
2468190,0.0024999999999977,0
2468220,0.0029999999999972,0
2468250,0.0040000000000134,0
2468280,0.0029999999999745,0
2468310,0.0024999999999863,0
2468340,0.0065000000000054,0
2468370,0.0045000000000072,0
2468400,0.0084999999999809,0
2468430,0.0035000000000195,0
2468460,0.0069999999999936,0
2468490,0.008000000000004,0
2468520,0.0069999999999936,0
2468550,0.004000000000019,0
2468580,0.0089999999999918,0
2468610,0.0050000000000181,0
2468640,0.0059999999999831,0
2468670,0.0039999999999849,0
2468700,0.0090000000000031,0
2468730,0.0060000000000286,0
2468760,0.0105000000000018,0
2468790,0.0065000000000281,0
2468820,0.0069999999999879,0
2468850,0.0040000000000077,0
2468880,0.0074999999999931,0
2468910,0.004999999999984,0
2468940,0.0084999999999979,0
2468970,0.0050000000000181,0
2469000,0.0060000000000172,0
2469030,0.0039999999999963,0
2469060,0.0094999999999913,0
2469090,0.0079999999999699,0
2469120,0.0099999999999681,0
2469150,0.0055000000000177,0
2469180,0.008000000000004,0
2469210,0.0050000000000068,0
2469240,0.0100000000000022,0
2469270,0.006499999999994,0
2469300,0.0115000000000179,0
2469330,0.0055000000000063,0
2469360,0.0099999999999795,0
2469390,0.0050000000000068,0
2469420,0.0089999999999918,0
2469450,0.0065000000000054,0
2469480,0.0105000000000131,0
2469510,0.0060000000000172,0
2469540,0.0105000000000018,0
2469570,0.0050000000000295,0
2469600,0.0100000000000022,0
2469630,0.0064999999999997,0
2469660,0.0069999999999936,0
2469690,0.0095000000000027,0
2469720,0.0104999999999904,0
2469750,0.0044999999999959,0
2469780,0.008000000000004,0
2469810,0.0055000000000063,0
2469840,0.0089999999999804,0
2469870,0.0054999999999779,0
2469900,0.0084999999999809,0
2469930,0.0054999999999836,0
2469960,0.0120000000000175,0
2469990,0.0065000000000054,0
2470020,0.0079999999999927,0
2470050,0.0060000000000059,0
2470080,0.0110000000000241,0
2470110,0.0059999999999945,0
2470140,0.0114999999999781,0
2470170,0.0050000000000068,0
2470200,0.0104999999999847,0
2470230,0.0059999999999945,0
2470260,0.0079999999999927,0
2470290,0.006499999999994,0
2470320,0.0114999999999895,0
2470350,0.0050000000000068,0
2470380,0.008999999999969,0
2470410,0.0054999999999893,0
2470440,0.0094999999999913,0
2470470,0.0044999999999845,0
2470500,0.0084999999999809,0
2470530,0.0054999999999949,0
2470560,0.0100000000000306,0
2470590,0.0059999999999718,0
2470620,0.0099999999999795,0
2470650,0.0050000000000068,0
2470680,0.0105000000000131,0
2470710,0.0050000000000181,0
2470740,0.0089999999999804,0
2470770,0.0065000000000168,0
2470800,0.0104999999999847,0
2470830,0.0059999999999945,0
2470860,0.0090000000000259,0
2470890,0.0099999999999909,0
2470920,0.010499999999979,0
2470950,0.0044999999999959,0
2470980,0.0084999999999979,0
2471010,0.004999999999984,0
2471040,0.0080000000000154,0
2471070,0.0039999999999736,0
2471100,0.0084999999999809,0
2471130,0.0045000000000186,0
2471160,0.0095000000000027,0
2471190,0.0050000000000125,0
2471220,0.0084999999999809,0
2471250,0.0035000000000081,0
2471280,0.0084999999999922,0
2471310,0.0039999999999849,0
2471340,0.0070000000000277,0
2471370,0.0029999999999972,0
2471400,0.008000000000004,0
2471430,0.0054999999999949,0
2471460,0.0079999999999927,0
2471490,0.0084999999999979,0
2471520,0.0084999999999922,0
2471550,0.0065000000000054,0
2471580,0.0105000000000359,0
2471610,0.0059999999999945,0
2471640,0.0094999999999913,0
2471670,0.0050000000000238,0
2471700,0.008500000000015,0
2471730,0.0045000000000072,0
2471760,0.007000000000022,0
2471790,0.0044999999999959,0
2471820,0.0094999999999856,0
2471850,0.004999999999984,0
2471880,0.0095000000000027,0
2471910,0.0045000000000129,0
2471940,0.0090000000000145,0
2471970,0.0050000000000068,0
2472000,0.0109999999999899,0
2472030,0.004999999999984,0
2472060,0.0074999999999931,0
2472090,0.0074999999999988,0
2472120,0.0085000000000036,0
2472150,0.0045000000000186,0
2472180,0.0085000000000263,0
2472210,0.004999999999984,0
2472240,0.008000000000004,0
2472270,0.0054999999999836,0
2472300,0.0090000000000031,0
2472330,0.0045000000000072,0
2472360,0.010000000000025,0
2472390,0.0075000000000329,0
2472420,0.0089999999999918,0
2472450,0.0065000000000054,0
2472480,0.008500000000015,0
2472510,0.0049999999999727,0
2472540,0.0085000000000036,0
2472570,0.004000000000019,0
2472600,0.008000000000004,0
2472630,0.0045000000000072,0
2472660,0.0075000000000045,0
2472690,0.006499999999994,0
2472720,0.0070000000000163,0
2472750,0.0034999999999854,0
2472780,0.0060000000000059,0
2472810,0.0054999999999949,0
2472840,0.0109999999999899,0
2472870,0.0044999999999959,0
2472900,0.0089999999999918,0
2472930,0.0019999999999981,0
2472960,0.010499999999979,0
2472990,0.0055000000000234,0
2473020,0.008000000000004,0
2473050,0.0054999999999949,0
2473080,0.0085000000000036,0
2473110,0.0034999999999968,0
2473140,0.0089999999999918,0
2473170,0.0035000000000138,0
2473200,0.0089999999999918,0
2473230,0.0035000000000081,0
2473260,0.0085000000000036,0
2473290,0.0049999999999954,0
2473320,0.0099999999999852,0
2473350,0.004999999999984,0
2473380,0.0100000000000022,0
2473410,0.006499999999994,0
2473440,0.0095000000000027,0
2473470,0.0054999999999836,0
2473500,0.0100000000000136,0
2473530,0.0035000000000309,0
2473560,0.007000000000005,0
2473590,0.0044999999999959,0
2473620,0.0090000000000088,0
2473650,0.0039999999999963,0
2473680,0.0094999999999686,0
2473710,0.0054999999999836,0
2473740,0.0089999999999918,0
2473770,0.0045000000000186,0
2473800,0.0074999999999818,0
2473830,0.0039999999999963,0
2473860,0.0049999999999897,0
2473890,0.006499999999994,0
2473920,0.0040000000000077,0
2473950,0.0055000000000063,0
2473980,0.0039999999999963,0
2474010,0.004999999999984,0
2474040,0.0060000000000172,0
2474070,0.0054999999999836,0
2474100,0.0045000000000129,0
2474130,0.0055000000000063,0
2474160,0.0064999999999827,0
2474190,0.0044999999999788,0
2474220,0.0060000000000286,0
2474250,0.0035000000000195,0
2474280,0.0049999999999954,0
2474310,0.0044999999999731,0
2474340,0.0060000000000059,0
2474370,0.0030000000000143,0
2474400,0.0055000000000063,0
2474430,0.0034999999999854,0
2474460,0.0045000000000186,0
2474490,0.0085000000000093,0
2474520,0.0055000000000063,0
2474550,0.004999999999984,0
2474580,0.0054999999999893,0
2474610,0.0035000000000081,0
2474640,0.0045000000000072,0
2474670,0.0049999999999954,0
2474700,0.0060000000000059,0
2474730,0.0044999999999845,0
2474760,0.0054999999999836,0
2474790,0.0044999999999959,0
2474820,0.0034999999999854,0
2474850,0.0040000000000077,0
2474880,0.0059999999999831,0
2474910,0.0045000000000072,0
2474940,0.0044999999999845,0
2474970,0.0055000000000063,0
2475000,0.0059999999999831,0
2475030,0.0044999999999845,0
2475060,0.0039999999999849,0
2475090,0.0055000000000177,0
2475120,0.0050000000000011,0
2475150,0.00450000000003,0
2475180,0.0034999999999968,0
2475210,0.0024999999999977,0
2475240,0.0040000000000077,0
2475270,0.0055000000000063,0
2475300,0.0024999999999977,0
2475330,0.0034999999999968,0
2475360,0.0065000000000168,0
2475390,0.0050000000000068,0
2475420,0.0040000000000077,0
2475450,0.0019999999999868,0
2475480,0.0050000000000409,0
2475510,0.0034999999999968,0
2475540,0.0050000000000181,0
2475570,0.0029999999999972,0
2475600,0.0050000000000068,0
2475630,0.0024999999999977,0
2475660,0.0049999999999954,0
2475690,0.0080000000000211,0
2475720,0.0054999999999836,0
2475750,0.0035000000000081,0
2475780,0.0054999999999949,0
2475810,0.0049999999999954,0
2475840,0.007000000000005,0
2475870,0.004999999999984,0
2475900,0.0045000000000186,0
2475930,0.0040000000000077,0
2475960,0.0035000000000081,0
2475990,0.0034999999999854,0
2476020,0.0039999999999849,0
2476050,0.0054999999999836,0
2476080,0.0045000000000072,0
2476110,0.0045000000000186,0
2476140,0.0055000000000177,0
2476170,0.0039999999999849,0
2476200,0.0029999999999972,0
2476230,0.0044999999999845,0
2476260,0.0040000000000134,0
2476290,0.0084999999999922,0
2476320,0.0025000000000204,0
2476350,0.0024999999999863,0
2476380,0.0035000000000195,0
2476410,0.0035000000000081,0
2476440,0.0055000000000006,0
2476470,0.0034999999999968,0
2476500,0.0039999999999849,0
2476530,0.0050000000000181,0
2476560,0.0029999999999972,0
2476590,0.0094999999999799,0
2476620,0.0024999999999977,0
2476650,0.0075000000000216,0
2476680,0.0054999999999836,0
2476710,0.0070000000000391,0
2476740,0.0029999999999972,0
2476770,0.008500000000015,0
2476800,0.0024999999999977,0
2476830,0.0059999999999831,0
2476860,0.0034999999999854,0
2476890,0.009500000000014,0
2476920,0.0039999999999963,0
2476950,0.0075000000000159,0
2476980,0.0030000000000086,0
2477010,0.0079999999999813,0
2477040,0.0049999999999954,0
2477070,0.0089999999999804,0
2477100,0.0035000000000025,0
2477130,0.0059999999999945,0
2477160,0.0055000000000063,0
2477190,0.0085000000000036,0
2477220,0.0044999999999731,0
2477250,0.0060000000000172,0
2477280,0.004000000000019,0
2477310,0.0084999999999922,0
2477340,0.0035000000000081,0
2477370,0.008000000000004,0
2477400,0.0039999999999849,0
2477430,0.0114999999999781,0
2477460,0.0039999999999849,0
2477490,0.0119999999999777,0
2477520,0.0040000000000304,0
2477550,0.0079999999999813,0
2477580,0.0055000000000063,0
2477610,0.0104999999999563,0
2477640,0.0065000000000395,0
2477670,0.0079999999999927,0
2477700,0.0050000000000295,0
2477730,0.0079999999999699,0
2477760,0.0069999999999936,0
2477790,0.009500000000014,0
2477820,0.0029999999999972,0
2477850,0.0094999999999913,0
2477880,0.0055000000000291,0
2477910,0.0090000000000031,0
2477940,0.0039999999999963,0
2477970,0.0079999999999927,0
2478000,0.0024999999999977,0
2478030,0.0075000000000272,0
2478060,0.0029999999999859,0
2478090,0.0129999999999824,0
2478120,0.0044999999999731,0
2478150,0.0120000000000231,0
2478180,0.0040000000000077,0
2478210,0.0065000000000281,0
2478240,0.0065000000000168,0
2478270,0.0094999999999913,0
2478300,0.0040000000000077,0
2478330,0.008999999999969,0
2478360,0.0055000000000006,0
2478390,0.0070000000000391,0
2478420,0.0034999999999854,0
2478450,0.008999999999969,0
2478480,0.0050000000000181,0
2478510,0.0089999999999975,0
2478540,0.0049999999999954,0
2478570,0.0089999999999975,0
2478600,0.0080000000000154,0
2478630,0.0075000000000045,0
2478660,0.0050000000000068,0
2478690,0.0109999999999899,0
2478720,0.0054999999999949,0
2478750,0.0085000000000036,0
2478780,0.0049999999999954,0
2478810,0.0085000000000036,0
2478840,0.0060000000000115,0
2478870,0.010499999999979,0
2478900,0.0050000000000068,0
2478930,0.0090000000000259,0
2478960,0.0075000000000045,0
2478990,0.0109999999999899,0
2479020,0.0050000000000068,0
2479050,0.0085000000000036,0
2479080,0.0049999999999727,0
2479110,0.0080000000000381,0
2479140,0.0055000000000291,0
2479170,0.0084999999999922,0
2479200,0.0054999999999836,0
2479230,0.0085000000000036,0
2479260,0.0045000000000072,0
2479290,0.0095000000000027,0
2479320,0.0039999999999849,0
2479350,0.0090000000000031,0
2479380,0.004999999999984,0
2479410,0.008500000000015,0
2479440,0.0050000000000125,0
2479470,0.0109999999999899,0
2479500,0.0035000000000081,0
2479530,0.0094999999999913,0
2479560,0.0050000000000181,0
2479590,0.0094999999999572,0
2479620,0.0055000000000177,0
2479650,0.0084999999999922,0
2479680,0.0045000000000072,0
2479710,0.0080000000000097,0
2479740,0.0044999999999959,0
2479770,0.0094999999999799,0
2479800,0.0065000000000281,0
2479830,0.0090000000000031,0
2479860,0.004999999999984,0
2479890,0.0110000000000127,0
2479920,0.0049999999999897,0
2479950,0.0084999999999809,0
2479980,0.0034999999999968,0
2480010,0.0075000000000045,0
2480040,0.0054999999999836,0
2480070,0.0085000000000377,0
2480100,0.0065000000000225,0
2480130,0.0099999999999681,0
2480160,0.0045000000000186,0
2480190,0.010000000000025,0
2480220,0.004999999999984,0
2480250,0.0100000000000079,0
2480280,0.0060000000000059,0
2480310,0.0109999999999786,0
2480340,0.0065000000000054,0
2480370,0.008500000000015,0
2480400,0.0054999999999836,0
2480430,0.0100000000000193,0
2480460,0.0059999999999831,0
2480490,0.0124999999999886,0
2480520,0.0054999999999949,0
2480550,0.009500000000014,0
2480580,0.0044999999999902,0
2480610,0.0090000000000031,0
2480640,0.0085000000000263,0
2480670,0.0095000000000084,0
2480700,0.0045000000000072,0
2480730,0.0109999999999786,0
2480760,0.0050000000000068,0
2480790,0.0089999999999918,0
2480820,0.0039999999999963,0
2480850,0.0084999999999922,0
2480880,0.0045000000000015,0
2480910,0.0100000000000022,0
2480940,0.0045000000000243,0
2480970,0.0075000000000045,0
2481000,0.0050000000000068,0
2481030,0.0099999999999965,0
2481060,0.0049999999999954,0
2481090,0.0119999999999947,0
2481120,0.0055000000000063,0
2481150,0.0100000000000022,0
2481180,0.0035000000000138,0
2481210,0.0069999999999936,0
2481240,0.0039999999999906,0
2481270,0.009500000000014,0
2481300,0.0039999999999963,0
2481330,0.009500000000014,0
2481360,0.0054999999999949,0
2481390,0.006499999999994,0
2481420,0.0034999999999854,0
2481450,0.0090000000000031,0
2481480,0.0054999999999836,0
2481510,0.0110000000000127,0
2481540,0.0054999999999836,0
2481570,0.0100000000000363,0
2481600,0.0049999999999727,0
2481630,0.0100000000000079,0
2481660,0.0044999999999845,0
2481690,0.0110000000000127,0
2481720,0.0050000000000068,0
2481750,0.0090000000000088,0
2481780,0.0065000000000054,0
2481810,0.0094999999999913,0
2481840,0.0055000000000063,0
2481870,0.0089999999999918,0
2481900,0.0044999999999959,0
2481930,0.0080000000000097,0
2481960,0.0055000000000063,0
2481990,0.0060000000000286,0
2482020,0.0029999999999972,0
2482050,0.0045000000000015,0
2482080,0.0075000000000045,0
2482110,0.0039999999999849,0
2482140,0.0045000000000186,0
2482170,0.0049999999999954,0
2482200,0.0060000000000002,0
2482230,0.0049999999999727,0
2482260,0.004999999999984,0
2482290,0.0050000000000068,0
2482320,0.004999999999984,0
2482350,0.0050000000000068,0
2482380,0.0045000000000186,0
2482410,0.0044999999999959,0
2482440,0.0039999999999849,0
2482470,0.002500000000009,0
2482500,0.0039999999999849,0
2482530,0.0049999999999954,0
2482560,0.0040000000000077,0
2482590,0.0050000000000238,0
2482620,0.0050000000000181,0
2482650,0.0029999999999859,0
2482680,0.0055000000000347,0
2482710,0.0039999999999736,0
2482740,0.0065000000000168,0
2482770,0.0044999999999731,0
2482800,0.0060000000000172,0
2482830,0.0044999999999845,0
2482860,0.0040000000000247,0
2482890,0.0060000000000286,0
2482920,0.0044999999999731,0
2482950,0.0039999999999963,0
2482980,0.0040000000000077,0
2483010,0.0045000000000072,0
2483040,0.0049999999999954,0
2483070,0.0035000000000081,0
2483100,0.0050000000000181,0
2483130,0.0039999999999736,0
2483160,0.0050000000000068,0
2483190,0.0044999999999845,0
2483220,0.0045000000000072,0
2483250,0.0055000000000063,0
2483280,0.0054999999999949,0
2483310,0.0045000000000243,0
2483340,0.0034999999999968,0
2483370,0.0044999999999959,0
2483400,0.0059999999999945,0
2483430,0.0034999999999854,0
2483460,0.004000000000019,0
2483490,0.0059999999999945,0
2483520,0.006499999999994,0
2483550,0.0035000000000195,0
2483580,0.0044999999999959,0
2483610,0.0044999999999959,0
2483640,0.0050000000000181,0
2483670,0.0074999999999818,0
2483700,0.00300000000002,0
2483730,0.0039999999999849,0
2483760,0.0035000000000081,0
2483790,0.0039999999999849,0
2483820,0.0059999999999945,0
2483850,0.0060000000000059,0
2483880,0.0039999999999849,0
2483910,0.0039999999999963,0
2483940,0.0054999999999836,0
2483970,0.0024999999999863,0
2484000,0.0045000000000072,0
2484030,0.0029999999999972,0
2484060,0.002500000000009,0
2484090,0.0050000000000011,0
2484120,0.1320000000000107,0
2484150,0.0239999999999895,0
2484180,0.0560000000000002,0
2484210,0.0439999999999997,0
2484240,0.0265000000000213,0
2484270,0.0480000000000075,0
2484300,0.0125000000000113,0
2484330,0.0274999999999863,0
2484360,0.0225000000000079,0
2484390,0.0144999999999924,0
2484420,0.0149999999999636,0
2484450,0.02650000000001,0
2484480,0.0084999999999809,0
2484510,0.0065000000000054,0
2484540,0.0044999999999959,0
2484570,0.0035000000000081,0
2484600,0.004999999999984,0
2484630,0.0380000000000279,0
2484660,0.0049999999999954,0
2484690,0.0084999999999979,0
2484720,0.0055000000000177,0
2484750,0.0650000000000034,0
2484780,0.0569999999999879,0
2484810,0.0079999999999813,0
2484840,0.0120000000000004,0
2484870,0.0310000000000116,0
2484900,0.0534999999999854,0
2484930,0.0170000000000072,0
2484960,0.0285000000000025,0
2484990,0.011999999999989,0
2485020,0.0234999999999672,0
2485050,0.0284999999999854,0
2485080,0.0545000000000357,0
2485110,0.1040000000000077,0
2485140,0.2880000000000223,0
2485170,0.0535000000000195,0
2485200,0.0900000000000375,0
2485230,0.0334999999999922,0
2485260,0.1130000000000393,0
2485290,0.0120000000000118,0
2485320,0.0259999999999706,0
2485350,0.0025000000000147,0
2485380,0.0230000000000131,0
2485410,0.0229999999999847,0
2485440,0.0480000000000131,0
2485470,0.0355000000000075,0
2485500,0.0424999999999954,0
2485530,0.0669999999999902,0
2485560,0.0230000000000018,0
2485590,0.0944999999999709,0
2485620,0.0084999999999979,0
2485650,0.0100000000000136,0
2485680,0.0720000000000311,0
2485710,0.0109999999999899,0
2485740,0.0360000000000127,0
2485770,0.0205000000000154,0
2485800,0.0160000000000081,0
2485830,0.0399999999999806,0
2485860,0.1965000000000202,0
2485890,0.5199999999999932,0
2485920,0.2125000000000227,0
2485950,0.0354999999999961,0
2485980,0.6435000000000002,0
2486010,0.0995000000000232,0
2486040,0.6254999999999995,0
2486070,0.0235000000000013,0
2486100,0.0535000000000025,0
2486130,0.0035000000000195,0
2486160,0.0995000000000004,0
2486190,0.0895000000000095,0
2486220,0.0415000000000191,0
2486250,0.019500000000005,0
2486280,0.022999999999979,0
2486310,0.0544999999999959,0
2486340,0.018999999999994,0
2486370,0.0254999999999995,0
2486400,0.0440000000000452,0
2486430,0.0115000000000009,0
2486460,0.0504999999999881,0
2486490,0.0415000000000191,0
2486520,0.0215000000000145,0
2486550,0.0620000000000231,0
2486580,0.0274999999999863,0
2486610,0.0165000000000191,0
2486640,0.3624999999999659,0
2486670,0.0414999999999906,0
2486700,0.1474999999999852,0
2486730,0.0270000000000152,0
2486760,0.0289999999999906,0
2486790,0.0354999999999847,0
2486820,0.0099999999999909,0
2486850,0.0220000000000027,0
2486880,0.0484999999999899,0
2486910,0.0230000000000075,0
2486940,0.0230000000000131,0
2486970,0.0375000000000284,0
2487000,0.0180000000000177,0
2487030,0.0370000000000061,0
2487060,0.0199999999999818,0
2487090,0.0190000000000054,0
2487120,0.0229999999999904,0
2487150,0.0495000000000061,0
2487180,0.0189999999999997,0
2487210,0.0830000000000097,0
2487240,0.1,0
2487270,0.0044999999999845,0
2487300,0.0250000000000056,0
2487330,0.0419999999999959,0
2487360,0.0245000000000288,0
2487390,0.019500000000005,0
2487420,0.0530000000000257,0
2487450,0.0204999999999813,0
2487480,0.0080000000000097,0
2487510,0.0059999999999945,0
2487540,0.0194999999999936,0
2487570,0.0070000000000277,0
2487600,0.0065000000000225,0
2487630,0.093999999999977,0
2487660,0.0814999999999941,0
2487690,0.0254999999999824,0
2487720,0.0684999999999831,0
2487750,0.0449999999999931,0
2487780,0.0629999999999825,0
2487810,0.150022503375512,0
2487840,0.0709999999999979,0
2487870,0.061000000000007,0
2487900,0.0194999999999708,0
2487930,0.06400000000001,0
2487960,0.0459999999999865,0
2487990,0.1405000000000029,0
2488020,0.0874999999999602,0
2488050,0.0580000000000097,0
2488080,0.1359999999999956,0
2488110,0.1465000000000089,0
2488140,0.0569999999999595,0
2488170,0.1035000000000082,0
2488200,0.0419999999999959,0
2488230,0.1505000000000166,0
2488260,0.071499999999969,0
2488290,0.0469999999999913,0
2488320,0.0544999999999674,0
2488350,0.0080000000000154,0
2488380,0.0210000000000093,0
2488410,0.0249999999999772,0
2488440,0.0630000000000052,0
2488470,0.0160000000000309,0
2488500,0.0244999999999834,0
2488530,0.0395000000000266,0
2488560,0.0205000000000154,0
2488590,0.0059999999999945,0
2488620,0.0059999999999945,0
2488650,0.0974999999999795,0
2488680,0.0465000000000202,0
2488710,0.0954999999999813,0
2488740,0.0240000000000179,0
2488770,0.013499999999982,0
2488800,0.0414999999999906,0
2488830,0.0810000000000115,0
2488860,0.0180000000000404,0
2488890,0.0729999999999904,0
2488920,0.0310000000000286,0
2488950,0.0359999999999956,0
2488980,0.0305000000000291,0
2489010,0.0710000000000093,0
2489040,0.0254999999999824,0
2489070,0.0135000000000218,0
2489100,0.0164999999999963,0
2489130,0.0219999999999686,0
2489160,0.0264999999999929,0
2489190,0.0254999999999881,0
2489220,0.0419999999999902,0
2489250,0.0250000000000056,0
2489280,0.0144999999999981,0
2489310,0.010499999999979,0
2489340,0.0234999999999899,0
2489370,0.0334999999999638,0
2489400,0.013499999999999,0
2489430,0.0255000000000166,0
2489460,0.0430000000000063,0
2489490,0.0455000000000097,0
2489520,0.0305000000000063,0
2489550,0.0124999999999886,0
2489580,0.0290000000000134,0
2489610,0.0304999999999722,0
2489640,0.0264999999999702,0
2489670,0.014499999999964,0
2489700,0.0130000000000109,0
2489730,0.0734999999999843,0
2489760,0.0435000000000172,0
2489790,0.0075000000000159,0
2489820,0.015000000000009,0
2489850,0.0639999999999872,0
2489880,0.0604999999999961,0
2489910,0.0880000000000222,0
2489940,0.0474999999999624,0
2489970,0.0145000000000152,0
2490000,0.0550000000000125,0
2490030,0.0249999999999772,0
2490060,0.0374999999999943,0
2490090,0.0310000000000115,0
2490120,0.0419999999999902,0
2490150,0.0284999999999911,0
2490180,0.0145000000000095,0
2490210,0.0469999999999856,0
2490240,0.0344999999999629,0
2490270,0.0255000000000166,0
2490300,0.0200000000000102,0
2490330,0.0374999999999715,0
2490360,0.0415000000000475,0
2490390,0.0674999999999784,0
2490420,0.0379999999999881,0
2490450,0.0194999999999765,0
2490480,0.0440000000000338,0
2490510,0.0294999999999788,0
2490540,0.0245000000000402,0
2490570,0.0394999999999697,0
2490600,0.0180000000000518,0
2490630,0.0430000000000234,0
2490660,0.030499999999995,0
2490690,0.0339999999999747,0
2490720,0.0140000000000213,0
2490750,0.064999999999992,0
2490780,0.0320000000000106,0
2490810,0.0214999999999804,0
2490840,0.0110000000000127,0
2490870,0.032999999999987,0
2490900,0.0185000000000172,0
2490930,0.0469999999999515,0
2490960,0.0205000000000495,0
2490990,0.0444999999999822,0
2491020,0.0465000000000088,0
2491050,0.0140000000000043,0
2491080,0.0144999999999868,0
2491110,0.0269999999999868,0
2491140,0.0279999999999802,0
2491170,0.0660000000000138,0
2491200,0.0754999999999768,0
2491230,0.0125000000000113,0
2491260,0.0279999999999802,0
2491290,0.01400000000001,0
2491320,0.030500000000012,0
2491350,0.0109999999999899,0
2491380,0.0189999999999656,0
2491410,0.0269999999999981,0
2491440,0.0165000000000191,0
2491470,0.0190000000000168,0
2491500,0.0334999999999809,0
2491530,0.0175000000000181,0
2491560,0.0215000000000088,0
2491590,0.0185000000000286,0
2491620,0.0255000000000336,0
2491650,0.025,0
2491680,0.0389999999999702,0
2491710,0.0604999999999734,0
2491740,0.0285000000000309,0
2491770,0.032000000000005,0
2491800,0.0115000000000122,0
2491830,0.0630000000000222,0
2491860,0.0464999999999634,0
2491890,0.0769999999999981,0
2491920,0.0194999999999936,0
2491950,0.0475000000000193,0
2491980,0.0579999999999984,0
2492010,0.019500000000022,0
2492040,0.0169999999999902,0
2492070,0.0215000000000259,0
2492100,0.0169999999999731,0
2492130,0.0359999999999843,0
2492160,0.0300000000000352,0
2492190,0.011999999999989,0
2492220,0.0295000000000243,0
2492250,0.0170000000000072,0
2492280,0.0184999999999718,0
2492310,0.0124999999999772,0
2492340,0.0270000000000152,0
2492370,0.0204999999999813,0
2492400,0.0415000000000191,0
2492430,0.0185000000000002,0
2492460,0.0275000000000204,0
2492490,0.0405000000000086,0
2492520,0.0170000000000072,0
2492550,0.0105000000000188,0
2492580,0.0129999999999995,0
2492610,0.0449999999999874,0
2492640,0.0449999999999931,0
2492670,0.0345000000000084,0
2492700,0.0310000000000002,0
2492730,0.0314999999999827,0
2492760,0.015000000000009,0
2492790,0.0169999999999959,0
2492820,0.0205000000000268,0
2492850,0.0214999999999747,0
2492880,0.0260000000000047,0
2492910,0.0325000000000216,0
2492940,0.0295000000000356,0
2492970,0.0215000000000088,0
2493000,0.0170000000000413,0
2493030,0.0184999999999945,0
2493060,0.0199999999999761,0
2493090,0.0155000000000086,0
2493120,0.0245000000000175,0
2493150,0.011000000000007,0
2493180,0.013499999999999,0
2493210,0.0125000000000284,0
2493240,0.0284999999999627,0
2493270,0.0100000000000136,0
2493300,0.045500000000004,0
2493330,0.0270000000000095,0
2493360,0.008500000000015,0
2493390,0.0264999999999986,0
2493420,0.0185000000000115,0
2493450,0.0105000000000018,0
2493480,0.0259999999999763,0
2493510,0.0470000000000197,0
2493540,0.0125000000000113,0
2493570,0.0244999999999947,0
2493600,0.0285000000000195,0
2493630,0.0100000000000022,0
2493660,0.0489999999999838,0
2493690,0.0250000000000113,0
2493720,0.0160000000000025,0
2493750,0.0370000000000118,0
2493780,0.0160000000000252,0
2493810,0.0084999999999695,0
2493840,0.0174999999999954,0
2493870,0.0195000000000334,0
2493900,0.0134999999999763,0
2493930,0.0385000000000047,0
2493960,0.0324999999999647,0
2493990,0.0079999999999927,0
2494020,0.025,0
2494050,0.0090000000000145,0
2494080,0.0190000000000054,0
2494110,0.0199999999999931,0
2494140,0.0374999999999943,0
2494170,0.0485000000000241,0
2494200,0.0449999999999818,0
2494230,0.0090000000000202,0
2494260,0.0199999999999818,0
2494290,0.0350000000000022,0
2494320,0.0170000000000186,0
2494350,0.008999999999969,0
2494380,0.0160000000000138,0
2494410,0.0419999999999788,0
2494440,0.0249999999999886,0
2494470,0.0334999999999581,0
2494500,0.0170000000000243,0
2494530,0.022999999999979,0
2494560,0.0529999999999688,0
2494590,0.0295000000000357,0
2494620,0.0379999999999824,0
2494650,0.0235000000000241,0
2494680,0.0274999999999977,0
2494710,0.0135000000000104,0
2494740,0.0179999999999722,0
2494770,0.0350000000000193,0
2494800,0.0564999999999997,0
2494830,0.0110000000000013,0
2494860,0.0264999999999872,0
2494890,0.0149999999999977,0
2494920,0.0279999999999915,0
2494950,0.0125000000000454,0
2494980,0.0299999999999954,0
2495010,0.0115000000000122,0
2495040,0.0250000000000284,0
2495070,0.0130000000000109,0
2495100,0.0234999999999615,0
2495130,0.0275000000000375,0
2495160,0.0385000000000047,0
2495190,0.0424999999999897,0
2495220,0.0205000000000154,0
2495250,0.0374999999999886,0
2495280,0.0095000000000027,0
2495310,0.0339999999999804,0
2495340,0.0194999999999708,0
2495370,0.0485000000000468,0
2495400,0.0254999999999768,0
2495430,0.0379999999999824,0
2495460,0.0275000000000432,0
2495490,0.0514999999999417,0
2495520,0.0224999999999965,0
2495550,0.0464999999999634,0
2495580,0.0420000000000243,0
2495610,0.0575000000000045,0
2495640,0.0324999999999931,0
2495670,0.0544999999999845,0
2495700,0.0605000000000075,0
2495730,0.0225000000000022,0
2495760,0.0504999999999995,0
2495790,0.0145000000000095,0
2495820,0.0125,0
2495850,0.0259999999999763,0
2495880,0.0144999999999811,0
2495910,0.0429999999999665,0
2495940,0.0175000000000068,0
2495970,0.0160000000000252,0
2496000,0.031499999999977,0
2496030,0.0185000000000002,0
2496060,0.0514999999999929,0
2496090,0.0364999999999952,0
2496120,0.0160000000000081,0
2496150,0.0345000000000027,0
2496180,0.0479999999999734,0
2496210,0.0235000000000297,0
2496240,0.0225000000000136,0
2496270,0.0160000000000081,0
2496300,0.0194999999999879,0
2496330,0.016500000000002,0
2496360,0.0179999999999836,0
2496390,0.0415000000000247,0
2496420,0.027499999999992,0
2496450,0.0345000000000084,0
2496480,0.0244999999999777,0
2496510,0.0094999999999913,0
2496540,0.0385000000000047,0
2496570,0.0660000000000025,0
2496600,0.0130000000000279,0
2496630,0.0234999999999786,0
2496660,0.0644999999999925,0
2496690,0.0270000000000209,0
2496720,0.0139999999999702,0
2496750,0.0085000000000263,0
2496780,0.0169999999999788,0
2496810,0.0195000000000277,0
2496840,0.0284999999999797,0
2496870,0.0125000000000113,0
2496900,0.0334999999999752,0
2496930,0.0329999999999984,0
2496960,0.0270000000000322,0
2496990,0.016500000000002,0
2497020,0.0179999999999495,0
2497050,0.0354999999999847,0
2497080,0.0195000000000277,0
2497110,0.0129999999999881,0
2497140,0.0209999999999752,0
2497170,0.0204999999999813,0
2497200,0.0425000000000068,0
2497230,0.010499999999979,0
2497260,0.0189999999999997,0
2497290,0.0704999999999984,0
2497320,0.0174999999999954,0
2497350,0.0145000000000209,0
2497380,0.0120000000000004,0
2497410,0.0219999999999743,0
2497440,0.0200000000000159,0
2497470,0.021000000000015,0
2497500,0.0379999999999711,0
2497530,0.0215000000000145,0
2497560,0.0395000000000209,0
2497590,0.0240000000000009,0
2497620,0.0349999999999965,0
2497650,0.0260000000000559,0
2497680,0.0214999999999975,0
2497710,0.0290000000000191,0
2497740,0.0104999999999904,0
2497770,0.0229999999999904,0
2497800,0.0165000000000077,0
2497830,0.0340000000000088,0
2497860,0.0124999999999772,0
2497890,0.0240000000000065,0
2497920,0.0485000000000013,0
2497950,0.0109999999999786,0
2497980,0.0349999999999909,0
2498010,0.0209999999999809,0
2498040,0.0445000000000106,0
2498070,0.0300000000000068,0
2498100,0.0260000000000161,0
2498130,0.0164999999999963,0
2498160,0.0214999999999747,0
2498190,0.0155000000000143,0
2498220,0.0214999999999918,0
2498250,0.0120000000000118,0
2498280,0.015000000000009,0
2498310,0.0284999999999797,0
2498340,0.008999999999969,0
2498370,0.0150000000000204,0
2498400,0.0184999999999661,0
2498430,0.0190000000000168,0
2498460,0.0359999999999843,0
2498490,0.0399999999999977,0
2498520,0.0090000000000145,0
2498550,0.0189999999999997,0
2498580,0.0184999999999831,0
2498610,0.0179999999999949,0
2498640,0.0155000000000029,0
2498670,0.0080000000000268,0
2498700,0.0260000000000275,0
2498730,0.0204999999999927,0
2498760,0.0105000000000131,0
2498790,0.0245000000000288,0
2498820,0.0219999999999913,0
2498850,0.008000000000004,0
2498880,0.017499999999984,0
2498910,0.0305000000000518,0
2498940,0.0215000000000088,0
2498970,0.0124999999999999,0
2499000,0.0194999999999993,0
2499030,0.0114999999999895,0
2499060,0.0225000000000022,0
2499090,0.0339999999999747,0
2499120,0.0305000000000177,0
2499150,0.0104999999999904,0
2499180,0.0170000000000015,0
2499210,0.0399999999999693,0
2499240,0.0174999999999954,0
2499270,0.023500000000007,0
2499300,0.0240000000000009,0
2499330,0.0109999999999672,0
2499360,0.047999999999979,0
2499390,0.0135000000000161,0
2499420,0.0419999999999902,0
2499450,0.0210000000000263,0
2499480,0.0334999999999979,0
2499510,0.0395000000000038,0
2499540,0.0699999999999818,0
2499570,0.0139999999999758,0
2499600,0.0149999999999749,0
2499630,0.0815000000000282,0
2499660,0.0234999999999843,0
2499690,0.0254999999999995,0
2499720,0.013499999999999,0
2499750,0.0184999999999888,0
2499780,0.0275000000000204,0
2499810,0.0194999999999936,0
2499840,0.0224999999999738,0
2499870,0.0399999999999977,0
2499900,0.0254999999999711,0
2499930,0.01400000000001,0
2499960,0.0170000000000243,0
2499990,0.0180000000000291,0
2500020,0.0539999999999793,0
2500050,0.008000000000004,0
2500080,0.0155000000000086,0
2500110,0.0170000000000015,0
2500140,0.0199999999999931,0
2500170,0.0124999999999886,0
2500200,0.0249999999999943,0
2500230,0.015000000000009,0
2500260,0.0134999999999877,0
2500290,0.0320000000000106,0
2500320,0.0209999999999865,0
2500350,0.0204999999999813,0
2500380,0.0214999999999975,0
2500410,0.0360000000000241,0
2500440,0.0279999999999915,0
2500470,0.0425000000000238,0
2500500,0.035499999999962,0
2500530,0.0304999999999893,0
2500560,0.036000000000007,0
2500590,0.0134999999999877,0
2500620,0.0220000000000084,0
2500650,0.0185000000000343,0
2500680,0.0334999999999979,0
2500710,0.0125000000000341,0
2500740,0.0130000000000109,0
2500770,0.0249999999999943,0
2500800,0.0129999999999654,0
2500830,0.0110000000000013,0
2500860,0.0179999999999893,0
2500890,0.0270000000000209,0
2500920,0.0225000000000022,0
2500950,0.0100000000000306,0
2500980,0.0295000000000129,0
2501010,0.010000000000025,0
2501040,0.0505000000000052,0
2501070,0.0500000000000056,0
2501100,0.0154999999999745,0
2501130,0.0325000000000216,0
2501160,0.0769999999999754,0
2501190,0.0230000000000018,0
2501220,0.0324999999999988,0
2501250,0.0234999999999899,0
2501280,0.0279999999999915,0
2501310,0.0270000000000322,0
2501340,0.0200000000000272,0
2501370,0.0175000000000125,0
2501400,0.0324999999999988,0
2501430,0.0454999999999984,0
2501460,0.0664999999999736,0
2501490,0.0274999999999863,0
2501520,0.0285000000000138,0
2501550,0.0424999999999897,0
2501580,0.0175000000000125,0
2501610,0.0584999999999752,0
2501640,0.0294999999999902,0
2501670,0.032000000000022,0
2501700,0.0204999999999699,0
2501730,0.0280000000000143,0
2501760,0.0324999999999875,0
2501790,0.0340000000000031,0
2501820,0.0279999999999745,0
2501850,0.021000000000015,0
2501880,0.039999999999992,0
2501910,0.0310000000000286,0
2501940,0.0120000000000231,0
2501970,0.0134999999999934,0
2502000,0.0239999999999554,0
2502030,0.0379999999999995,0
2502060,0.011999999999989,0
2502090,0.0319999999999936,0
2502120,0.0529999999999972,0
2502150,0.0380000000000052,0
2502180,0.0100000000000079,0
2502210,0.0165000000000077,0
2502240,0.0125000000000113,0
2502270,0.0375000000000113,0
2502300,0.0255000000000109,0
2502330,0.0115000000000065,0
2502360,0.022500000000025,0
2502390,0.0094999999999572,0
2502420,0.0115000000000065,0
2502450,0.0270000000000322,0
2502480,0.0310000000000002,0
2502510,0.0849999999999909,0
2502540,0.0145000000000266,0
2502570,0.0190000000000054,0
2502600,0.0204999999999927,0
2502630,0.0429999999999836,0
2502660,0.0210000000000036,0
2502690,0.0245000000000004,0
2502720,0.0180000000000006,0
2502750,0.0270000000000436,0
2502780,0.0529999999999461,0
2502810,0.0190000000000054,0
2502840,0.0160000000000025,0
2502870,0.0354999999999904,0
2502900,0.0119999999999947,0
2502930,0.0225000000000591,0
2502960,0.0269999999999697,0
2502990,0.0124999999999886,0
2503020,0.0169999999999902,0
2503050,0.0274999999999579,0
2503080,0.0274999999999977,0
2503110,0.0170000000000186,0
2503140,0.0295000000000015,0
2503170,0.0439999999999884,0
2503200,0.0215000000000145,0
2503230,0.0464999999999918,0
2503260,0.0145000000000095,0
2503290,0.0175000000000068,0
2503320,0.0260000000000218,0
2503350,0.0105000000000131,0
2503380,0.019500000000005,0
2503410,0.0154999999999745,0
2503440,0.0389999999999929,0
2503470,0.0134999999999763,0
2503500,0.0220000000000027,0
2503530,0.0494999999999549,0
2503560,0.0200000000000159,0
2503590,0.0285000000000138,0
2503620,0.0210000000000093,0
2503650,0.0124999999999886,0
2503680,0.0120000000000118,0
2503710,0.0375000000000056,0
2503740,0.0130000000000052,0
2503770,0.022500000000042,0
2503800,0.039999999999992,0
2503830,0.0280000000000256,0
2503860,0.0229999999999904,0
2503890,0.0139999999999531,0
2503920,0.0150000000000204,0
2503950,0.029999999999984,0
2503980,0.0514999999999815,0
2504010,0.0410000000000025,0
2504040,0.0285000000000138,0
2504070,0.0289999999999963,0
2504100,0.0294999999999788,0
2504130,0.0124999999999886,0
2504160,0.0260000000000161,0
2504190,0.0144999999999754,0
2504220,0.0169999999999959,0
2504250,0.0130000000000109,0
2504280,0.0224999999999738,0
2504310,0.0645000000000038,0
2504340,0.019500000000005,0
2504370,0.0139999999999986,0
2504400,0.0615000000000179,0
2504430,0.0385000000000161,0
2504460,0.021000000000015,0
2504490,0.0220000000000084,0
2504520,0.0130000000000222,0
2504550,0.0305000000000347,0
2504580,0.0164999999999849,0
2504610,0.0449999999999988,0
2504640,0.0155000000000086,0
2504670,0.017499999999984,0
2504700,0.0240000000000065,0
2504730,0.0465000000000202,0
2504760,0.0154999999999631,0
2504790,0.0695000000000277,0
2504820,0.0284999999999968,0
2504850,0.0230000000000188,0
2504880,0.0159999999999854,0
2504910,0.0314999999999884,0
2504940,0.0334999999999809,0
2504970,0.0264999999999986,0
2505000,0.0265000000000213,0
2505030,0.0499999999999829,0
2505060,0.076500000000027,0
2505090,0.0490000000000179,0
2505120,0.0339999999999918,0
2505150,0.0474999999999909,0
2505180,0.073500000000007,0
2505210,0.0149999999999749,0
2505240,0.0329999999999813,0
2505270,0.0280000000000257,0
2505300,0.0280000000000086,0
2505330,0.0180000000000063,0
2505360,0.0435000000000116,0
2505390,0.0099999999999909,0
2505420,0.0299999999999897,0
2505450,0.0645000000000379,0
2505480,0.0129999999999881,0
2505510,0.0200000000000045,0
2505540,0.018000000000012,0
2505570,0.0214999999999975,0
2505600,0.0139999999999872,0
2505630,0.0149999999999977,0
2505660,0.0209999999999752,0
2505690,0.0245000000000118,0
2505720,0.0315000000000168,0
2505750,0.0139999999999986,0
2505780,0.02650000000001,0
2505810,0.0325000000000045,0
2505840,0.0625000000000284,0
2505870,0.0219999999999743,0
2505900,0.0149999999999977,0
2505930,0.0429999999999665,0
2505960,0.0139999999999758,0
2505990,0.0255000000000052,0
2506020,0.0155000000000086,0
2506050,0.0184999999999718,0
2506080,0.03599999999999,0
2506110,0.0214999999999861,0
2506140,0.0380000000000166,0
2506170,0.0209999999999922,0
2506200,0.0345000000000254,0
2506230,0.0324999999999988,0
2506260,0.0305000000000177,0
2506290,0.074499999999989,0
2506320,0.0120000000000118,0
2506350,0.0284999999999911,0
2506380,0.0319999999999993,0
2506410,0.0175000000000181,0
2506440,0.017499999999984,0
2506470,0.0149999999999863,0
2506500,0.0125000000000056,0
2506530,0.011999999999989,0
2506560,0.0194999999999765,0
2506590,0.019500000000005,0
2506620,0.0434999999999604,0
2506650,0.0230000000000018,0
2506680,0.0129999999999881,0
2506710,0.0114999999999895,0
2506740,0.0160000000000252,0
2506770,0.0184999999999718,0
2506800,0.0109999999999956,0
2506830,0.0114999999999781,0
2506860,0.0605000000000359,0
2506890,0.0184999999999831,0
2506920,0.0109999999999615,0
2506950,0.0395000000000038,0
2506980,0.0315000000000054,0
2507010,0.0125000000000113,0
2507040,0.0279999999999802,0
2507070,0.029500000000047,0
2507100,0.0419999999999788,0
2507130,0.0169999999999902,0
2507160,0.0224999999999909,0
2507190,0.0184999999999831,0
2507220,0.0194999999999993,0
2507250,0.0254999999999824,0
2507280,0.0220000000000027,0
2507310,0.0184999999999718,0
2507340,0.0275000000000432,0
2507370,0.0124999999999943,0
2507400,0.0139999999999872,0
2507430,0.0425000000000409,0
2507460,0.0124999999999829,0
2507490,0.0239999999999952,0
2507520,0.023500000000007,0
2507550,0.0269999999999981,0
2507580,0.011000000000007,0
2507610,0.0254999999999881,0
2507640,0.0230000000000188,0
2507670,0.0315000000000054,0
2507700,0.0289999999999736,0
2507730,0.0145000000000322,0
2507760,0.0274999999999863,0
2507790,0.0235000000000013,0
2507820,0.058999999999952,0
2507850,0.0415000000000077,0
2507880,0.0289999999999849,0
2507910,0.0109999999999899,0
2507940,0.0189999999999997,0
2507970,0.0535000000000025,0
2508000,0.0565000000000168,0
2508030,0.0264999999999645,0
2508060,0.0139999999999645,0
2508090,0.0285000000000195,0
2508120,0.0220000000000254,0
2508150,0.022999999999979,0
2508180,0.0090000000000259,0
2508210,0.0300000000000068,0
2508240,0.0240000000000122,0
2508270,0.0130000000000109,0
2508300,0.0130000000000336,0
2508330,0.0194999999999708,0
2508360,0.011999999999989,0
2508390,0.0250000000000113,0
2508420,0.0129999999999881,0
2508450,0.0129999999999881,0
2508480,0.0220000000000027,0
2508510,0.0105000000000131,0
2508540,0.0125000000000113,0
2508570,0.0160000000000081,0
2508600,0.0149999999999863,0
2508630,0.0169999999999845,0
2508660,0.0170000000000072,0
2508690,0.0299999999999954,0
2508720,0.0454999999999927,0
2508750,0.0245000000000459,0
2508780,0.0105000000000018,0
2508810,0.0175000000000181,0
2508840,0.0349999999999681,0
2508870,0.0329999999999813,0
2508900,0.0160000000000195,0
2508930,0.0544999999999959,0
2508960,0.0235000000000013,0
2508990,0.0079999999999813,0
2509020,0.0270000000000095,0
2509050,0.0544999999999959,0
2509080,0.035499999999979,0
2509110,0.0245000000000118,0
2509140,0.070500000000004,0
2509170,0.0179999999999722,0
2509200,0.0200000000000159,0
2509230,0.0120000000000231,0
2509260,0.0419999999999959,0
2509290,0.0244999999999777,0
2509320,0.0264999999999758,0
2509350,0.0295000000000186,0
2509380,0.0154999999999745,0
2509410,0.0214999999999804,0
2509440,0.0465000000000259,0
2509470,0.0280000000000086,0
2509500,0.01400000000001,0
2509530,0.0250000000000227,0
2509560,0.0129999999999881,0
2509590,0.0129999999999995,0
2509620,0.0169999999999959,0
2509650,0.0134999999999877,0
2509680,0.0295000000000072,0
2509710,0.0104999999999904,0
2509740,0.0290000000000191,0
2509770,0.0094999999999686,0
2509800,0.0429999999999722,0
2509830,0.0620000000000232,0
2509860,0.0345000000000254,0
2509890,0.0485000000000013,0
2509920,0.0254999999999995,0
2509950,0.0220000000000027,0
2509980,0.0305000000000063,0
2510010,0.035499999999979,0
2510040,0.0230000000000018,0
2510070,0.0120000000000118,0
2510100,0.0135000000000218,0
2510130,0.0309999999999718,0
2510160,0.0359999999999899,0
2510190,0.0410000000000195,0
2510220,0.0185000000000059,0
2510250,0.015000000000009,0
2510280,0.020500000000004,0
2510310,0.0100000000000136,0
2510340,0.0299999999999954,0
2510370,0.0324999999999818,0
2510400,0.0185000000000286,0
2510430,0.02349999999999,0
2510460,0.0129999999999995,0
2510490,0.0439999999999486,0
2510520,0.0120000000000118,0
2510550,0.0409999999999968,0
2510580,0.0199999999999818,0
2510610,0.0219999999999686,0
2510640,0.0295000000000186,0
2510670,0.0105000000000131,0
2510700,0.0179999999999836,0
2510730,0.0310000000000513,0
2510760,0.0214999999999918,0
2510790,0.0450000000000045,0
2510820,0.0295000000000072,0
2510850,0.0170000000000186,0
2510880,0.0860000000000013,0
2510910,0.0419999999999618,0
2510940,0.0190000000000168,0
2510970,0.0105000000000245,0
2511000,0.0249999999999658,0
2511030,0.0179999999999836,0
2511060,0.0245000000000118,0
2511090,0.0224999999999795,0
2511120,0.0125000000000113,0
2511150,0.0204999999999927,0
2511180,0.0149999999999863,0
2511210,0.022999999999979,0
2511240,0.05,0
2511270,0.0075000000000045,0
2511300,0.0160000000000081,0
2511330,0.0174999999999954,0
2511360,0.0094999999999686,0
2511390,0.0129999999999995,0
2511420,0.0145000000000095,0
2511450,0.0129999999999881,0
2511480,0.0129999999999768,0
2511510,0.0475000000000022,0
2511540,0.0209999999999922,0
2511570,0.01400000000001,0
2511600,0.0395000000000436,0
2511630,0.0129999999999995,0
2511660,0.0404999999999972,0
2511690,0.0125,0
2511720,0.024499999999989,0
2511750,0.0290000000000077,0
2511780,0.0280000000000313,0
2511810,0.0109999999999899,0
2511840,0.0199999999999818,0
2511870,0.0400000000000318,0
2511900,0.0149999999999863,0
2511930,0.0270000000000209,0
2511960,0.0204999999999813,0
2511990,0.0299999999999954,0
2512020,0.0189999999999827,0
2512050,0.0235000000000127,0
2512080,0.0234999999999786,0
2512110,0.0319999999999936,0
2512140,0.0139999999999872,0
2512170,0.0305000000000177,0
2512200,0.0129999999999881,0
2512230,0.0259999999999877,0
2512260,0.0164999999999849,0
2512290,0.0204999999999813,0
2512320,0.0240000000000009,0
2512350,0.0159999999999854,0
2512380,0.0194999999999936,0
2512410,0.0209999999999809,0
2512440,0.0255000000000222,0
2512470,0.0260000000000331,0
2512500,0.0109999999999672,0
2512530,0.0124999999999886,0
2512560,0.013499999999999,0
2512590,0.0319999999999822,0
2512620,0.0229999999999904,0
2512650,0.0120000000000118,0
2512680,0.0235000000000241,0
2512710,0.0309999999999718,0
2512740,0.0174999999999954,0
2512770,0.0229999999999563,0
2512800,0.0135000000000218,0
2512830,0.0234999999999786,0
2512860,0.0460000000000036,0
2512890,0.0295000000000072,0
2512920,0.0225000000000022,0
2512950,0.0185000000000059,0
2512980,0.0519999999999981,0
2513010,0.0310000000000172,0
2513040,0.0139999999999986,0
2513070,0.019500000000005,0
2513100,0.024499999999989,0
2513130,0.0165000000000077,0
2513160,0.0109999999999899,0
2513190,0.0584999999999467,0
2513220,0.0124999999999772,0
2513250,0.0285000000000195,0
2513280,0.009500000000014,0
2513310,0.0159999999999854,0
2513340,0.0315000000000168,0
2513370,0.0139999999999758,0
2513400,0.0224999999999909,0
2513430,0.0315000000000168,0
2513460,0.0269999999999754,0
2513490,0.0285000000000422,0
2513520,0.0295000000000186,0
2513550,0.007000000000005,0
2513580,0.0344999999999686,0
2513610,0.031499999999994,0
2513640,0.0144999999999868,0
2513670,0.0345000000000027,0
2513700,0.0144999999999868,0
2513730,0.0175000000000295,0
2513760,0.0385000000000104,0
2513790,0.033000000000004,0
2513820,0.0289999999999963,0
2513850,0.011999999999989,0
2513880,0.0194999999999708,0
2513910,0.0615000000000009,0
2513940,0.0289999999999736,0
2513970,0.02650000000001,0
2514000,0.0170000000000072,0
2514030,0.0114999999999781,0
2514060,0.0114999999999895,0
2514090,0.0134999999999649,0
2514120,0.0209999999999922,0
2514150,0.0124999999999886,0
2514180,0.0160000000000081,0
2514210,0.011999999999989,0
2514240,0.009500000000014,0
2514270,0.0379999999999768,0
2514300,0.0149999999999977,0
2514330,0.0124999999999772,0
2514360,0.0150000000000204,0
2514390,0.0600000000000363,0
2514420,0.008000000000004,0
2514450,0.0165000000000077,0
2514480,0.0125000000000341,0
2514510,0.0129999999999654,0
2514540,0.0110000000000127,0
2514570,0.0155000000000541,0
2514600,0.0419999999999731,0
2514630,0.038499999999999,0
2514660,0.0159999999999854,0
2514690,0.0225000000000022,0
2514720,0.0119999999999777,0
2514750,0.0144999999999868,0
2514780,0.0339999999999804,0
2514810,0.0175000000000295,0
2514840,0.0114999999999781,0
2514870,0.0129980502925011,0
2514900,0.0220000000000254,0
2514930,0.0129999999999881,0
2514960,0.0145000000000209,0
2514990,0.0459999999999808,0
2515020,0.0230000000000018,0
2515050,0.0205000000000154,0
2515080,0.0294999999999959,0
2515110,0.0190000000000395,0
2515140,0.0069999999999936,0
2515170,0.0224999999999568,0
2515200,0.0170000000000072,0
2515230,0.0355000000000018,0
2515260,0.0120000000000118,0
2515290,0.0239999999999554,0
2515320,0.0230000000000131,0
2515350,0.0435000000000059,0
2515380,0.0140000000000213,0
2515410,0.0125000000000113,0
2515440,0.025999999999999,0
2515470,0.0110000000000468,0
2515500,0.0300000000000068,0
2515530,0.0669999999999845,0
2515560,0.0190000000000509,0
2515590,0.0260000000000104,0
2515620,0.0130000000000336,0
2515650,0.0384999999999877,0
2515680,0.0120000000000118,0
2515710,0.0164999999999963,0
2515740,0.0345000000000368,0
2515770,0.0144999999999981,0
2515800,0.0205000000000268,0
2515830,0.0125000000000227,0
2515860,0.0344999999999913,0
2515890,0.0300000000000181,0
2515920,0.0220000000000027,0
2515950,0.0235000000000013,0
2515980,0.0234999999999672,0
2516010,0.033999999999969,0
2516040,0.0240000000000236,0
2516070,0.0365000000000236,0
2516100,0.0220000000000141,0
2516130,0.0235000000000241,0
2516160,0.0469999999999799,0
2516190,0.0279999999999859,0
2516220,0.0834999999999922,0
2516250,0.0355000000000245,0
2516280,0.0184999999999376,0
2516310,0.0220000000000254,0
2516340,0.0264999999999872,0
2516370,0.0240000000000009,0
2516400,0.0184999999999831,0
2516430,0.010499999999979,0
2516460,0.0395000000000095,0
2516490,0.0245000000000118,0
2516520,0.0460000000000036,0
2516550,0.0105000000000131,0
2516580,0.0165000000000077,0
2516610,0.0194999999999822,0
2516640,0.0164999999999849,0
2516670,0.0185000000000286,0
2516700,0.0139999999999872,0
2516730,0.0179999999999836,0
2516760,0.0160000000000081,0
2516790,0.0220000000000254,0
2516820,0.0249999999999886,0
2516850,0.0245000000000004,0
2516880,0.0120000000000118,0
2516910,0.0095000000000027,0
2516940,0.0110000000000013,0
2516970,0.0280000000000086,0
2517000,0.0154999999999972,0
2517030,0.0240000000000122,0
2517060,0.050999999999999,0
2517090,0.0160000000000195,0
2517120,0.0185000000000513,0
2517150,0.0275000000000204,0
2517180,0.0145000000000436,0
2517210,0.0099999999999795,0
2517240,0.0154999999999972,0
2517270,0.0260000000000218,0
2517300,0.0095000000000027,0
2517330,0.0169999999999504,0
2517360,0.0090000000000145,0
2517390,0.0355000000000018,0
2517420,0.0250000000000227,0
2517450,0.0364999999999895,0
2517480,0.04200000000003,0
2517510,0.0419999999999504,0
2517540,0.013499999999999,0
2517570,0.0199999999999931,0
2517600,0.0180000000000063,0
2517630,0.0205000000000154,0
2517660,0.0154999999999972,0
2517690,0.0565000000000054,0
2517720,0.0214999999999349,0
2517750,0.0149999999999977,0
2517780,0.0240000000000236,0
2517810,0.0119999999999663,0
2517840,0.0165000000000077,0
2517870,0.0220000000000141,0
2517900,0.0190000000000168,0
2517930,0.0294999999999845,0
2517960,0.0164999999999622,0
2517990,0.0124999999999886,0
2518020,0.0259999999999877,0
2518050,0.021499999999969,0
2518080,0.0230000000000131,0
2518110,0.0580000000000382,0
2518140,0.0124999999999772,0
2518170,0.0160000000000081,0
2518200,0.0180000000000063,0
2518230,0.0300000000000295,0
2518260,0.0175000000000181,0
2518290,0.0250000000000341,0
2518320,0.0294999999999959,0
2518350,0.0094999999999799,0
2518380,0.0135000000000218,0
2518410,0.0164999999999622,0
2518440,0.0485000000000013,0
2518470,0.0600000000000136,0
2518500,0.0444999999999709,0
2518530,0.0224999999999909,0
2518560,0.008500000000015,0
2518590,0.0414999999999963,0
2518620,0.0754999999999768,0
2518650,0.0135000000000331,0
2518680,0.0225000000000136,0
2518710,0.0174999999999954,0
2518740,0.0129999999999881,0
2518770,0.0204999999999699,0
2518800,0.0119999999999663,0
2518830,0.0364999999999781,0
2518860,0.0420000000000072,0
2518890,0.0440000000000623,0
2518920,0.01550000000002,0
2518950,0.0094999999999686,0
2518980,0.0170000000000072,0
2519010,0.0190000000000168,0
2519040,0.017499999999984,0
2519070,0.0229999999999904,0
2519100,0.0230000000000018,0
2519130,0.0554999999999836,0
2519160,0.0274999999999749,0
2519190,0.0290000000000077,0
2519220,0.0235000000000241,0
2519250,0.0164999999999849,0
2519280,0.038000000000045,0
2519310,0.0190000000000054,0
2519340,0.017999999999995,0
2519370,0.0310000000000172,0
2519400,0.0475000000000136,0
2519430,0.0160000000000081,0
2519460,0.0080000000000154,0
2519490,0.0365000000000009,0
2519520,0.0110000000000013,0
2519550,0.013499999999999,0
2519580,0.0095000000000027,0
2519610,0.0094999999999913,0
2519640,0.0219999999999913,0
2519670,0.0274999999999749,0
2519700,0.0174999999999954,0
2519730,0.0099999999999909,0
2519760,0.015999999999974,0
2519790,0.020500000000004,0
2519820,0.0129999999999881,0
2519850,0.018999999999994,0
2519880,0.0260000000000104,0
2519910,0.0204999999999813,0
2519940,0.007000000000005,0
2519970,0.0265000000000213,0
2520000,0.0274999999999977,0
2520030,0.0099999999999909,0
2520060,0.033000000000004,0
2520090,0.0304999999999836,0
2520120,0.0155000000000427,0
2520150,0.0345000000000482,0
2520180,0.0220000000000368,0
2520210,0.0210000000000263,0
2520240,0.0129999999999881,0
2520270,0.0199999999999931,0
2520300,0.0100000000000022,0
2520330,0.0110000000000013,0
2520360,0.0165000000000191,0
2520390,0.0090000000000259,0
2520420,0.0110000000000127,0
2520450,0.0404999999999972,0
2520480,0.0114999999999895,0
2520510,0.0230000000000586,0
2520540,0.0085000000000036,0
2520570,0.0205000000000154,0
2520600,0.0455000000000041,0
2520630,0.0105000000000018,0
2520660,0.0150000000000318,0
2520690,0.0194999999999936,0
2520720,0.0339999999999918,0
2520750,0.0124981252812078,0
2520780,0.0110000000000354,0
2520810,0.0159999999999968,0
2520840,0.0204999999999927,0
2520870,0.0130000000000109,0
2520900,0.0120000000000345,0
2520930,0.0290000000000304,0
2520960,0.0404999999999859,0
2520990,0.0169999999999959,0
2521020,0.0169999999999845,0
2521050,0.0204999999999586,0
2521080,0.0214999999999918,0
2521110,0.0444999999999936,0
2521140,0.0120000000000118,0
2521170,0.017999999999995,0
2521200,0.0155000000000086,0
2521230,0.0185000000000286,0
2521260,0.0359999999999558,0
2521290,0.0235000000000127,0
2521320,0.0329999999999927,0
2521350,0.0259999999999877,0
2521380,0.0100000000000136,0
2521410,0.009500000000014,0
2521440,0.0419999999999504,0
2521470,0.0185000000000059,0
2521500,0.0150000000000204,0
2521530,0.0285000000000081,0
2521560,0.0204999999999813,0
2521590,0.0270000000000209,0
2521620,0.025,0
2521650,0.0244999999999663,0
2521680,0.0219999999999686,0
2521710,0.0185000000000286,0
2521740,0.0134999999999763,0
2521770,0.0119999999999663,0
2521800,0.0149999999999863,0
2521830,0.0239999999999895,0
2521860,0.0150000000000204,0
2521890,0.0259999999999877,0
2521920,0.0105000000000245,0
2521950,0.010000000000025,0
2521980,0.0199999999999931,0
2522010,0.008000000000004,0
2522040,0.0090000000000259,0
2522070,0.0234999999999786,0
2522100,0.009500000000014,0
2522130,0.0145000000000095,0
2522160,0.0209999999999809,0
2522190,0.0124999999999886,0
2522220,0.0164999999999849,0
2522250,0.0199999999999931,0
2522280,0.0164999999999736,0
2522310,0.0284999999999854,0
2522340,0.0084999999999922,0
2522370,0.0204999999999586,0
2522400,0.0230000000000245,0
2522430,0.0084999999999695,0
2522460,0.013499999999999,0
2522490,0.0300000000000181,0
2522520,0.0225000000000022,0
2522550,0.0255000000000109,0
2522580,0.0100000000000022,0
2522610,0.0264999999999531,0
2522640,0.0084999999999922,0
2522670,0.0225000000000022,0
2522700,0.043499999999949,0
2522730,0.043999999999994,0
2522760,0.0140000000000327,0
2522790,0.0299999999999613,0
2522820,0.0300000000000181,0
2522850,0.0160000000000081,0
2522880,0.0289999999999849,0
2522910,0.0120000000000004,0
2522940,0.0224999999999681,0
2522970,0.0445000000000163,0
2523000,0.0419999999999959,0
2523030,0.009500000000014,0
2523060,0.0114999999999781,0
2523090,0.0430000000000063,0
2523120,0.03100000000004,0
2523150,0.0179999999999608,0
2523180,0.0260000000000104,0
2523210,0.060000000000025,0
2523240,0.0080000000000154,0
2523270,0.0165000000000077,0
2523300,0.0225000000000022,0
2523330,0.0089999999999918,0
2523360,0.0155000000000086,0
2523390,0.0290000000000077,0
2523420,0.0715000000000145,0
2523450,0.0099999999999795,0
2523480,0.0180000000000518,0
2523510,0.0209999999999922,0
2523540,0.0250000000000113,0
2523570,0.0625,0
2523600,0.025999999999999,0
2523630,0.017999999999995,0
2523660,0.0120000000000118,0
2523690,0.044500000000005,0
2523720,0.013499999999999,0
2523750,0.0379999999999768,0
2523780,0.0104999999999904,0
2523810,0.0374999999999886,0
2523840,0.0205000000000154,0
2523870,0.031499999999994,0
2523900,0.0260000000000332,0
2523930,0.042999999999995,0
2523960,0.0074999999999931,0
2523990,0.0234999999999786,0
2524020,0.0090000000000145,0
2524050,0.0284999999999854,0
2524080,0.0200000000000386,0
2524110,0.0114999999999895,0
2524140,0.0114999999999895,0
2524170,0.0115000000000122,0
2524200,0.017999999999995,0
2524230,0.0179999999999836,0
2524260,0.0214999999999804,0
2524290,0.0159999999999968,0
2524320,0.0290000000000191,0
2524350,0.0170000000000072,0
2524380,0.017499999999984,0
2524410,0.043999999999994,0
2524440,0.0265000000000327,0
2524470,0.0470000000000027,0
2524500,0.0214999999999918,0
2524530,0.0109999999999672,0
2524560,0.0145000000000322,0
2524590,0.0159999999999854,0
2524620,0.0109999999999672,0
2524650,0.0285000000000309,0
2524680,0.0219999999999913,0
2524710,0.0329999999999927,0
2524740,0.0214999999999918,0
2524770,0.017999999999995,0
2524800,0.0364999999999895,0
2524830,0.0300000000000068,0
2524860,0.0310000000000286,0
2524890,0.0164999999999622,0
2524920,0.0190000000000281,0
2524950,0.0174999999999727,0
2524980,0.025,0
2525010,0.0104999999999904,0
2525040,0.0235000000000127,0
2525070,0.0119999999999777,0
2525100,0.0154999999999972,0
2525130,0.0259999999999877,0
2525160,0.0240000000000122,0
2525190,0.0179999999999836,0
2525220,0.024499999999989,0
2525250,0.0130000000000222,0
2525280,0.0175000000000068,0
2525310,0.0159999999999854,0
2525340,0.0145000000000095,0
2525370,0.0425000000000068,0
2525400,0.0079999999999927,0
2525430,0.0189999999999827,0
2525460,0.02800000000002,0
2525490,0.0139999999999986,0
2525520,0.0179999999999836,0
2525550,0.0345000000000368,0
2525580,0.0079999999999699,0
2525610,0.0199999999999931,0
2525640,0.0190000000000282,0
2525670,0.008999999999969,0
2525700,0.0120000000000118,0
2525730,0.0210000000000036,0
2525760,0.0259999999999877,0
2525790,0.0285000000000309,0
2525820,0.010499999999979,0
2525850,0.0179999999999722,0
2525880,0.0149999999999863,0
2525910,0.0134999999999763,0
2525940,0.027500000000009,0
2525970,0.0190000000000054,0
2526000,0.0324999999999818,0
2526030,0.0285000000000309,0
2526060,0.0094999999999799,0
2526090,0.0129999999999654,0
2526120,0.0294999999999845,0
2526150,0.0150000000000204,0
2526180,0.0139999999999986,0
2526210,0.0134999999999763,0
2526240,0.0300000000000181,0
2526270,0.0295000000000072,0
2526300,0.0164999999999849,0
2526330,0.0190000000000054,0
2526360,0.0110000000000127,0
2526390,0.0120000000000004,0
2526420,0.010499999999979,0
2526450,0.025,0
2526480,0.0200000000000272,0
2526510,0.0135000000000331,0
2526540,0.0139999999999986,0
2526570,0.0180000000000063,0
2526600,0.0169999999999959,0
2526630,0.0119999999999777,0
2526660,0.0230000000000245,0
2526690,0.0269999999999981,0
2526720,0.0134999999999877,0
2526750,0.0300000000000068,0
2526780,0.0270000000000322,0
2526810,0.0149999999999749,0
2526840,0.0080000000000268,0
2526870,0.0125000000000227,0
2526900,0.01550000000002,0
2526930,0.0079999999999813,0
2526960,0.01400000000001,0
2526990,0.0105000000000131,0
2527020,0.0164999999999849,0
2527050,0.0129999999999995,0
2527080,0.0129999999999768,0
2527110,0.0279999999999859,0
2527140,0.0170000000000186,0
2527170,0.0110000000000241,0
2527200,0.0239999999999781,0
2527230,0.0100000000000022,0
2527260,0.0090000000000259,0
2527290,0.0185000000000172,0
2527320,0.0175000000000181,0
2527350,0.024499999999989,0
2527380,0.0100000000000136,0
2527410,0.0249999999999999,0
2527440,0.009500000000014,0
2527470,0.0069999999999822,0
2527500,0.0139999999999986,0
2527530,0.0210000000000036,0
2527560,0.0339999999999804,0
2527590,0.0355000000000018,0
2527620,0.0195000000000163,0
2527650,0.0249999999999772,0
2527680,0.0104999999999904,0
2527710,0.0330000000000154,0
2527740,0.0110000000000127,0
2527770,0.0645000000000209,0
2527800,0.0125,0
2527830,0.0139999999999986,0
2527860,0.0144999999999981,0
2527890,0.0254999999999995,0
2527920,0.0124999999999772,0
2527950,0.0219999999999913,0
2527980,0.0130000000000109,0
2528010,0.0174999999999954,0
2528040,0.0290000000000191,0
2528070,0.0090000000000145,0
2528100,0.0244999999999777,0
2528130,0.0189999999999827,0
2528160,0.0139999999999531,0
2528190,0.0160000000000195,0
2528220,0.0459999999999126,0
2528250,0.0169999999999731,0
2528280,0.0075000000000045,0
2528310,0.0154999999999972,0
2528340,0.0390000000000213,0
2528370,0.0539999999999395,0
2528400,0.0220000000000482,0
2528430,0.0319999999999822,0
2528460,0.0120000000000118,0
2528490,0.0349999999999909,0
2528520,0.0199999999999931,0
2528550,0.0110000000000241,0
2528580,0.0294999999999845,0
2528610,0.0209999999999809,0
2528640,0.0334999999999809,0
2528670,0.018999999999994,0
2528700,0.0120000000000231,0
2528730,0.0239999999999895,0
2528760,0.0409999999999968,0
2528790,0.0255000000000109,0
2528820,0.0139999999999986,0
2528850,0.0175000000000409,0
2528880,0.050999999999999,0
2528910,0.0149999999999977,0
2528940,0.034500000000014,0
2528970,0.0315000000000282,0
2529000,0.0240000000000122,0
2529030,0.0289999999999736,0
2529060,0.0165000000000191,0
2529090,0.0264999999999872,0
2529120,0.0135000000000104,0
2529150,0.0190000000000054,0
2529180,0.0105000000000018,0
2529210,0.0250000000000227,0
2529240,0.0194999999999936,0
2529270,0.0129999999999881,0
2529300,0.0190000000000054,0
2529330,0.0290000000000077,0
2529360,0.0209999999999809,0
2529390,0.0240000000000009,0
2529420,0.0274999999999977,0
2529450,0.0279999999999745,0
2529480,0.0224999999999909,0
2529510,0.0175000000000068,0
2529540,0.0349999999999795,0
2529570,0.0130000000000222,0
2529600,0.0129999999999995,0
2529630,0.0125,0
2529660,0.0154999999999859,0
2529690,0.0335000000000604,0
2529720,0.0370000000000118,0
2529750,0.0165000000000191,0
2529780,0.0129999999999768,0
2529810,0.0209999999999922,0
2529840,0.0069999999999936,0
2529870,0.0245000000000231,0
2529900,0.0359999999999786,0
2529930,0.017499999999984,0
2529960,0.0249999999999886,0
2529990,0.0155000000000427,0
2530020,0.007000000000005,0
2530050,0.0159999999999968,0
2530080,0.0145000000000095,0
2530110,0.0094999999999799,0
2530140,0.0149999999999977,0
2530170,0.0205000000000268,0
2530200,0.0104999999999677,0
2530230,0.004999999999984,0
2530260,0.0175000000000181,0
2530290,0.0105000000000131,0
2530320,0.0495000000000232,0
2530350,0.0120000000000231,0
2530380,0.0190000000000168,0
2530410,0.0139999999999986,0
2530440,0.0345000000000027,0
2530470,0.019500000000005,0
2530500,0.0205000000000268,0
2530530,0.0315000000000168,0
2530560,0.010000000000025,0
2530590,0.0299999999999954,0
2530620,0.0164999999999736,0
2530650,0.0194999999999481,0
2530680,0.0095000000000254,0
2530710,0.0105000000000018,0
2530740,0.0125000000000227,0
2530770,0.0169999999999845,0
2530800,0.0205000000000154,0
2530830,0.0195000000000163,0
2530860,0.0174999999999727,0
2530890,0.0135000000000104,0
2530920,0.0094999999999799,0
2530950,0.0229999999999677,0
2530980,0.0245000000000004,0
2531010,0.0239999999999895,0
2531040,0.0334999999999695,0
2531070,0.0755000000000109,0
2531100,0.0255000000000109,0
2531130,0.0405000000000086,0
2531160,0.0140000000000213,0
2531190,0.0450000000000272,0
2531220,0.0169999999999618,0
2531250,0.0230000000000131,0
2531280,0.0245000000000231,0
2531310,0.0085000000000036,0
2531340,0.0290000000000191,0
2531370,0.0149999999999977,0
2531400,0.0049999999999954,0
2531430,0.0305000000000063,0
2531460,0.04849999999999,0
2531490,0.0750000000000113,0
2531520,0.0605000000000245,0
2531550,0.0664999999999963,0
2531580,0.0340000000000031,0
2531610,0.0334999999999695,0
2531640,0.1044999999999731,0
2531670,0.0454999999999927,0
2531700,0.0194999999999936,0
2531730,0.0274999999999977,0
2531760,0.068999999999994,0
2531790,0.0325000000000159,0
2531820,0.0585000000000036,0
2531850,0.0465000000000259,0
2531880,0.0289999999999963,0
2531910,0.0129999999999995,0
2531940,0.0255000000000336,0
2531970,0.0470000000000141,0
2532000,0.0305000000000177,0
2532030,0.0389999999999645,0
2532060,0.0269999999999868,0
2532090,0.0335000000000036,0
2532120,0.0105000000000018,0
2532150,0.0245000000000004,0
2532180,0.0199999999999818,0
2532210,0.0254999999999768,0
2532240,0.0184999999999945,0
2532270,0.0170000000000186,0
2532300,0.0154999999999972,0
2532330,0.0225000000000591,0
2532360,0.0124999999999658,0
2532390,0.0214999999999804,0
2532420,0.0425000000000068,0
2532450,0.0304999999999722,0
2532480,0.0135000000000104,0
2532510,0.0224999999999909,0
2532540,0.0290000000000191,0
2532570,0.0315000000000281,0
2532600,0.0144999999999981,0
2532630,0.022999999999979,0
2532660,0.0389999999999872,0
2532690,0.0254999999999995,0
2532720,0.0245000000000345,0
2532750,0.0204999999999813,0
2532780,0.0165000000000077,0
2532810,0.0144999999999981,0
2532840,0.0215000000000031,0
2532870,0.0165000000000077,0
2532900,0.0199999999999818,0
2532930,0.0204999999999586,0
2532960,0.0170000000000072,0
2532990,0.0630000000000222,0
2533020,0.027500000000009,0
2533050,0.0134999999999763,0
2533080,0.0210000000000263,0
2533110,0.0809999999999718,0
2533140,0.036000000000024,0
2533170,0.020500000000004,0
2533200,0.02800000000002,0
2533230,0.0245000000000118,0
2533260,0.0729999999999904,0
2533290,0.0365000000000009,0
2533320,0.028499999999974,0
2533350,0.0095000000000368,0
2533380,0.0135000000000104,0
2533410,0.0269999999999754,0
2533440,0.0240000000000236,0
2533470,0.017999999999995,0
2533500,0.0360000000000127,0
2533530,0.0165000000000077,0
2533560,0.0505000000000222,0
2533590,0.0259999999999763,0
2533620,0.0680000000000177,0
2533650,0.0420000000000072,0
2533680,0.0870000000000232,0
2533710,0.0239999999999895,0
2533740,0.0180000000000291,0
2533770,0.0504999999999427,0
2533800,0.0289999999999622,0
2533830,0.0135000000000218,0
2533860,0.03250000000005,0
2533890,0.0254999999999995,0
2533920,0.0385000000000445,0
2533950,0.0244999999999777,0
2533980,0.0270000000000209,0
2534010,0.0270000000000095,0
2534040,0.0164999999999963,0
2534070,0.0255000000000222,0
2534100,0.008500000000015,0
2534130,0.0364999999999895,0
2534160,0.0090000000000031,0
2534190,0.0120000000000118,0
2534220,0.0120000000000345,0
2534250,0.0115000000000236,0
2534280,0.0445000000000049,0
2534310,0.0370000000000118,0
2534340,0.0109999999999672,0
2534370,0.0295000000000072,0
2534400,0.01400000000001,0
2534430,0.0239999999999668,0
2534460,0.0120000000000231,0
2534490,0.0404999999999972,0
2534520,0.0275000000000545,0
2534550,0.0425042504250265,0
2534580,0.0599999999999909,0
2534610,0.0149999999999863,0
2534640,0.0214999999999918,0
2534670,0.0194999999999822,0
2534700,0.0214999999999804,0
2534730,0.0234999999999558,0
2534760,0.0239999999999668,0
2534790,0.0095000000000254,0
2534820,0.0120000000000004,0
2534850,0.0214999999999804,0
2534880,0.0089999999999918,0
2534910,0.1069999999999822,0
2534940,0.0139999999999759,0
2534970,0.026999999999964,0
2535000,0.0715000000000031,0
2535030,0.1424999999999954,0
2535060,0.0179999999999722,0
2535090,0.0245000000000118,0
2535120,0.0370000000000004,0
2535150,0.0229999999999904,0
2535180,0.0134999999999877,0
2535210,0.01550000000002,0
2535240,0.0125000000000227,0
2535270,0.0304999999999949,0
2535300,0.0120000000000004,0
2535330,0.0309999999999945,0
2535360,0.0154999999999972,0
2535390,0.0109999999999786,0
2535420,0.0129999999999995,0
2535450,0.0164999999999849,0
2535480,0.049499999999989,0
2535510,0.0399999999999977,0
2535540,0.01400000000001,0
2535570,0.0159999999999968,0
2535600,0.0170000000000186,0
2535630,0.0169999999999845,0
2535660,0.0300000000000068,0
2535690,0.017499999999984,0
2535720,0.0160000000000081,0
2535750,0.0239999999999895,0
2535780,0.0159999999999968,0
2535810,0.0350000000000477,0
2535840,0.0110000000000013,0
2535870,0.0229999999999563,0
2535900,0.0279999999999745,0
2535930,0.0100000000000477,0
2535960,0.0179999999999722,0
2535990,0.0160000000000309,0
2536020,0.0189999999999827,0
2536050,0.0159999999999968,0
2536080,0.0195000000000391,0
2536110,0.0075000000000159,0
2536140,0.0230000000000018,0
2536170,0.0329999999999699,0
2536200,0.0185000000000286,0
2536230,0.0079999999999813,0
2536260,0.010499999999979,0
2536290,0.0165000000000077,0
2536320,0.0205000000000154,0
2536350,0.0095000000000368,0
2536380,0.0144999999999754,0
2536410,0.0099999999999909,0
2536440,0.0240000000000009,0
2536470,0.0239999999999668,0
2536500,0.0345000000000141,0
2536530,0.0209999999999922,0
2536560,0.0180000000000063,0
2536590,0.01550000000002,0
2536620,0.0194999999999936,0
2536650,0.0120000000000118,0
2536680,0.0140000000000327,0
2536710,0.01400000000001,0
2536740,0.022500000000025,0
2536770,0.0100000000000136,0
2536800,0.0310000000000059,0
2536830,0.0104999999999904,0
2536860,0.0299999999999954,0
2536890,0.0210000000000036,0
2536920,0.0174999999999727,0
2536950,0.0139999999999986,0
2536980,0.0130000000000336,0
2537010,0.0154999999999745,0
2537040,0.0050000000000068,0
2537070,0.0069999999999822,0
2537100,0.0060000000000059,0
2537130,0.0065000000000054,0
2537160,0.0044999999999731,0
2537190,0.004000000000019,0
2537220,0.0044999999999618,0
2537250,0.0055000000000063,0
2537280,0.0054999999999722,0
2537310,0.0050000000000409,0
2537340,0.0039999999999963,0
2537370,0.0074999999999931,0
2537400,0.0029999999999972,0
2537430,0.0045000000000186,0
2537460,0.0064999999999827,0
2537490,0.0109999999999899,0
2537520,0.0079999999999813,0
2537550,0.0040000000000304,0
2537580,0.0029999999999972,0
2537610,0.0054999999999836,0
2537640,0.0059999999999945,0
2537670,0.0075000000000613,0
2537700,0.0215000000000031,0
2537730,0.0069999999999708,0
2537760,0.007000000000005,0
2537790,0.0055000000000063,0
2537820,0.0034999999999854,0
2537850,0.0060000000000172,0
2537880,0.0050000000000068,0
2537910,0.0054999999999836,0
2537940,0.0055000000000291,0
2537970,0.0089999999999918,0
2538000,0.0045000000000072,0
2538030,0.0054999999999949,0
2538060,0.00600000000004,0
2538090,0.0084999999999922,0
2538120,0.0024999999999863,0
2538150,0.0075000000000272,0
2538180,0.0044999999999959,0
2538210,0.0065000000000395,0
2538240,0.0049999999999954,0
2538270,0.017499999999984,0
2538300,0.0040000000000077,0
2538330,0.0060000000000172,0
2538360,0.0049999999999954,0
2538390,0.0070000000000163,0
2538420,0.0039999999999849,0
2538450,0.0064999999999713,0
2538480,0.0049999999999954,0
2538510,0.0050000000000181,0
2538540,0.0034999999999968,0
2538570,0.0069999999999936,0
2538600,0.0054999999999949,0
2538630,0.0090000000000031,0
2538660,0.0045000000000072,0
2538690,0.0095000000000027,0
2538720,0.0049999999999954,0
2538750,0.0065000000000281,0
2538780,0.0039999999999963,0
2538810,0.0079999999999813,0
2538840,0.0159999999999854,0
2538870,0.0080000000000268,0
2538900,0.0050000000000068,0
2538930,0.0059999999999945,0
2538960,0.0045000000000186,0
2538990,0.0125,0
2539020,0.0090000000000145,0
2539050,0.0144999999999981,0
2539080,0.004999999999984,0
2539110,0.0065000000000281,0
2539140,0.0050000000000295,0
2539170,0.0065000000000168,0
2539200,0.0055000000000063,0
2539230,0.0064999999999827,0
2539260,0.0054999999999949,0
2539290,0.0099999999999909,0
2539320,0.004999999999984,0
2539350,0.0074999999999704,0
2539380,0.0059999999999831,0
2539410,0.0069999999999936,0
2539440,0.0039999999999963,0
2539470,0.0070000000000163,0
2539500,0.0054999999999949,0
2539530,0.007000000000005,0
2539560,0.0060000000000172,0
2539590,0.0059999999999831,0
2539620,0.0064999999999827,0
2539650,0.0259999999999877,0
2539680,0.0049999999999954,0
2539710,0.0045000000000072,0
2539740,0.0060000000000172,0
2539770,0.006499999999994,0
2539800,0.0050000000000181,0
2539830,0.0065000000000281,0
2539860,0.0024999999999863,0
2539890,0.0090000000000145,0
2539920,0.0044999999999845,0
2539950,0.0064999999999827,0
2539980,0.0075000000000159,0
2540010,0.0054999999999949,0
2540040,0.0059999999999831,0
2540070,0.0059999999999831,0
2540100,0.0054999999999836,0
2540130,0.006499999999994,0
2540160,0.0060000000000059,0
2540190,0.0065000000000054,0
2540220,0.0055000000000063,0
2540250,0.0054999999999949,0
2540280,0.00600000000004,0
2540310,0.0064999999999827,0
2540340,0.0065000000000281,0
2540370,0.0050000000000409,0
2540400,0.0044999999999845,0
2540430,0.0060000000000172,0
2540460,0.0224999999999909,0
2540490,0.0115000000000122,0
2540520,0.0079999999999813,0
2540550,0.0079999999999927,0
2540580,0.0054999999999608,0
2540610,0.0065000000000054,0
2540640,0.0085000000000036,0
2540670,0.0085000000000036,0
2540700,0.0045000000000072,0
2540730,0.0080000000000154,0
2540760,0.0055000000000063,0
2540790,0.0090000000000259,0
2540820,0.0054999999999949,0
2540850,0.0074999999999931,0
2540880,0.0044999999999731,0
2540910,0.0064999999999827,0
2540940,0.0064999999999827,0
2540970,0.0075000000000045,0
2541000,0.0059999999999718,0
2541030,0.0070000000000391,0
2541060,0.0034999999999968,0
2541090,0.0089999999999804,0
2541120,0.0055000000000177,0
2541150,0.0059999999999945,0
2541180,0.004000000000019,0
2541210,0.0084999999999809,0
2541240,0.004999999999984,0
2541270,0.007000000000005,0
2541300,0.0034999999999968,0
2541330,0.0044999999999845,0
2541360,0.002500000000009,0
2541390,0.0055000000000063,0
2541420,0.0075000000000045,0
2541450,0.0084999999999809,0
2541480,0.0065000000000281,0
2541510,0.0064999999999713,0
2541540,0.0059999999999831,0
2541570,0.0064999999999713,0
2541600,0.0055000000000063,0
2541630,0.0085000000000491,0
2541660,0.0060000000000172,0
2541690,0.0089999999999918,0
2541720,0.0049999999999727,0
2541750,0.0044999999999731,0
2541780,0.0035000000000081,0
2541810,0.0069999999999822,0
2541840,0.0065000000000281,0
2541870,0.0065000000000054,0
2541900,0.007000000000005,0
2541930,0.0084999999999581,0
2541960,0.0060000000000172,0
2541990,0.0055000000000291,0
2542020,0.0059999999999945,0
2542050,0.0075000000000159,0
2542080,0.0040000000000077,0
2542110,0.0054999999999949,0
2542140,0.0045000000000072,0
2542170,0.0060000000000172,0
2542200,0.0054999999999722,0
2542230,0.0049999999999954,0
2542260,0.0069999999999936,0
2542290,0.0090000000000259,0
2542320,0.00600000000004,0
2542350,0.0049999999999954,0
2542380,0.0054999999999949,0
2542410,0.0075000000000045,0
2542440,0.0055000000000063,0
2542470,0.0059999999999831,0
2542500,0.0055000000000063,0
2542530,0.0074999999999931,0
2542560,0.0050000000000181,0
2542590,0.0049999999999954,0
2542620,0.0060000000000059,0
2542650,0.0050000000000181,0
2542680,0.0049999999999954,0
2542710,0.006499999999994,0
2542740,0.0044999999999845,0
2542770,0.0050000000000295,0
2542800,0.0044999999999845,0
2542830,0.007000000000005,0
2542860,0.0055000000000063,0
2542890,0.0074999999999818,0
2542920,0.0044999999999845,0
2542950,0.0075000000000272,0
2542980,0.004999999999984,0
2543010,0.0075000000000272,0
2543040,0.0049999999999954,0
2543070,0.0045000000000072,0
2543100,0.0035000000000081,0
2543130,0.0074999999999704,0
2543160,0.0045000000000072,0
2543190,0.0055000000000291,0
2543220,0.0034999999999968,0
2543250,0.0075000000000159,0
2543280,0.0049999999999727,0
2543310,0.0059999999999718,0
2543340,0.009500000000014,0
2543370,0.0149999999999863,0
2543400,0.0049999999999954,0
2543430,0.0175000000000181,0
2543460,0.0049999999999954,0
2543490,0.0079999999999813,0
2543520,0.0059999999999831,0
2543550,0.006499999999994,0
2543580,0.0060000000000059,0
2543610,0.0075000000000045,0
2543640,0.00450000000003,0
2543670,0.0045000000000072,0
2543700,0.0065000000000054,0
2543730,0.0064999999999827,0
2543760,0.0059999999999945,0
2543790,0.0039999999999736,0
2543820,0.006499999999994,0
2543850,0.0049999999999613,0
2543880,0.0054999999999949,0
2543910,0.0044999999999959,0
2543940,0.0039999999999849,0
2543970,0.0090000000000031,0
2544000,0.0059999999999945,0
2544030,0.0045000000000072,0
2544060,0.007000000000005,0
2544090,0.008000000000004,0
2544120,0.0059999999999831,0
2544150,0.0079999999999927,0
2544180,0.0049999999999727,0
2544210,0.0069999999999822,0
2544240,0.0044999999999959,0
2544270,0.0049999999999954,0
2544300,0.004999999999984,0
2544330,0.0085000000000036,0
2544360,0.0034999999999968,0
2544390,0.0064999999999713,0
2544420,0.0035000000000081,0
2544450,0.0090000000000372,0
2544480,0.004999999999984,0
2544510,0.0059999999999831,0
2544540,0.0049999999999954,0
2544570,0.0075000000000159,0
2544600,0.006499999999994,0
2544630,0.0050000000000068,0
2544660,0.0044999999999959,0
2544690,0.0084999999999809,0
2544720,0.0060000000000059,0
2544750,0.0065000000000168,0
2544780,0.0055000000000177,0
2544810,0.0054999999999836,0
2544840,0.0029999999999972,0
2544870,0.0059999999999831,0
2544900,0.0044999999999731,0
2544930,0.0059999999999831,0
2544960,0.0039999999999963,0
2544990,0.006499999999994,0
2545020,0.0044999999999845,0
2545050,0.0080000000000609,0
2545080,0.004999999999984,0
2545110,0.0054999999999836,0
2545140,0.0069999999999936,0
2545170,0.0059999999999945,0
2545200,0.0055000000000063,0
2545230,0.0059999999999945,0
2545260,0.0059999999999945,0
2545290,0.0084999999999809,0
2545320,0.0049999999999727,0
2545350,0.0069999999999708,0
2545380,0.0059999999999718,0
2545410,0.0045000000000186,0
2545440,0.0065000000000054,0
2545470,0.006499999999994,0
2545500,0.0060000000000059,0
2545530,0.0069999999999822,0
2545560,0.0039999999999849,0
2545590,0.0064999999999827,0
2545620,0.0055000000000291,0
2545650,0.0085000000000263,0
2545680,0.0055000000000063,0
2545710,0.0075000000000159,0
2545740,0.0069999999999708,0
2545770,0.008500000000015,0
2545800,0.0050000000000295,0
2545830,0.007499999999959,0
2545860,0.0075000000000045,0
2545890,0.0105000000000131,0
2545920,0.0069999999999936,0
2545950,0.0079999999999927,0
2545980,0.0055000000000063,0
2546010,0.0085000000000036,0
2546040,0.0050000000000068,0
2546070,0.0070000000000163,0
2546100,0.006499999999994,0
2546130,0.0075000000000159,0
2546160,0.0054999999999836,0
2546190,0.0235000000000127,0
2546220,0.0074999999999931,0
2546250,0.0089999999999918,0
2546280,0.0069999999999822,0
2546310,0.008500000000015,0
2546340,0.0049999999999954,0
2546370,0.0080000000000154,0
2546400,0.0064999999999827,0
2546430,0.006499999999994,0
2546460,0.0060000000000172,0
2546490,0.0099999999999795,0
2546520,0.006499999999994,0
2546550,0.0089999999999918,0
2546580,0.0075000000000045,0
2546610,0.0069999999999936,0
2546640,0.0054999999999836,0
2546670,0.0065000000000054,0
2546700,0.008000000000004,0
2546730,0.0075000000000045,0
2546760,0.0055000000000063,0
2546790,0.0074999999999931,0
2546820,0.0080000000000154,0
2546850,0.0069999999999936,0
2546880,0.0050000000000181,0
2546910,0.005999999999949,0
2546940,0.0060000000000172,0
2546970,0.0079999999999813,0
2547000,0.0034999999999854,0
2547030,0.0059999999999945,0
2547060,0.0075000000000159,0
2547090,0.0100000000000136,0
2547120,0.0049999999999954,0
2547150,0.0075000000000159,0
2547180,0.0059999999999718,0
2547210,0.0099999999999909,0
2547240,0.006499999999994,0
2547270,0.0054999999999836,0
2547300,0.0065000000000168,0
2547330,0.0164999999999963,0
2547360,0.0115000000000122,0
2547390,0.0065000000000168,0
2547420,0.005999999999949,0
2547450,0.0085000000000036,0
2547480,0.006499999999994,0
2547510,0.0070000000000277,0
2547540,0.0050000000000068,0
2547570,0.004999999999984,0
2547600,0.0239999999999781,0
2547630,0.0075000000000045,0
2547660,0.0049999999999954,0
2547690,0.0085000000000036,0
2547720,0.0054999999999836,0
2547750,0.007000000000005,0
2547780,0.0039999999999849,0
2547810,0.0065000000000395,0
2547840,0.0069999999999822,0
2547870,0.0075000000000045,0
2547900,0.0084999999999809,0
2547930,0.0085000000000036,0
2547960,0.0054999999999836,0
2547990,0.008000000000004,0
2548020,0.007000000000005,0
2548050,0.0084999999999922,0
2548080,0.0065000000000054,0
2548110,0.0069999999999822,0
2548140,0.0064999999999713,0
2548170,0.0085000000000263,0
2548200,0.0054999999999949,0
2548230,0.0074999999999818,0
2548260,0.009500000000014,0
2548290,0.0104999999999904,0
2548320,0.007000000000005,0
2548350,0.0090000000000031,0
2548380,0.0134999999999877,0
2548410,0.0220000000000482,0
2548440,0.0240000000000122,0
2548470,0.0180000000000063,0
2548500,0.0200000000000159,0
2548530,0.0115000000000009,0
2548560,0.0179999999999722,0
2548590,0.0069999999999708,0
2548620,0.0065000000000168,0
2548650,0.0075000000000045,0
2548680,0.0084999999999922,0
2548710,0.0055000000000063,0
2548740,0.0074999999999931,0
2548770,0.0080000000000268,0
2548800,0.0060000000000172,0
2548830,0.0044999999999959,0
2548860,0.0075000000000159,0
2548890,0.0100000000000022,0
2548920,0.006499999999994,0
2548950,0.0065000000000054,0
2548980,0.006499999999994,0
2549010,0.008000000000004,0
2549040,0.0055000000000063,0
2549070,0.0054999999999836,0
2549100,0.0225000000000363,0
2549130,0.0069999999999936,0
2549160,0.0069999999999822,0
2549190,0.0055000000000063,0
2549220,0.0080000000000381,0
2549250,0.0075000000000159,0
2549280,0.002500000000009,0
2549310,0.0079999999999927,0
2549340,0.0154999999999972,0
2549370,0.0075000000000386,0
2549400,0.0054999999999949,0
2549430,0.0085000000000036,0
2549460,0.0049999999999954,0
2549490,0.0075000000000159,0
2549520,0.0044999999999845,0
2549550,0.0054999999999949,0
2549580,0.0085000000000263,0
2549610,0.0069999999999936,0
2549640,0.0079999999999927,0
2549670,0.0064999999999827,0
2549700,0.0080000000000154,0
2549730,0.0054999999999949,0
2549760,0.0034999999999968,0
2549790,0.0065000000000168,0
2549820,0.0074999999999704,0
2549850,0.0050000000000068,0
2549880,0.0055000000000291,0
2549910,0.0044999999999731,0
2549940,0.0075000000000272,0
2549970,0.0059999999999831,0
2550000,0.0034999999999854,0
2550030,0.004999999999984,0
2550060,0.0049999999999954,0
2550090,0.0065000000000168,0
2550120,0.0060000000000059,0
2550150,0.008500000000015,0
2550180,0.0059999999999831,0
2550210,0.0075000000000159,0
2550240,0.0029999999999745,0
2550270,0.0049999999999954,0
2550300,0.0055000000000063,0
2550330,0.006499999999994,0
2550360,0.004000000000019,0
2550390,0.0059999999999945,0
2550420,0.0055000000000063,0
2550450,0.0074999999999818,0
2550480,0.0050000000000181,0
2550510,0.004999999999984,0
2550540,0.0065000000000054,0
2550570,0.0059999999999831,0
2550600,0.0064999999999827,0
2550630,0.006499999999994,0
2550660,0.0069999999999822,0
2550690,0.0080000000000154,0
2550720,0.0060000000000059,0
2550750,0.0055000000000063,0
2550780,0.0049999999999954,0
2550810,0.0055000000000404,0
2550840,0.0034999999999627,0
2550870,0.0080000000000268,0
2550900,0.0029999999999859,0
2550930,0.0065000000000395,0
2550960,0.0050000000000181,0
2550990,0.0059999999999945,0
2551020,0.0029999999999859,0
2551050,0.0074999999999818,0
2551080,0.0055000000000063,0
2551110,0.0055000000000177,0
2551140,0.0044999999999845,0
2551170,0.004999999999984,0
2551200,0.0045000000000186,0
2551230,0.0075000000000045,0
2551260,0.0065000000000054,0
2551290,0.0110000000000468,0
2551320,0.0050000000000295,0
2551350,0.0059999999999945,0
2551380,0.0054999999999836,0
2551410,0.0059999999999945,0
2551440,0.0055000000000404,0
2551470,0.0069999999999822,0
2551500,0.0080000000000154,0
2551530,0.0080000000000268,0
2551560,0.0044999999999845,0
2551590,0.00450000000003,0
2551620,0.0065000000000054,0
2551650,0.0069999999999936,0
2551680,0.0065000000000281,0
2551710,0.0050000000000068,0
2551740,0.0055000000000063,0
2551770,0.0059999999999945,0
2551800,0.0045000000000072,0
2551830,0.0044999999999959,0
2551860,0.0055000000000063,0
2551890,0.008000000000004,0
2551920,0.004000000000019,0
2551950,0.0039999999999963,0
2551980,0.0065000000000168,0
2552010,0.0074999999999818,0
2552040,0.0044999999999959,0
2552070,0.0045000000000072,0
2552100,0.0039999999999849,0
2552130,0.006499999999994,0
2552160,0.0039999999999963,0
2552190,0.0064999999999827,0
2552220,0.0044999999999959,0
2552250,0.0050000000000068,0
2552280,0.0034999999999854,0
2552310,0.0044999999999845,0
2552340,0.0035000000000309,0
2552370,0.0045000000000186,0
2552400,0.0060000000000172,0
2552430,0.0035000000000081,0
2552460,0.0039999999999963,0
2552490,0.0095000000000027,0
2552520,0.0044999999999959,0
2552550,0.00300000000002,0
2552580,0.0060000000000059,0
2552610,0.004999999999984,0
2552640,0.003499999999974,0
2552670,0.004999999999984,0
2552700,0.0134999999999877,0
2552730,0.0065000000000168,0
2552760,0.0039999999999963,0
2552790,0.0054999999999949,0
2552820,0.004999999999984,0
2552850,0.0059999999999945,0
2552880,0.0024999999999977,0
2552910,0.0054999999999836,0
2552940,0.0049999999999954,0
2552970,0.0065000000000054,0
2553000,0.0050000000000181,0
2553030,0.0040000000000077,0
2553060,0.0055000000000291,0
2553090,0.0084999999999809,0
2553120,0.0044999999999959,0
2553150,0.0050000000000295,0
2553180,0.0034999999999968,0
2553210,0.0074999999999931,0
2553240,0.00450000000003,0
2553270,0.0044999999999731,0
2553300,0.0029999999999972,0
2553330,0.0055000000000063,0
2553360,0.0045000000000072,0
2553390,0.0054999999999836,0
2553420,0.004000000000019,0
2553450,0.0079999999999699,0
2553480,0.0035000000000081,0
2553510,0.0049999999999954,0
2553540,0.0059999999999945,0
2553570,0.0090000000000259,0
2553600,0.0034999999999968,0
2553630,0.0055000000000063,0
2553660,0.0069999999999708,0
2553690,0.0095000000000027,0
2553720,0.0060000000000059,0
2553750,0.0045000000000072,0
2553780,0.0054999999999722,0
2553810,0.0050000000000181,0
2553840,0.0065000000000054,0
2553870,0.0054999999999949,0
2553900,0.0055000000000063,0
2553930,0.0064999999999827,0
2553960,0.0044999999999731,0
2553990,0.0075000000000272,0
2554020,0.0045000000000072,0
2554050,0.0075000000000159,0
2554080,0.0054999999999836,0
2554110,0.0065000000000168,0
2554140,0.0060000000000172,0
2554170,0.0055000000000063,0
2554200,0.0074999999999818,0
2554230,0.0060000000000172,0
2554260,0.0054999999999836,0
2554290,0.0084999999999922,0
2554320,0.0065000000000281,0
2554350,0.0059999999999831,0
2554380,0.0055000000000063,0
2554410,0.0060000000000172,0
2554440,0.0064999999999827,0
2554470,0.0045000000000186,0
2554500,0.0069999999999936,0
2554530,0.0044999999999959,0
2554560,0.0054999999999836,0
2554590,0.0055000000000177,0
2554620,0.0065000000000054,0
2554650,0.0055000000000063,0
2554680,0.0070000000000163,0
2554710,0.004999999999984,0
2554740,0.0070000000000163,0
2554770,0.0055000000000063,0
2554800,0.0044999999999731,0
2554830,0.0065000000000281,0
2554860,0.0069999999999822,0
2554890,0.0090000000000259,0
2554920,0.0075000000000159,0
2554950,0.0054999999999836,0
2554980,0.0039999999999736,0
2555010,0.0054999999999836,0
2555040,0.0055000000000177,0
2555070,0.0054999999999836,0
2555100,0.0135000000000104,0
2555130,0.0125000000000227,0
2555160,0.0060000000000059,0
2555190,0.008000000000004,0
2555220,0.0139999999999986,0
2555250,0.0069999999999936,0
2555280,0.0059999999999831,0
2555310,0.0060000000000286,0
2555340,0.007000000000005,0
2555370,0.0055000000000291,0
2555400,0.0054999999999836,0
2555430,0.0055000000000063,0
2555460,0.0069999999999822,0
2555490,0.0075000000000045,0
2555520,0.0074999999999931,0
2555550,0.0065000000000054,0
2555580,0.0074999999999931,0
2555610,0.0074999999999818,0
2555640,0.0065000000000054,0
2555670,0.0055000000000177,0
2555700,0.0064999999999713,0
2555730,0.0064999999999713,0
2555760,0.0060000000000059,0
2555790,0.0040000000000077,0
2555820,0.008000000000004,0
2555850,0.0059999999999831,0
2555880,0.0054999999999949,0
2555910,0.0054999999999836,0
2555940,0.0054999999999836,0
2555970,0.0040000000000077,0
2556000,0.0060000000000059,0
2556030,0.0055000000000177,0
2556060,0.0059999999999831,0
2556090,0.0095000000000027,0
2556120,0.0060000000000172,0
2556150,0.0044999999999845,0
2556180,0.0065000000000281,0
2556210,0.0059999999999945,0
2556240,0.0079999999999927,0
2556270,0.0054999999999836,0
2556300,0.0049999999999954,0
2556330,0.0055000000000063,0
2556360,0.0050000000000181,0
2556390,0.0069999999999936,0
2556420,0.0055000000000063,0
2556450,0.0049999999999613,0
2556480,0.0054999999999949,0
2556510,0.004000000000019,0
2556540,0.0064999999999827,0
2556570,0.0064999999999827,0
2556600,0.0039999999999849,0
2556630,0.0065000000000281,0
2556660,0.0060000000000059,0
2556690,0.0095000000000482,0
2556720,0.0059999999999945,0
2556750,0.0055000000000063,0
2556780,0.0059999999999945,0
2556810,0.0044999999999845,0
2556840,0.0044999999999845,0
2556870,0.006499999999994,0
2556900,0.0059999999999945,0
2556930,0.0039999999999849,0
2556960,0.0055000000000063,0
2556990,0.0149999999999749,0
2557020,0.0145000000000095,0
2557050,0.006500975146266,0
2557080,0.0054999999999949,0
2557110,0.0045000000000072,0
2557140,0.0050000000000295,0
2557170,0.0075000000000045,0
2557200,0.0049999999999954,0
2557230,0.007000000000005,0
2557260,0.0079999999999813,0
2557290,0.0095000000000027,0
2557320,0.0060000000000172,0
2557350,0.0050000000000068,0
2557380,0.006499999999994,0
2557410,0.0064999999999713,0
2557440,0.0070000000000277,0
2557470,0.0060000000000059,0
2557500,0.007000000000005,0
2557530,0.006499999999994,0
2557560,0.0059999999999945,0
2557590,0.0069999999999936,0
2557620,0.0070000000000277,0
2557650,0.0064999999999827,0
2557680,0.0054999999999836,0
2557710,0.0059999999999831,0
2557740,0.0054999999999836,0
2557770,0.0055000000000177,0
2557800,0.0049999999999727,0
2557830,0.0050000000000068,0
2557860,0.0039999999999849,0
2557890,0.0095000000000027,0
2557920,0.0044999999999845,0
2557950,0.0054999999999722,0
2557980,0.0054999999999836,0
2558010,0.0030000000000313,0
2558040,0.0040000000000077,0
2558070,0.0069999999999936,0
2558100,0.0060000000000059,0
2558130,0.0064983754061652,0
2558160,0.0060000000000059,0
2558190,0.0059999999999831,0
2558220,0.0055000000000063,0
2558250,0.0050000000000068,0
2558280,0.0050000000000068,0
2558310,0.0044999999999959,0
2558340,0.0059999999999945,0
2558370,0.0065000000000395,0
2558400,0.0044999999999845,0
2558430,0.0059999999999945,0
2558460,0.0065000000000281,0
2558490,0.008000000000004,0
2558520,0.0040000000000077,0
2558550,0.0045000000000072,0
2558580,0.0055000000000063,0
2558610,0.0044999999999959,0
2558640,0.0054999999999949,0
2558670,0.0025000000000204,0
2558700,0.0029999999999972,0
2558730,0.0030000000000313,0
2558760,0.004999999999984,0
2558790,0.0069999999999708,0
2558820,0.0035000000000195,0
2558850,0.0074999999999818,0
2558880,0.0060000000000172,0
2558910,0.0039999999999849,0
2558940,0.0050000000000295,0
2558970,0.0045000000000072,0
2559000,0.004999999999984,0
2559030,0.0119999999999777,0
2559060,0.0164999999999963,0
2559090,0.0054999999999722,0
2559120,0.0039999999999963,0
2559150,0.0060000000000059,0
2559180,0.0059999999999831,0
2559210,0.0039999999999963,0
2559240,0.0034999999999968,0
2559270,0.0034999999999854,0
2559300,0.0035000000000081,0
2559330,0.0050000000000068,0
2559360,0.0070000000000163,0
2559390,0.0050000000000181,0
2559420,0.0050000000000181,0
2559450,0.0064999999999713,0
2559480,0.0040000000000077,0
2559510,0.0029999999999972,0
2559540,0.0035000000000195,0
2559570,0.0024999999999863,0
2559600,0.0045000000000186,0
2559630,0.002500000000009,0
2559660,0.0039999999999849,0
2559690,0.0055000000000177,0
2559720,0.0040000000000077,0
2559750,0.0074999999999818,0
2559780,0.0044999999999845,0
2559810,0.0075000000000272,0
2559840,0.0054999999999949,0
2559870,0.0055000000000177,0
2559900,0.0055000000000177,0
2559930,0.0059999999999718,0
2559960,0.0049999999999954,0
2559990,0.0045000000000072,0
2560020,0.0039999999999736,0
2560050,0.0034999999999968,0
2560080,0.0045000000000186,0
2560110,0.0045000000000186,0
2560140,0.0050000000000068,0
2560170,0.0039999999999963,0
2560200,0.00300000000002,0
2560230,0.0054999999999949,0
2560260,0.0039999999999963,0
2560290,0.008000000000004,0
2560320,0.0034999999999968,0
2560350,0.0035000000000195,0
2560380,0.0059999999999718,0
2560410,0.0040000000000077,0
2560440,0.0049999999999954,0
2560470,0.0049999999999954,0
2560500,0.0040000000000077,0
2560530,0.0035000000000081,0
2560560,0.0039999999999963,0
2560590,0.0044999999999731,0
2560620,0.0039999999999963,0
2560650,0.0054999999999949,0
2560680,0.0035000000000081,0
2560710,0.0034999999999627,0
2560740,0.0034999999999968,0
2560770,0.0019999999999868,0
2560800,0.0039999999999849,0
2560830,0.0049999999999954,0
2560860,0.0029999999999972,0
2560890,0.0059999999999831,0
2560920,0.0059999999999945,0
2560950,0.004000000000019,0
2560980,0.0039999999999963,0
2561010,0.0014999999999872,0
2561040,0.0029999999999972,0
2561070,0.00300000000002,0
2561100,0.0049999999999613,0
2561130,0.0040000000000077,0
2561160,0.0045000000000072,0
2561190,0.002500000000009,0
2561220,0.0054999999999836,0
2561250,0.002500000000009,0
2561280,0.004000000000019,0
2561310,0.0035000000000081,0
2561340,0.0029999999999972,0
2561370,0.0034999999999854,0
2561400,0.0039999999999963,0
2561430,0.0045000000000186,0
2561460,0.0029999999999972,0
2561490,0.0059999999999945,0
2561520,0.0039999999999849,0
2561550,0.0040000000000077,0
2561580,0.0040000000000304,0
2561610,0.0019999999999981,0
2561640,0.0030000000000427,0
2561670,0.0035000000000195,0
2561700,0.0045000000000072,0
2561730,0.0034999999999854,0
2561760,0.004999999999984,0
2561790,0.0029999999999972,0
2561820,0.0014988009592426,0
2561850,0.0059999999999945,0
2561880,0.0034999999999854,0
2561910,0.0039999999999963,0
2561940,0.0035000000000195,0
2561970,0.0144999999999868,0
2562000,0.0040000000000077,0
2562030,0.0049999999999954,0
2562060,0.0044999999999731,0
2562090,0.0075000000000159,0
2562120,0.0044999999999845,0
2562150,0.00450000000003,0
2562180,0.0070000000000163,0
2562210,0.0044999999999731,0
2562240,0.0044999999999731,0
2562270,0.0050000000000181,0
2562300,0.0049999999999954,0
2562330,0.0044999999999845,0
2562360,0.00300000000002,0
2562390,0.004999999999984,0
2562420,0.0060000000000059,0
2562450,0.0055000000000063,0
2562480,0.0059999999999831,0
2562510,0.0060000000000059,0
2562540,0.0059999999999718,0
2562570,0.0039999999999963,0
2562600,0.0065000000000281,0
2562630,0.0049999999999954,0
2562660,0.004999999999984,0
2562690,0.0084999999999922,0
2562720,0.004999999999984,0
2562750,0.0049999999999954,0
2562780,0.0039999999999849,0
2562810,0.0035000000000195,0
2562840,0.0059999999999831,0
2562870,0.0045000000000072,0
2562900,0.0050000000000068,0
2562930,0.0050000000000068,0
2562960,0.0034999999999968,0
2562990,0.0049999999999727,0
2563020,0.0049999999999954,0
2563050,0.0055000000000177,0
2563080,0.0035000000000081,0
2563110,0.0034999999999854,0
2563140,0.0055000000000063,0
2563170,0.0054999999999949,0
2563200,0.0049999999999954,0
2563230,0.0049999999999954,0
2563260,0.0049999999999954,0
2563290,0.0084999999999809,0
2563320,0.0055000000000518,0
2563350,0.0054999999999949,0
2563380,0.0059999999999945,0
2563410,0.004999999999984,0
2563440,0.0054999999999722,0
2563470,0.0075000000000159,0
2563500,0.0049999999999954,0
2563530,0.0059999999999945,0
2563560,0.004999999999984,0
2563590,0.004000000000019,0
2563620,0.0045000000000072,0
2563650,0.0054999999999608,0
2563680,0.006499999999994,0
2563710,0.0054999999999836,0
2563740,0.0055000000000404,0
2563770,0.0055000000000177,0
2563800,0.0045000000000072,0
2563830,0.0050000000000181,0
2563860,0.0070000000000163,0
2563890,0.0074999999999818,0
2563920,0.0055000000000063,0
2563950,0.0055000000000063,0
2563980,0.0085000000000036,0
2564010,0.0059999999999945,0
2564040,0.0050000000000068,0
2564070,0.0055000000000291,0
2564100,0.0044999999999959,0
2564130,0.0045000000000186,0
2564160,0.0050000000000068,0
2564190,0.0040000000000077,0
2564220,0.0060000000000059,0
2564250,0.0060000000000059,0
2564280,0.004999999999984,0
2564310,0.0045000000000186,0
2564340,0.0069999999999595,0
2564370,0.0044999999999959,0
2564400,0.0064999999999713,0
2564430,0.0065000000000395,0
2564460,0.0050000000000181,0
2564490,0.0089999999999804,0
2564520,0.0050000000000181,0
2564550,0.0065000000000168,0
2564580,0.0035000000000195,0
2564610,0.0040000000000077,0
2564640,0.0050000000000068,0
2564670,0.0034999999999968,0
2564700,0.0055000000000063,0
2564730,0.0055000000000177,0
2564760,0.006499999999994,0
2564790,0.0034999999999854,0
2564820,0.0055000000000177,0
2564850,0.0054999999999836,0
2564880,0.0030000000000086,0
2564910,0.0039999999999963,0
2564940,0.004999999999984,0
2564970,0.0050000000000181,0
2565000,0.0059999999999945,0
2565030,0.0044999999999959,0
2565060,0.0060000000000172,0
2565090,0.0074999999999704,0
2565120,0.0054999999999949,0
2565150,0.0045000000000072,0
2565180,0.0075000000000386,0
2565210,0.0045000000000186,0
2565240,0.0054999999999836,0
2565270,0.0055000000000291,0
2565300,0.0060000000000172,0
2565330,0.0040000000000418,0
2565360,0.00450000000003,0
2565390,0.0044999999999845,0
2565420,0.0059999999999831,0
2565450,0.0054999999999949,0
2565480,0.004999999999984,0
2565510,0.0060000000000172,0
2565540,0.0040000000000077,0
2565570,0.0050000000000068,0
2565600,0.0055000000000063,0
2565630,0.0059999999999945,0
2565660,0.0065000000000281,0
2565690,0.0069999999999822,0
2565720,0.0044999999999618,0
2565750,0.0049999999999954,0
2565780,0.0035000000000081,0
2565810,0.0059999999999831,0
2565840,0.0065000000000054,0
2565870,0.0055000000000063,0
2565900,0.006499999999994,0
2565930,0.0044999999999959,0
2565960,0.0054999999999608,0
2565990,0.0035000000000081,0
2566020,0.0059999999999831,0
2566050,0.0034999999999854,0
2566080,0.0049999999999954,0
2566110,0.0050000000000068,0
2566140,0.0034999999999968,0
2566170,0.0034999999999854,0
2566200,0.0024999999999749,0
2566230,0.0029999999999745,0
2566260,0.0060000000000513,0
2566290,0.0040000000000077,0
2566320,0.0020000000000095,0
2566350,0.0034999999999854,0
2566380,0.0044999999999845,0
2566410,0.0034999999999854,0
2566440,0.0045000000000186,0
2566470,0.00450000000003,0
2566500,0.0055000000000063,0
2566530,0.002500000000009,0
2566560,0.0029999999999972,0
2566590,0.0035000000000081,0
2566620,0.0034999999999854,0
2566650,0.0044999999999845,0
2566680,0.0045000000000186,0
2566710,0.0054999999999836,0
2566740,0.0055000000000177,0
2566770,0.0039999999999963,0
2566800,0.0039999999999963,0
2566830,0.0045000000000072,0
2566860,0.0050000000000068,0
2566890,0.0065000000000054,0
2566920,0.0055000000000177,0
2566950,0.0045000000000072,0
2566980,0.0055000000000063,0
2567010,0.0044999999999731,0
2567040,0.0044999999999845,0
2567070,0.0060000000000172,0
2567100,0.0055000000000063,0
2567130,0.0044999999999845,0
2567160,0.0029999999999972,0
2567190,0.0029999999999972,0
2567220,0.0040000000000077,0
2567250,0.0029999999999859,0
2567280,0.0039999999999963,0
2567310,0.0035000000000081,0
2567340,0.0045000000000186,0
2567370,0.0064999999999827,0
2567400,0.0024999999999863,0
2567430,0.0019999999999981,0
2567460,0.0034999999999854,0
2567490,0.0075000000000159,0
2567520,0.0035000000000081,0
2567550,0.0029999999999972,0
2567580,0.0039999999999849,0
2567610,0.0029999999999631,0
2567640,0.0059999999999945,0
2567670,0.0024999999999863,0
2567700,0.0019999999999981,0
2567730,0.0059999999999945,0
2567760,0.00450000000003,0
2567790,0.0054999999999949,0
2567820,0.0039999999999963,0
2567850,0.0034999999999968,0
2567880,0.0014999999999986,0
2567910,0.0034999999999968,0
2567940,0.0029999999999859,0
2567970,0.0039999999999963,0
2568000,0.0044999999999845,0
2568030,0.0044999999999959,0
2568060,0.004000000000019,0
2568090,0.0054999999999949,0
2568120,0.004999999999984,0
2568150,0.0024999999999749,0
2568180,0.0035000000000081,0
2568210,0.0020000000000095,0
2568240,0.0030000000000086,0
2568270,0.0034999999999968,0
2568300,0.0035000000000081,0
2568330,0.0055000000000063,0
2568360,0.0030000000000086,0
2568390,0.0034999999999968,0
2568420,0.000999999999999,0
2568450,0.0019999999999981,0
2568480,0.0029999999999972,0
2568510,0.003499999999974,0
2568540,0.0050000000000409,0
2568570,0.004000000000019,0
2568600,0.0044999999999504,0
2568630,0.0024999999999863,0
2568660,0.0039999999999849,0
2568690,0.0064999999999827,0
2568720,0.0049999999999954,0
2568750,0.0049999999999954,0
2568780,0.0050000000000068,0
2568810,0.0040000000000077,0
2568840,0.0054999999999949,0
2568870,0.0020000000000095,0
2568900,0.0054999999999836,0
2568930,0.004000000000019,0
2568960,0.0045000000000186,0
2568990,0.0055000000000177,0
2569020,0.0064999999999599,0
2569050,0.0034999999999968,0
2569080,0.0044999999999959,0
2569110,0.0039999999999963,0
2569140,0.0029999999999972,0
2569170,0.004000000000019,0
2569200,0.0050000000000181,0
2569230,0.0029999999999972,0
2569260,0.0050000000000068,0
2569290,0.0064999999999827,0
2569320,0.0060000000000059,0
2569350,0.0040000000000077,0
2569380,0.0049999999999954,0
2569410,0.0029999999999972,0
2569440,0.0054999999999949,0
2569470,0.0029999999999972,0
2569500,0.0050000000000068,0
2569530,0.0045000000000072,0
2569560,0.0059999999999945,0
2569590,0.0044999999999959,0
2569620,0.0055000000000063,0
2569650,0.0034999999999854,0
2569680,0.0050000000000068,0
2569710,0.0035000000000195,0
2569740,0.004000000000019,0
2569770,0.0029999999999631,0
2569800,0.0050000000000068,0
2569830,0.0034999999999968,0
2569860,0.0044999999999959,0
2569890,0.0055000000000177,0
2569920,0.0059999999999945,0
2569950,0.0035000000000195,0
2569980,0.0029999999999859,0
2570010,0.0039999999999963,0
2570040,0.0030000000000086,0
2570070,0.0040000000000077,0
2570100,0.00300000000002,0
2570130,0.0055000000000063,0
2570160,0.0069999999999822,0
2570190,0.0034999999999854,0
2570220,0.0059999999999945,0
2570250,0.0035000000000081,0
2570280,0.0049999999999954,0
2570310,0.0050000000000181,0
2570340,0.0040000000000304,0
2570370,0.0040000000000077,0
2570400,0.0070000000000163,0
2570430,0.0034999999999854,0
2570460,0.004000000000019,0
2570490,0.006499999999994,0
2570520,0.0070000000000163,0
2570550,0.0039999999999963,0
2570580,0.0064999999999827,0
2570610,0.007000000000005,0
2570640,0.0075000000000159,0
2570670,0.0035000000000081,0
2570700,0.0059999999999604,0
2570730,0.0029999999999859,0
2570760,0.008500000000015,0
2570790,0.0039999999999963,0
2570820,0.0069999999999936,0
2570850,0.0045000000000072,0
2570880,0.0069999999999936,0
2570910,0.0049999999999954,0
2570940,0.0065000000000054,0
2570970,0.0050000000000068,0
2571000,0.0084999999999695,0
2571030,0.0059999999999718,0
2571060,0.0054999999999949,0
2571090,0.0059999999999831,0
2571120,0.0075000000000159,0
2571150,0.0049999999999954,0
2571180,0.0065000000000054,0
2571210,0.00600000000004,0
2571240,0.0094999999999913,0
2571270,0.004999999999984,0
2571300,0.004999999999984,0
2571330,0.0055000000000063,0
2571360,0.0074999999999931,0
2571390,0.0064999999999599,0
2571420,0.0064999999999827,0
2571450,0.0050000000000295,0
2571480,0.0069999999999708,0
2571510,0.0055000000000291,0
2571540,0.0069999999999822,0
2571570,0.0045000000000072,0
2571600,0.0069999999999936,0
2571630,0.0049999999999954,0
2571660,0.0065000000000168,0
2571690,0.0074999999999931,0
2571720,0.0074999999999704,0
2571750,0.0045000000000186,0
2571780,0.0050000000000181,0
2571810,0.0045000000000186,0
2571840,0.0069999999999595,0
2571870,0.0045000000000186,0
2571900,0.0045000000000186,0
2571930,0.0050000000000068,0
2571960,0.0089999999999918,0
2571990,0.0050000000000068,0
2572020,0.0040000000000304,0
2572050,0.0039999999999736,0
2572080,0.0075000000000272,0
2572110,0.0050000000000068,0
2572140,0.007000000000005,0
2572170,0.0055000000000063,0
2572200,0.0060000000000172,0
2572230,0.0054999999999608,0
2572260,0.0059999999999945,0
2572290,0.0085000000000036,0
2572320,0.0055000000000177,0
2572350,0.0045000000000072,0
2572380,0.0030000000000086,0
2572410,0.004999999999984,0
2572440,0.007000000000005,0
2572470,0.0044999999999959,0
2572500,0.0065000000000168,0
2572530,0.0034999999999854,0
2572560,0.0054999999999949,0
2572590,0.0060000000000286,0
2572620,0.0059999999999718,0
2572650,0.0034999999999968,0
2572680,0.0049999999999954,0
2572710,0.0049999999999727,0
2572740,0.0060000000000286,0
2572770,0.0055000000000063,0
2572800,0.0064999999999827,0
2572830,0.0034999999999968,0
2572860,0.0074999999999931,0
2572890,0.008000000000004,0
2572920,0.0074999999999931,0
2572950,0.0060000000000172,0
2572980,0.0050000000000181,0
2573010,0.0059999999999831,0
2573040,0.0080000000000154,0
2573070,0.0060000000000172,0
2573100,0.0049999999999954,0
2573130,0.0045000000000072,0
2573160,0.0074999999999704,0
2573190,0.0050000000000295,0
2573220,0.0054999999999836,0
2573250,0.0054999999999949,0
2573280,0.0065000000000509,0
2573310,0.0045000000000072,0
2573340,0.0060000000000059,0
2573370,0.0035000000000195,0
2573400,0.0049999999999954,0
2573430,0.0034999999999854,0
2573460,0.0049999999999727,0
2573490,0.0090000000000145,0
2573520,0.0070000000000163,0
2573550,0.0054999999999949,0
2573580,0.0079999999999927,0
2573610,0.0039999999999736,0
2573640,0.0065000000000054,0
2573670,0.0049999999999954,0
2573700,0.0055000000000177,0
2573730,0.0040000000000077,0
2573760,0.0075000000000159,0
2573790,0.0059999999999718,0
2573820,0.0055000000000404,0
2573850,0.0055000000000177,0
2573880,0.0050000000000068,0
2573910,0.0060000000000059,0
2573940,0.0060000000000172,0
2573970,0.0045000000000072,0
2574000,0.0050000000000068,0
2574030,0.0054999999999949,0
2574060,0.004999999999984,0
2574090,0.0075000000000159,0
2574120,0.0055000000000404,0
2574150,0.0069999999999822,0
2574180,0.0065000000000281,0
2574210,0.0059999999999945,0
2574240,0.007000000000005,0
2574270,0.0054999999999836,0
2574300,0.0054999999999722,0
2574330,0.0059999999999831,0
2574360,0.0044999999999959,0
2574390,0.0039999999999963,0
2574420,0.004999999999984,0
2574450,0.0035000000000309,0
2574480,0.0049999999999954,0
2574510,0.0044999999999959,0
2574540,0.0034999999999854,0
2574570,0.006499999999994,0
2574600,0.0060000000000059,0
2574630,0.0039999999999849,0
2574660,0.0065000000000168,0
2574690,0.0074999999999818,0
2574720,0.0065000000000054,0
2574750,0.0069999999999936,0
2574780,0.0055000000000291,0
2574810,0.0045000000000186,0
2574840,0.0045000000000186,0
2574870,0.0040000000000077,0
2574900,0.004000000000019,0
2574930,0.0045000000000072,0
2574960,0.0069999999999708,0
2574990,0.0050000000000181,0
2575020,0.0044999999999959,0
2575050,0.0054999999999949,0
2575080,0.0055000000000063,0
2575110,0.0060000000000059,0
2575140,0.0050000000000068,0
2575170,0.0030000000000086,0
2575200,0.0059999999999604,0
2575230,0.0040000000000077,0
2575260,0.0064999999999827,0
2575290,0.006499999999994,0
2575320,0.0055000000000404,0
2575350,0.0060000000000059,0
2575380,0.004999999999984,0
2575410,0.002500000000009,0
2575440,0.0064999999999827,0
2575470,0.0050000000000068,0
2575500,0.0044999999999845,0
2575530,0.004999999999984,0
2575560,0.0059999999999945,0
2575590,0.0054999999999949,0
2575620,0.0040000000000304,0
2575650,0.0035000000000195,0
2575680,0.0035000000000081,0
2575710,0.0054999999999949,0
2575740,0.0040000000000077,0
2575770,0.0044999999999959,0
2575800,0.0060000000000172,0
2575830,0.0039999999999963,0
2575860,0.0044999999999731,0
2575890,0.0079999999999927,0
2575920,0.0080000000000154,0
2575950,0.0049999999999954,0
2575980,0.0035000000000195,0
2576010,0.0039999999999849,0
2576040,0.0044999999999845,0
2576070,0.004999999999984,0
2576100,0.0045000000000072,0
2576130,0.0069999999999936,0
2576160,0.0044999999999845,0
2576190,0.0044999999999845,0
2576220,0.0054999999999949,0
2576250,0.0034999999999968,0
2576280,0.1440000000000054,0
2576310,0.0029999999999972,0
2576340,0.0035000000000081,0
2576370,0.0019999999999754,0
2576400,0.0060000000000627,0
2576430,0.0050000000000068,0
2576460,0.0054999999999949,0
2576490,0.0059999999999604,0
2576520,0.0035000000000309,0
2576550,0.0035000000000081,0
2576580,0.004999999999984,0
2576610,0.0030000000000086,0
2576640,0.00600000000004,0
2576670,0.0375000000000227,0
2576700,0.0820000000000163,0
2576730,0.0029999999999859,0
2576760,0.0054999999999949,0
2576790,0.0044999999999845,0
2576820,0.0045000000000072,0
2576850,0.0040000000000304,0
2576880,0.0069999999999822,0
2576910,0.0054999999999949,0
2576940,0.0190000000000054,0
2576970,0.0255000000000222,0
2577000,0.2179999999999723,0
2577030,0.0214999999999918,0
2577060,0.0225000000000136,0
2577090,0.0215000000000031,0
2577120,0.2890000000000214,0
2577150,0.1865000000000236,0
2577180,0.4520000000000209,0
2577210,0.1715000000000031,0
2577240,0.0074999999999931,0
2577270,0.0204999999999586,0
2577300,0.0240000000000463,0
2577330,0.0220000000000254,0
2577360,0.0065000000000054,0
2577390,0.0039999999999963,0
2577420,0.0079999999999927,0
2577450,0.0054999999999949,0
2577480,0.0084999999999809,0
2577510,0.0285000000000081,0
2577540,0.0265000000000213,0
2577570,0.0264999999999531,0
2577600,0.0065000000000395,0
2577630,0.0050000000000068,0
2577660,0.0084999999999809,0
2577690,0.0095000000000254,0
2577720,0.010000000000025,0
2577750,0.0274999999999863,0
2577780,0.0245000000000231,0
2577810,0.0245000000000004,0
2577840,0.0075000000000272,0
2577870,0.0014999999999986,0
2577900,0.0065000000000054,0
2577930,0.00600000000004,0
2577960,0.0094999999999799,0
2577990,0.0240000000000122,0
2578020,0.0205000000000382,0
2578050,0.0225000000000022,0
2578080,0.0085000000000036,0
2578110,0.0065000000000168,0
2578140,0.0075000000000272,0
2578170,0.0060000000000172,0
2578200,0.0060000000000172,0
2578230,0.0104999999999904,0
2578260,0.0259999999999877,0
2578290,0.0240000000000236,0
2578320,0.0079999999999813,0
2578350,0.0060000000000059,0
2578380,0.0090000000000145,0
2578410,0.0075000000000045,0
2578440,0.0055000000000291,0
2578470,0.0085000000000036,0
2578500,0.032000000000005,0
2578530,0.0255000000000336,0
2578560,0.0179999999999836,0
2578590,0.0100000000000136,0
2578620,0.0109999999999786,0
2578650,0.0095000000000027,0
2578680,0.0094999999999913,0
2578710,0.0074999999999931,0
2578740,0.0410000000000195,0
2578770,0.0275000000000091,0
2578800,0.0204999999999927,0
2578830,0.0070000000000504,0
2578860,0.0079999999999927,0
2578890,0.0115000000000122,0
2578920,0.0089999999999918,0
2578950,0.0090000000000031,0
2578980,0.0385000000000331,0
2579010,0.0250000000000454,0
2579040,0.0219999999999799,0
2579070,0.009500000000014,0
2579100,0.0120000000000118,0
2579130,0.0100000000000136,0
2579160,0.0079999999999927,0
2579190,0.0099999999999795,0
2579220,0.0185000000000286,0
2579250,0.0284999999999968,0
2579280,0.0270000000000209,0
2579310,0.0084999999999809,0
2579340,0.0079999999999927,0
2579370,0.008000000000004,0
2579400,0.0100000000000477,0
2579430,0.0109999999999558,0
2579460,0.0139999999999872,0
2579490,0.04050000000002,0
2579520,0.0295000000000186,0
2579550,0.0100000000000136,0
2579580,0.0130000000000109,0
2579610,0.0114999999999895,0
2579640,0.0125000000000113,0
2579670,0.0064999999999827,0
2579700,0.0130000000000109,0
2579730,0.0514999999999872,0
2579760,0.0310000000000059,0
2579790,0.0120000000000004,0
2579820,0.0135000000000104,0
2579850,0.0135000000000218,0
2579880,0.01400000000001,0
2579910,0.0099999999999795,0
2579940,0.0129999999999995,0
2579970,0.0455000000000268,0
2580000,0.0274999999999977,0
2580030,0.0125,0
2580060,0.011999999999989,0
2580090,0.011999999999989,0
2580120,0.0120000000000118,0
2580150,0.0085000000000377,0
2580180,0.0140000000000327,0
2580210,0.0314999999999713,0
2580240,0.0300000000000068,0
2580270,0.0185000000000059,0
2580300,0.0109999999999786,0
2580330,0.0139999999999872,0
2580360,0.0075000000000159,0
2580390,0.0055000000000177,0
2580420,0.0124999999999772,0
2580450,0.0140000000000327,0
2580480,0.0400000000000091,0
2580510,0.0215000000000145,0
2580540,0.0114999999999895,0
2580570,0.0134999999999649,0
2580600,0.0135000000000445,0
2580630,0.0095000000000027,0
2580660,0.0140000000000213,0
2580690,0.0165000000000077,0
2580720,0.0594999999999686,0
2580750,0.0215000000000259,0
2580780,0.0099999999999909,0
2580810,0.0150000000000204,0
2580840,0.011999999999989,0
2580870,0.0135000000000445,0
2580900,0.0160000000000081,0
2580930,0.013499999999999,0
2580960,0.0594999999999913,0
2580990,0.0284999999999968,0
2581020,0.0069999999999822,0
2581050,0.0100000000000136,0
2581080,0.0134999999999763,0
2581110,0.0125000000000113,0
2581140,0.010499999999979,0
2581170,0.0099999999999909,0
2581200,0.0504999999999995,0
2581230,0.0349999999999909,0
2581260,0.0129999999999881,0
2581290,0.0175000000000181,0
2581320,0.0140000000000213,0
2581350,0.0130000000000109,0
2581380,0.01550000000002,0
2581410,0.0100000000000136,0
2581440,0.0284999999999968,0
2581470,0.0289999999999963,0
2581500,0.0120000000000004,0
2581530,0.0094999999999913,0
2581560,0.0175000000000181,0
2581590,0.010499999999979,0
2581620,0.0160000000000195,0
2581650,0.0044999999999959,0
2581680,0.0224999999999795,0
2581710,0.0569999999999822,0
2581740,0.0149999999999977,0
2581770,0.0164999999999849,0
2581800,0.015000000000009,0
2581830,0.0129999999999881,0
2581860,0.0110000000000127,0
2581890,0.0184999999999945,0
2581920,0.0094999999999913,0
2581950,0.0689999999999827,0
2581980,0.0154999999999859,0
2582010,0.0069999999999822,0
2582040,0.0155000000000086,0
2582070,0.0129999999999881,0
2582100,0.0110000000000241,0
2582130,0.0104999999999677,0
2582160,0.0150000000000318,0
2582190,0.0745000000000345,0
2582220,0.0214999999999918,0
2582250,0.0139999999999758,0
2582280,0.0105000000000018,0
2582310,0.0139999999999986,0
2582340,0.0159999999999627,0
2582370,0.0180000000000063,0
2582400,0.0154999999999972,0
2582430,0.0389999999999645,0
2582460,0.0250000000000341,0
2582490,0.01550000000002,0
2582520,0.0185000000000059,0
2582550,0.0135000000000104,0
2582580,0.0179999999999608,0
2582610,0.010499999999979,0
2582640,0.01400000000001,0
2582670,0.0280000000000086,0
2582700,0.0470000000000141,0
2582730,0.0129999999999768,0
2582760,0.0154999999999859,0
2582790,0.01400000000001,0
2582820,0.0154999999999972,0
2582850,0.0094999999999913,0
2582880,0.0124999999999658,0
2582910,0.0120000000000004,0
2582940,0.0774999999999977,0
2582970,0.0165000000000304,0
2583000,0.0125000000000227,0
2583030,0.0139999999999872,0
2583060,0.0159999999999968,0
2583090,0.0159999999999968,0
2583120,0.0185000000000172,0
2583150,0.0159999999999854,0
2583180,0.0934999999999945,0
2583210,0.0100000000000136,0
2583240,0.0195000000000163,0
2583270,0.0124999999999886,0
2583300,0.017999999999995,0
2583330,0.015000000000009,0
2583360,0.0185000000000286,0
2583390,0.0129999999999881,0
2583420,0.0580000000000154,0
2583450,0.01550000000002,0
2583480,0.0179999999999608,0
2583510,0.0084999999999922,0
2583540,0.0135000000000104,0
2583570,0.0084999999999695,0
2583600,0.0155000000000086,0
2583630,0.0070000000000163,0
2583660,0.0245000000000345,0
2583690,0.0199999999999931,0
2583720,0.0109999999999899,0
2583750,0.0120000000000004,0
2583780,0.0144999999999868,0
2583810,0.0110000000000241,0
2583840,0.010499999999979,0
2583870,0.0049999999999727,0
2583900,0.0120000000000345,0
2583930,0.058500000000015,0
2583960,0.0139999999999759,0
2583990,0.0125000000000227,0
2584020,0.0129999999999881,0
2584050,0.0140000000000213,0
2584080,0.0139999999999986,0
2584110,0.0150000000000204,0
2584140,0.0134999999999877,0
2584170,0.0764999999999872,0
2584200,0.0115000000000577,0
2584230,0.014499999999964,0
2584260,0.0120000000000572,0
2584290,0.0109999999999672,0
2584320,0.0175000000000068,0
2584350,0.0104999999999904,0
2584380,0.0124999999999772,0
2584410,0.0745000000000118,0
2584440,0.011999999999989,0
2584470,0.0089999999999918,0
2584500,0.0110000000000013,0
2584530,0.0115000000000122,0
2584560,0.010000000000025,0
2584590,0.0069999999999936,0
2584620,0.0125000000000113,0
2584650,0.0305000000000404,0
2584680,0.0110000000000354,0
2584710,0.0075000000000045,0
2584740,0.0184999999999718,0
2584770,0.0160000000000081,0
2584800,0.0154999999999859,0
2584830,0.0154999999999631,0
2584860,0.0125000000000113,0
2584890,0.02800000000002,0
2584920,0.0535000000000081,0
2584950,0.0145000000000095,0
2584980,0.0144999999999981,0
2585010,0.0174999999999954,0
2585040,0.01400000000001,0
2585070,0.0110000000000241,0
2585100,0.0155000000000541,0
2585130,0.0159999999999968,0
2585160,0.07950000000003,0
2585190,0.0144999999999981,0
2585220,0.0134999999999877,0
2585250,0.0165000000000077,0
2585280,0.0209999999999922,0
2585310,0.0175000000000181,0
2585340,0.0144999999999981,0
2585370,0.0099999999999909,0
2585400,0.0850000000000136,0
2585430,0.01700000000003,0
2585460,0.0110000000000013,0
2585490,0.0185000000000172,0
2585520,0.018999999999994,0
2585550,0.0120000000000231,0
2585580,0.019500000000005,0
2585610,0.0079999999999813,0
2585640,0.0515000000000213,0
2585670,0.0140000000000213,0
2585700,0.0159999999999854,0
2585730,0.0210000000000036,0
2585760,0.0194999999999936,0
2585790,0.0139999999999645,0
2585820,0.0124999999999886,0
2585850,0.0090000000000031,0
2585880,0.0269999999999981,0
2585910,0.0390000000000213,0
2585940,0.0110000000000127,0
2585970,0.0155000000000086,0
2586000,0.019500000000005,0
2586030,0.0150000000000204,0
2586060,0.0120000000000118,0
2586090,0.020500000000004,0
2586120,0.0134999999999877,0
2586150,0.0760000000000104,0
2586180,0.0179999999999836,0
2586210,0.01700000000003,0
2586240,0.0165000000000191,0
2586270,0.0185000000000172,0
2586300,0.0194999999999822,0
2586330,0.0060000000000059,0
2586360,0.0204999999999927,0
2586390,0.0914999999999963,0
2586420,0.0165000000000191,0
2586450,0.0144999999999527,0
2586480,0.0154999999999859,0
2586510,0.0125000000000113,0
2586540,0.0164999999999963,0
2586570,0.0144999999999981,0
2586600,0.0164999999999849,0
2586630,0.0585000000000263,0
2586660,0.0190000000000168,0
2586690,0.0134999999999877,0
2586720,0.0155000000000086,0
2586750,0.0185000000000059,0
2586780,0.013499999999999,0
2586810,0.019500000000005,0
2586840,0.0169999999999845,0
2586870,0.0355000000000131,0
2586900,0.02950000000003,0
2586930,0.0154999999999972,0
2586960,0.0209999999999922,0
2586990,0.0200000000000272,0
2587020,0.0189999999999827,0
2587050,0.0090000000000145,0
2587080,0.0145000000000095,0
2587110,0.0134999999999877,0
2587140,0.0720000000000254,0
2587170,0.0094999999999913,0
2587200,0.0194999999999822,0
2587230,0.0154999999999972,0
2587260,0.0144999999999868,0
2587290,0.0180000000000063,0
2587320,0.0170000000000186,0
2587350,0.0129999999999768,0
2587380,0.0739999999999668,0
2587410,0.0135000000000104,0
2587440,0.0200000000000045,0
2587470,0.0209999999999581,0
2587500,0.0205000000000382,0
2587530,0.0184999999999718,0
2587560,0.0140000000000327,0
2587590,0.0159999999999968,0
2587620,0.0734999999999786,0
2587650,0.0154999999999972,0
2587680,0.0219999999999913,0
2587710,0.0145000000000095,0
2587740,0.0249999999999886,0
2587770,0.0175000000000068,0
2587800,0.0179999999999722,0
2587830,0.0144999999999868,0
2587860,0.0379999999999881,0
2587890,0.0210000000000377,0
2587920,0.0115000000000236,0
2587950,0.0215000000000259,0
2587980,0.0164999999999963,0
2588010,0.0129999999999881,0
2588040,0.0149999999999977,0
2588070,0.0135000000000218,0
2588100,0.027500000000009,0
2588130,0.0590000000000486,0
2588160,0.0164999999999736,0
2588190,0.0160000000000081,0
2588220,0.0164999999999963,0
2588250,0.0165000000000077,0
2588280,0.0165000000000191,0
2588310,0.0109999999999899,0
2588340,0.0169999999999959,0
2588370,0.081499999999994,0
2588400,0.0149999999999863,0
2588430,0.0134999999999877,0
2588460,0.0105000000000359,0
2588490,0.0200000000000272,0
2588520,0.0199999999999931,0
2588550,0.01550000000002,0
2588580,0.0179999999999836,0
2588610,0.0850000000000136,0
2588640,0.0105000000000018,0
2588670,0.0149999999999977,0
2588700,0.0129999999999995,0
2588730,0.0179999999999836,0
2588760,0.0154999999999859,0
2588790,0.0150000000000204,0
2588820,0.0240000000000122,0
2588850,0.0640000000000441,0
2588880,0.0235000000000127,0
2588910,0.0225000000000136,0
2588940,0.0230000000000245,0
2588970,0.0180000000000063,0
2589000,0.0169999999999959,0
2589030,0.0215000000000259,0
2589060,0.0185000000000059,0
2589090,0.0484999999999899,0
2589120,0.0535000000000422,0
2589150,0.0215000000000372,0
2589180,0.021000000000015,0
2589210,0.0125000000000113,0
2589240,0.0224999999999909,0
2589270,0.0155000000000086,0
2589300,0.0154999999999631,0
2589330,0.0125000000000227,0
2589360,0.0760000000000218,0
2589390,0.0199999999999818,0
2589420,0.0150000000000204,0
2589450,0.0244999999999436,0
2589480,0.0205000000000154,0
2589510,0.0215000000000259,0
2589540,0.0199999999999818,0
2589570,0.0164999999999736,0
2589600,0.1134999999999991,0
2589630,0.017999999999995,0
2589660,0.0204999999999927,0
2589690,0.0209999999999922,0
2589720,0.0144999999999868,0
2589750,0.0184999999999945,0
2589780,0.0200000000000272,0
2589810,0.0160000000000081,0
2589840,0.0650000000000204,0
2589870,0.0209999999999809,0
2589900,0.0165000000000077,0
2589930,0.0119999999999436,0
2589960,0.0195000000000277,0
2589990,0.0125000000000227,0
2590020,0.0194999999999936,0
2590050,0.0164999999999963,0
2590080,0.043999999999994,0
2590110,0.0384999999999877,0
2590140,0.021000000000015,0
2590170,0.0120000000000231,0
2590200,0.0224999999999795,0
2590230,0.0225000000000136,0
2590260,0.018999999999994,0
2590290,0.0254999999999881,0
2590320,0.0164999999999963,0
2590350,0.0755000000000223,0
2590380,0.0219999999999913,0
2590410,0.0214999999999918,0
2590440,0.0234999999999786,0
2590470,0.0169999999999959,0
2590500,0.0154999999999745,0
2590530,0.0180000000000177,0
2590560,0.0164999999999963,0
2590590,0.1084999999999922,0
2590620,0.0179999999999722,0
2590650,0.0190000000000054,0
2590680,0.0235000000000127,0
2590710,0.0224999999999567,0
2590740,0.0185000000000172,0
2590770,0.0219999999999913,0
2590800,0.0204999999999927,0
2590830,0.0754999999999654,0
2590860,0.0170000000000072,0
2590890,0.015000000000009,0
2590920,0.0159999999999627,0
2590950,0.0204999999999927,0
2590980,0.0185000000000172,0
2591010,0.0185000000000059,0
2591040,0.0150000000000318,0
2591070,0.0430000000000177,0
2591100,0.0279999999999972,0
2591130,0.0225000000000022,0
2591160,0.0254999999999654,0
2591190,0.0145000000000095,0
2591220,0.0190000000000054,0
2591250,0.015000000000009,0
2591280,0.0194999999999936,0
2591310,0.0220000000000027,0
2591340,0.0755000000000109,0
2591370,0.0144999999999754,0
2591400,0.0170000000000072,0
2591430,0.0145000000000095,0
2591460,0.0164999999999963,0
2591490,0.025,0
2591520,0.0115000000000009,0
2591550,0.0184999999999945,0
2591580,0.0790000000000077,0
2591610,0.0105000000000131,0
2591640,0.015000000000009,0
2591670,0.014499999999964,0
2591700,0.0250000000000113,0
2591730,0.0215000000000031,0
2591760,0.0215000000000031,0
2591790,0.0165000000000077,0
2591820,0.1054999999999722,0
2591850,0.0230000000000131,0
2591880,0.02349999999999,0
2591910,0.0225000000000136,0
2591940,0.0204999999999813,0
2591970,0.0185000000000172,0
2592000,0.01400000000001,0
