timestamp,value,is_anomaly
575790,0.0049999999999727,0
575820,0.0050000000000181,0
575850,0.0039999999999736,0
575880,0.0065000000000054,0
575910,0.0049999999999727,0
575940,0.0054999999999836,0
575970,0.0029999999999745,0
576000,0.0059999999999945,0
576030,0.0050000000000409,0
576060,0.0069999999999936,0
576090,0.0035000000000081,0
576120,0.00450000000003,0
576150,0.0050000000000409,0
576180,0.0065000000000054,0
576210,0.0025000000000318,0
576240,0.0074999999999363,0
576270,0.0045000000000072,0
576300,0.0064999999999372,0
576330,0.0050000000000181,0
576360,0.0065000000000054,0
576390,0.0054999999999836,0
576420,0.004000000000019,0
576450,0.0049999999999954,0
576480,0.0069999999999708,0
576510,0.0055000000000063,0
576540,0.0049999999999727,0
576570,0.0044999999999845,0
576600,0.0049999999999727,0
576630,0.0075000000000045,0
576660,0.0064999999999827,0
576690,0.0045000000000072,0
576720,0.0050000000000181,0
576750,0.004000000000019,0
576780,0.0059999999999945,0
576810,0.004000000000019,0
576840,0.0049999999999954,0
576870,0.0050000000000181,0
576900,0.0044999999999618,0
576930,0.0050000000000181,0
576960,0.0069999999999936,0
576990,0.0045000000000527,0
577020,0.0054999999999608,0
577050,0.0054999999999836,0
577080,0.0055000000000518,0
577110,0.0039999999999963,0
577140,0.0059999999999718,0
577170,0.004000000000019,0
577200,0.0050000000000181,0
577230,0.0069999999999026,0
577260,0.0070000000000618,0
577290,0.0039999999999736,0
577320,0.0109999999999672,0
577350,0.0039999999999963,0
577380,0.0080000000000609,0
577410,0.0039999999999736,0
577440,0.00300000000002,0
577470,0.0055000000000063,0
577500,0.0065000000000509,0
577530,0.0059999999999945,0
577560,0.0059999999999718,0
577590,0.004000000000019,0
577620,0.0065000000000281,0
577650,0.004000000000019,0
577680,0.0059999999999945,0
577710,0.0039999999999963,0
577740,0.004000000000019,0
577770,0.0039999999999736,0
577800,0.0064999999999827,0
577830,0.0035000000000081,0
577860,0.0059999999999945,0
577890,0.0040000000000418,0
577920,0.0070000000000391,0
577950,0.0049999999999954,0
577980,0.00450000000003,0
578010,0.0054999999999608,0
578040,0.0060000000000172,0
578070,0.0039999999999963,0
578100,0.0045000000000527,0
578130,0.0039999999999963,0
578160,0.007499999999959,0
578190,0.0049999999999954,0
578220,0.0059999999999945,0
578250,0.0045000000000527,0
578280,0.0079999999999699,0
578310,0.0039999999999963,0
578340,0.0055000000000063,0
578370,0.004000000000019,0
578400,0.0059999999999945,0
578430,0.0055000000000063,0
578460,0.0054999999999836,0
578490,0.004000000000019,0
578520,0.0079999999999699,0
578550,0.0049999999999499,0
578580,0.0059999999999718,0
578610,0.00450000000003,0
578640,0.0049999999999954,0
578670,0.0044999999999618,0
578700,0.0054999999999836,0
578730,0.0039999999999963,0
578760,0.0049999999999727,0
578790,0.0040000000000418,0
578820,0.0054999999999154,0
578850,0.0045000000000072,0
578880,0.0080000000000381,0
578910,0.0059999999999945,0
578940,0.0044999999999845,0
578970,0.004000000000019,0
579000,0.0069999999999708,0
579030,0.0040000000000645,0
579060,0.004000000000019,0
579090,0.0045000000000072,0
579120,0.0054999999999836,0
579150,0.0034999999999627,0
579180,0.0054999999999836,0
579210,0.0050000000000181,0
579240,0.0069999999999708,0
579270,0.0035000000000081,0
579300,0.0040000000000418,0
579330,0.0055000000000063,0
579360,0.0064999999999827,0
579390,0.0025000000000318,0
579420,0.0054999999999381,0
579450,0.004000000000019,0
579480,0.0065000000000054,0
579510,0.0039999999999963,0
579540,0.004000000000019,0
579570,0.0039999999999736,0
579600,0.0065000000000281,0
579630,0.0025002500250115,0
579660,0.0064999999999599,0
579690,0.0035000000000081,0
579720,0.0059999999999718,0
579750,0.004000000000019,0
579780,0.0059999999999945,0
579810,0.0050000000000181,0
579840,0.005999999999949,0
579870,0.00300000000002,0
579900,0.0064999999999827,0
579930,0.0024999999999863,0
579960,0.0039999999999963,0
579990,0.0034999999999854,0
580020,0.0049999999999954,0
580050,0.0044999999999845,0
580080,0.0035000000000081,0
580110,0.0029999999999745,0
580140,0.0035000000000309,0
580170,0.0034999999999627,0
580200,0.0065000000000509,0
580230,0.0074999999999818,0
580260,0.0050000000000181,0
580290,0.0020000000000209,0
580320,0.0059999999999718,0
580350,0.0039999999999736,0
580380,0.0050000000000181,0
580410,0.0045000000000072,0
580440,0.0065000000000054,0
580470,0.0034999999999854,0
580500,0.0059999999999718,0
580530,0.0039999999999963,0
580560,0.0079999999999699,0
580590,0.0024999999999636,0
580620,0.002500000000009,0
580650,0.0050000000000636,0
580680,0.0049999999999727,0
580710,0.0035000000000081,0
580740,0.0039999999999736,0
580770,0.0045000000000072,0
580800,0.0050000000000181,0
580830,0.002500000000009,0
580860,0.00450000000003,0
580890,0.0034999999999854,0
580920,0.0069999999999708,0
580950,0.0035000000000081,0
580980,0.00300000000002,0
581010,0.0054999999999836,0
581040,0.0074999999999818,0
581070,0.0034999999999854,0
581100,0.0034999999999854,0
581130,0.0029999999999745,0
581160,0.0049999999999954,0
581190,0.0055000000000745,0
581220,0.0045000000000527,0
581250,0.0029999999999972,0
581280,0.0079999999999927,0
581310,0.0020000000000209,0
581340,0.0059999999999718,0
581370,0.0030000000000427,0
581400,0.0054999999999154,0
581430,0.0035000000000081,0
581460,0.0045000000000527,0
581490,0.0045000000000072,0
581520,0.0059999999999718,0
581550,0.0034999999999399,0
581580,0.0034999999999854,0
581610,0.0034999999999854,0
581640,0.0065000000000281,0
581670,0.004000000000019,0
581700,0.00450000000003,0
581730,0.0044999999999845,0
581760,0.0045000000000072,0
581790,0.0030000000000427,0
581820,0.0034999999999854,0
581850,0.0024999999999636,0
581880,0.0050000000000181,0
581910,0.00300000000002,0
581940,0.0034999999999627,0
581970,0.004000000000019,0
582000,0.0054999999999608,0
582030,0.00750000000005,0
582060,0.0044999999999845,0
582090,0.0019999999999981,0
582120,0.0045000000000527,0
582150,0.00150000000001,0
582180,0.00450000000003,0
582210,0.0044999999999845,0
582240,0.0060000000000172,0
582270,0.00450000000003,0
582300,0.004499999999939,0
582330,0.0029999999999972,0
582360,0.0065000000000054,0
582390,0.00300000000002,0
582420,0.0064999999999827,0
582450,0.0039999999999963,0
582480,0.0059999999999945,0
582510,0.0035000000000309,0
582540,0.0045000000000072,0
582570,0.0054999999999836,0
582600,0.0055000000000291,0
582630,0.0044999999999618,0
582660,0.0045000000000072,0
582690,0.004000000000019,0
582720,0.0065000000000509,0
582750,0.0024999999999863,0
582780,0.004000000000019,0
582810,0.0054999999999836,0
582840,0.0039999999999963,0
582870,0.002500000000009,0
582900,0.0039999999999508,0
582930,0.0035000000000536,0
582960,0.0059999999999945,0
582990,0.0035000000000081,0
583020,0.0039999999999963,0
583050,0.002999999999929,0
583080,0.0055000000000518,0
583110,0.0029999999999972,0
583140,0.0034999999999399,0
583170,0.002500000000009,0
583200,0.0055000000000063,0
583230,0.0029999999999745,0
583260,0.0035000000000081,0
583290,0.002500000000009,0
583320,0.0059999999999718,0
583350,0.0020000000000436,0
583380,0.0055000000000063,0
583410,0.0049999999999499,0
583440,0.0054999999999608,0
583470,0.0029999999999517,0
583500,0.0059999999999945,0
583530,0.002500000000009,0
583560,0.0054999999999836,0
583590,0.0035000000000309,0
583620,0.0039999999999736,0
583650,0.0039999999999963,0
583680,0.0054999999999608,0
583710,0.00450000000003,0
583740,0.0055000000000291,0
583770,0.0034999999999854,0
583800,0.0050000000000409,0
583830,0.0079999999999699,0
583860,0.0050000000000181,0
583890,0.0044999999999618,0
583920,0.0050000000000181,0
583950,0.0045000000000072,0
583980,0.0044999999999845,0
584010,0.0049999999999727,0
584040,0.0099999999999681,0
584070,0.0045000000000072,0
584100,0.0060000000000172,0
584130,0.0059999999999945,0
584160,0.0090000000000827,0
584190,0.00450000000003,0
584220,0.0069999999999936,0
584250,0.0059999999999718,0
584280,0.0124999999999317,0
584310,0.0065000000000281,0
584340,0.0059999999999945,0
584370,0.0039999999999963,0
584400,0.0074999999999818,0
584430,0.0864999999999554,0
584460,0.0050000000000181,0
584490,0.0039999999999508,0
584520,0.0070000000000391,0
584550,0.0044999999999845,0
584580,0.0059999999999945,0
584610,0.0069999999999708,0
584640,0.0059999999999945,0
584670,0.0055000000000745,0
584700,0.0084999999999809,0
584730,0.0099999999999454,0
584760,0.0065000000000054,0
584790,0.0039999999999281,0
584820,0.0060000000000172,0
584850,0.0049999999999954,0
584880,0.0064999999999827,0
584910,0.0069999999999936,0
584940,0.0054999999999836,0
584970,0.0054999999999608,0
585000,0.0065000000000054,0
585030,0.0049999999999727,0
585060,0.00900000000006,0
585090,0.0045000000000072,0
585120,0.0074999999999818,0
585150,0.0035000000000081,0
585180,0.0029999999999972,0
585210,0.0064999999999827,0
585240,0.00750000000005,0
585270,0.0039999999999736,0
585300,0.0055000000000518,0
585330,0.0035000000000309,0
585360,0.0084999999999354,0
585390,0.0029999999999972,0
585420,0.0050000000000181,0
585450,0.0049999999999954,0
585480,0.0069999999999936,0
585510,0.0065000000000054,0
585540,0.0044999999999845,0
585570,0.0054999999999836,0
585600,0.0074999999999818,0
585630,0.0065000000000509,0
585660,0.0054999999999836,0
585690,0.0045000000000072,0
585720,0.0079999999999699,0
585750,0.00300000000002,0
585780,0.0039999999999963,0
585810,0.0054999999999608,0
585840,0.0085000000000491,0
585870,0.0049999999999954,0
585900,0.0055000000000291,0
585930,0.0044999999999618,0
585960,0.0090000000000372,0
585990,0.0044999999999845,0
586020,0.0054999999999381,0
586050,0.0039999999999963,0
586080,0.0064999999999599,0
586110,0.0035000000000081,0
586140,0.0055000000000518,0
586170,0.0054999999999608,0
586200,0.0069999999999481,0
586230,0.00450000000003,0
586260,0.0055000000000063,0
586290,0.0055000000000063,0
586320,0.0079999999999017,0
586350,0.0049999999999954,0
586380,0.0075000000000045,0
586410,0.0065000000000281,0
586440,0.0064999999999827,0
586470,0.004000000000019,0
586500,0.0045000000000072,0
586530,0.0055000000000291,0
586560,0.007499999999959,0
586590,0.0055000000000291,0
586620,0.0049999999999954,0
586650,0.0045000000000072,0
586680,0.0080000000000154,0
586710,0.0969999999999572,0
586740,0.0080000000000381,0
586770,0.0059999999999718,0
586800,0.0055000000000291,0
586830,0.00600000000004,0
586860,0.005999999999949,0
586890,0.00450000000003,0
586920,0.0059999999999718,0
586950,0.0050000000000181,0
586980,0.0055000000000063,0
587010,0.0039999999999963,0
587040,0.0075000000000045,0
587070,0.0034999999999399,0
587100,0.0055000000000291,0
587130,0.0039999999999736,0
587160,0.0055000000000063,0
587190,0.0030000000000427,0
587220,0.0059999999999718,0
587250,0.0065000000000054,0
587280,0.0059999999999718,0
587310,0.0035000000000081,0
587340,0.0050000000000636,0
587370,0.0044999999999618,0
587400,0.0080000000000609,0
587430,0.0050000000000181,0
587460,0.0049999999999727,0
587490,0.0055000000000518,0
587520,0.0065000000000281,0
587550,0.002500000000009,0
587580,0.0034999999999854,0
587610,0.0055000000000063,0
587640,0.0065000000000509,0
587670,0.0039999999999508,0
587700,0.004000000000019,0
587730,0.0045000000000527,0
587760,0.007499999999959,0
587790,0.0034999999999627,0
587820,0.0035000000000081,0
587850,0.0059999999999945,0
587880,0.0055000000000291,0
587910,0.0054999999999381,0
587940,0.0059999999999945,0
587970,0.0035000000000309,0
588000,0.0064999999999827,0
588030,0.0039999999999963,0
588060,0.002500000000009,0
588090,0.0029999999999517,0
588120,0.0049999999999727,0
588150,0.0020000000000436,0
588180,0.00450000000003,0
588210,0.0035000000000309,0
588240,0.0070000000000163,0
588270,0.0055000000000291,0
588300,0.0029999999999745,0
588330,0.0065000000000054,0
588360,0.0049999999999727,0
588390,0.0029999999999972,0
588420,0.0030000000000427,0
588450,0.0024999999999863,0
588480,0.0055000000000063,0
588510,0.0055000000000063,0
588540,0.0029999999999972,0
588570,0.002500000000009,0
588600,0.005999999999949,0
588630,0.00450000000003,0
588660,0.0035000000000081,0
588690,0.0029999999999745,0
588720,0.0060000000000172,0
588750,0.4285000000000309,0
588780,0.2209999999999581,0
588810,0.2155000000000199,0
588840,0.2445000000000164,0
588870,0.2159999999999854,0
588900,0.1729999999999563,0
588930,0.2654999999999973,0
588960,0.2395000000000209,0
588990,0.2340000000000373,0
589020,0.2215000000000373,0
589050,0.1860000000000127,0
589080,0.0130000000000109,0
589110,0.00300000000002,0
589140,0.0095000000000482,0
589170,0.3165000000000191,0
589200,0.213499999999999,0
589230,0.0390000000000327,0
589260,0.0400000000000091,0
589290,0.0465000000000145,0
589320,0.0564999999999599,0
589350,0.063499999999999,0
589380,0.0610000000000127,0
589410,0.0555000000000291,0
589440,0.1040000000000191,0
589470,0.0894999999999527,0
589500,0.0709999999999809,0
589530,0.3240000000000236,0
589560,0.2350000000000136,0
589590,0.1730000000000018,0
589620,0.3595000000000255,0
589650,0.1614999999999782,0
589680,0.1330000000000609,0
589710,0.038499999999999,0
589740,0.2144999999999981,0
589770,0.2354999999999791,0
589800,0.08900000000001,0
589830,0.2645000000000437,0
589860,0.1460000000000036,0
589890,0.2014999999999645,0
589920,0.0190000000000054,0
589950,0.1419999999999845,0
589980,0.2595000000000709,0
590010,0.2135000000000218,0
590040,0.0070000000000391,0
590070,0.0074999999999363,0
590100,0.0105000000000018,0
590130,0.0105000000000018,0
590160,0.0115000000000009,0
590190,0.2264999999999872,0
590220,0.0869999999999663,0
590250,0.2340000000000145,0
590280,0.050999999999999,0
590310,0.011999999999989,0
590340,0.0165000000000191,0
590370,0.1390000000000327,0
590400,0.03400000000006,0
590430,0.0180000000000745,0
590460,0.0170000000000072,0
590490,0.0869999999999436,0
590520,0.1059999999999263,0
590550,0.0135000000000445,0
590580,0.0105000000000018,0
590610,0.0200000000000045,0
590640,0.0090000000000145,0
590670,0.02150000000006,0
590700,0.0114999999999326,0
590730,0.2264999999999645,0
590760,0.0495000000000345,0
590790,0.0084999999999809,0
590820,0.011999999999989,0
590850,0.0100000000000136,0
590880,0.0125,0
590910,0.1375,0
590940,0.1004999999999881,0
590970,0.0055000000000291,0
591000,0.0834999999999809,0
591030,0.0239999999999554,0
591060,0.0200000000000045,0
591090,0.0035000000000309,0
591120,0.0054999999999836,0
591150,0.015000000000009,0
591180,0.0900000000000091,0
591210,0.0194999999999936,0
591240,0.0044999999999163,0
591270,0.0025000000000318,0
591300,0.0049999999999954,0
591330,0.1759999999999991,0
591360,0.2160000000000536,0
591390,0.0160000000000081,0
591420,0.28599999999999,0
591450,0.1394999999999754,0
591480,0.0899999999999408,0
591510,0.1154999999999972,0
591540,0.0054999999999836,0
591570,0.0049999999999954,0
591600,0.0059999999999718,0
591630,0.0030000000000654,0
591660,0.0079999999999699,0
591690,0.0024999999999408,0
591720,0.2409999999999854,0
591750,0.046499999999969,0
591780,0.0060000000000172,0
591810,0.2220000000000027,0
591840,0.0960000000000263,0
591870,0.0199999999999818,0
591900,0.0194999999999481,0
591930,0.1904999999999745,0
591960,0.1444999999999936,0
591990,0.0109999999999899,0
592020,0.0790000000000191,0
592050,0.1329999999999927,0
592080,0.6665000000000192,0
592110,0.2285000000000309,0
592140,0.3324999999999818,0
592170,0.1820000000000391,0
592200,0.1264999999999872,0
592230,0.4774999999999637,0
592260,0.1190000000000054,0
592290,0.0174999999999954,0
592320,0.0154999999999972,0
592350,0.0135000000000218,0
592380,0.2314999999999827,0
592410,0.1529999999999517,0
592440,0.0184999999999718,0
592470,0.0114999999999781,0
592500,0.2819999999999936,0
592530,0.1544999999999617,0
592560,0.0209999999999809,0
592590,0.0050000000000409,0
592620,0.0045000000000072,0
592650,0.0059999999999945,0
592680,0.0050000000000409,0
592710,0.0134999999999763,0
592740,0.2569999999999482,0
592770,0.1759999999999536,0
592800,0.0180000000000745,0
592830,0.0400000000000545,0
592860,0.2045000000000073,0
592890,0.0335000000000036,0
592920,0.1540000000000191,0
592950,0.0769999999999754,0
592980,0.0069999999999936,0
593010,0.0050000000000409,0
593040,0.0594999999999345,0
593070,0.1839999999999463,0
593100,0.0745000000000118,0
593130,0.2544999999999845,0
593160,0.1995000000000345,0
593190,0.0704999999999472,0
593220,0.125999999999999,0
593250,0.0124999999999545,0
593280,0.1444999999999936,0
593310,0.1435000000000173,0
593340,0.2365000000000237,0
593370,0.0559999999999718,0
593400,0.2165000000000418,0
593430,0.0245000000000345,0
593460,0.0230000000000018,0
593490,0.2440000000000282,0
593520,0.0415000000000645,0
593550,0.0124999999999772,0
593580,0.1084999999999581,0
593610,0.0950000000000272,0
593640,0.04200000000003,0
593670,0.110499999999979,0
593700,0.0685000000000172,0
593730,0.2390000000000554,0
593760,0.1415000000000418,0
593790,0.2474999999999454,0
593820,0.0460000000000036,0
593850,0.2114999999999781,0
593880,0.1955000000000155,0
593910,0.0669999999999845,0
593940,0.1899999999999864,0
593970,0.0879999999999881,0
594000,0.0305000000000063,0
594030,0.2069999999999709,0
594060,0.1355000000000018,0
594090,0.2445000000000163,0
594120,0.1285000000000082,0
594150,0.2489999999999781,0
594180,0.1715000000000145,0
594210,0.1645000000000664,0
594240,0.0874999999999772,0
594270,0.2039999999999736,0
594300,0.1470000000000027,0
594330,0.0364999999999781,0
594360,0.15949999999998,0
594390,0.0669999999999618,0
594420,0.0219999999999345,0
594450,0.0060000000000172,0
594480,0.0060000000000172,0
594510,0.2880000000000337,0
594540,0.1190000000000509,0
594570,0.0180000000000063,0
594600,0.2654999999999973,0
594630,0.1395000000000436,0
594660,0.02000000000005,0
594690,0.0139999999999872,0
594720,0.2384999999999536,0
594750,0.1245000000000573,0
594780,0.05300000000002,0
594810,0.2460000000000263,0
594840,0.071499999999969,0
594870,0.3039999999999737,0
594900,0.2789999999999509,0
594930,0.2349999999999454,0
594960,0.035499999999979,0
594990,0.2125,0
595020,0.136999999999989,0
595050,0.0455000000000382,0
595080,0.0539999999999508,0
595110,0.1205000000000154,0
595140,0.0209999999999581,0
595170,0.0524999999999863,0
595200,0.0189999999999827,0
595230,0.2230000000000472,0
595260,0.1825000000000272,0
595290,0.0924999999999954,0
595320,0.2804999999999836,0
595350,0.0794999999999845,0
595380,0.3010000000000218,0
595410,0.1585000000000036,0
595440,0.0280000000000654,0
595470,0.3190000000000282,0
595500,0.0689999999999599,0
595530,0.1799999999999727,0
595560,0.05600000000004,0
595590,0.2244999999999891,0
595620,0.0495000000000118,0
595650,0.2484999999999445,0
595680,0.1404999999999745,0
595710,0.0490000000000236,0
595740,0.2965000000000145,0
595770,0.0784999999999854,0
595800,0.3179999999999382,0
595830,0.1884999999999763,0
595860,0.0855000000000473,0
595890,0.0169999999999618,0
595920,0.0174999999999954,0
595950,0.2175000000000636,0
595980,0.0450000000000045,0
596010,0.0309999999999945,0
596040,0.0659999999999627,0
596070,0.16299999999992,0
596100,0.1350000000000591,0
596130,0.0075000000000272,0
596160,0.0074999999999818,0
596190,0.0899999999999408,0
596220,0.1350000000000363,0
596250,0.1130000000000336,0
596280,0.0214999999999918,0
596310,0.1624999999999317,0
596340,0.0169999999999618,0
596370,0.2404999999999745,0
596400,0.1110000000000127,0
596430,0.0109999999999899,0
596460,0.0105000000000245,0
596490,0.22950000000003,0
596520,0.1105000000000473,0
596550,0.011999999999989,0
596580,0.0064999999999827,0
596610,0.236999999999989,0
596640,0.1914999999999054,0
596670,0.0314999999999599,0
596700,0.0099999999999909,0
596730,0.0349999999999909,0
596760,0.2315000000000054,0
596790,0.1379999999999654,0
596820,0.0094999999999799,0
596850,0.0035000000000081,0
596880,0.0049999999999954,0
596910,0.0020000000000209,0
596940,0.0049999999999954,0
596970,0.0999999999999545,0
597000,0.1150000000000091,0
597030,0.0255000000000109,0
597060,0.0109999999999672,0
597090,0.2520000000000436,0
597120,0.2114999999999554,0
597150,0.1039999999999736,0
597180,0.0269999999999754,0
597210,0.2855000000000472,0
597240,0.14849999999999,0
597270,0.0210000000000036,0
597300,0.0094999999999799,0
597330,0.1350000000000136,0
597360,0.1010000000000218,0
597390,0.0269999999999981,0
597420,0.0054999999999836,0
597450,0.0360000000000582,0
597480,0.2495000000000118,0
597510,0.0385000000000218,0
597540,0.0055000000000063,0
597570,0.0054999999999836,0
597600,0.0099999999999454,0
597630,0.2290000000000191,0
597660,0.3209999999999809,0
597690,0.2315000000000054,0
597720,0.057499999999959,0
597750,0.1949999999999591,0
597780,0.1119999999999436,0
597810,0.61099999999999,0
597840,0.2034999999999627,0
597870,0.1099999999999454,0
597900,0.3790000000000645,0
597930,0.1085000000000263,0
597960,0.5109999999999673,0
597990,0.2404999999999745,0
598020,0.0829999999999927,0
598050,0.2359999999999673,0
598080,0.086999999999989,0
598110,0.1410000000000081,0
598140,0.1254999999999881,0
598170,0.0734999999999672,0
598200,0.2399999999999863,0
598230,0.0819999999999709,0
598260,0.02800000000002,0
598290,0.1370000000000118,0
598320,0.4034999999999626,0
598350,0.1824999999999818,0
598380,0.1134999999999991,0
598410,0.0245000000000345,0
598440,0.0160000000000081,0
598470,0.2495000000000118,0
598500,0.1605000000000018,0
598530,0.0125,0
598560,0.0055000000000745,0
598590,0.0069999999999936,0
598620,0.2274999999999409,0
598650,0.2035000000000082,0
598680,0.0110000000000582,0
598710,0.0060000000000172,0
598740,0.0074999999999818,0
598770,0.0050000000000409,0
598800,0.2369999999999436,0
598830,0.1759999999999991,0
598860,0.0134999999999763,0
598890,0.0105000000000245,0
598920,0.0100000000000136,0
598950,0.0089999999999918,0
598980,0.0194999999999936,0
599010,0.0299999999999954,0
599040,0.1800000000000636,0
599070,0.1044999999999617,0
599100,0.0085000000000263,0
599130,0.0084999999999809,0
599160,0.0045000000000527,0
599190,0.0034999999999172,0
599220,0.0115000000000691,0
599250,0.2285000000000309,0
599280,0.0745000000000118,0
599310,0.0079999999999699,0
599340,0.2319999999999254,0
599370,0.0825000000000045,0
599400,0.0264999999999645,0
599430,0.2319999999999936,0
599460,0.1159999999999854,0
599490,0.0275000000000318,0
599520,0.1275000000000318,0
599550,0.0255000000000336,0
599580,0.2319999999999936,0
599610,0.1044999999999618,0
599640,0.0105000000000245,0
599670,0.0289999999999963,0
599700,0.0164999999999736,0
599730,0.0090000000000145,0
599760,0.0390000000000554,0
599790,0.1415000000000645,0
599820,0.0785000000000309,0
599850,0.0125000000000454,0
599880,0.0115000000000236,0
599910,0.0064999999999599,0
599940,0.013499999999999,0
599970,0.0170000000000072,0
600000,0.025,0
600030,0.0209999999999809,0
600060,0.0169999999999618,0
600090,0.0599999999999909,0
600120,0.1634999999999764,0
600150,0.0070000000000391,0
600180,0.0054999999999836,0
600210,0.0040000000000418,0
600240,0.0049999999999954,0
600270,0.0035000000000309,0
600300,0.0054999999999608,0
600330,0.0264999999999872,0
600360,0.2335000000000036,0
600390,0.1325000000000273,0
600420,0.0354999999999336,0
600450,0.0354999999999563,0
600480,0.0400000000000091,0
600510,0.0055000000000063,0
600540,0.0090000000000145,0
600570,0.0090000000000145,0
600600,0.0130000000000109,0
600630,0.2395000000000209,0
600660,0.1434999999999718,0
600690,0.0050000000000181,0
600720,0.2260000000000218,0
600750,0.1565000000000054,0
600780,0.0129999999999881,0
600810,0.23700000000008,0
600840,0.1430000000000063,0
600870,0.0039999999999736,0
600900,0.0079999999999472,0
600930,0.0105000000000245,0
600960,0.010499999999979,0
600990,0.0059999999999718,0
601020,0.0059999999999945,0
601050,0.0075000000000045,0
601080,0.0069999999999936,0
601110,0.0039999999999963,0
601140,0.0069999999999936,0
601170,0.0089999999999918,0
601200,0.0105000000000472,0
601230,0.0055000000000291,0
601260,0.0074999999999818,0
601290,0.0079999999999699,0
601320,0.0095000000000027,0
601350,0.0420000000000072,0
601380,0.2150000000000318,0
601410,0.0849999999999226,0
601440,0.0220000000000482,0
601470,0.0035000000000081,0
601500,0.0240000000000009,0
601530,0.0335000000000491,0
601560,0.1674999999999954,0
601590,0.0534999999999627,0
601620,0.2374999999999772,0
601650,0.1069999999999709,0
601680,0.2224999999999454,0
601710,0.1085000000000036,0
601740,0.2395000000000664,0
601770,0.0919999999999618,0
601800,0.0590000000000145,0
601830,0.2639999999999191,0
601860,0.1565000000000054,0
601890,0.0230000000000018,0
601920,0.0055000000000518,0
601950,0.0065000000000054,0
601980,0.0050000000000409,0
602010,0.0080000000000381,0
602040,0.0444999999999936,0
602070,0.1495000000000118,0
602100,0.1239999999999781,0
602130,0.0675000000000182,0
602160,0.2350000000000363,0
602190,0.10300000000002,0
602220,0.0165000000000418,0
602250,0.2419999999999618,0
602280,0.1000000000000227,0
602310,0.0165000000000418,0
602340,0.2349999999999908,0
602370,0.1129999999999881,0
602400,0.0279999999999972,0
602430,0.0095000000000254,0
602460,0.0099999999999454,0
602490,0.01700000000003,0
602520,0.0154999999999517,0
602550,0.0170000000000072,0
602580,0.0125000000000227,0
602610,0.0100000000000136,0
602640,0.0109999999999445,0
602670,0.0055000000000291,0
602700,0.0175000000000181,0
602730,0.0075000000000045,0
602760,0.0159999999998945,0
602790,0.0100000000000363,0
602820,0.0049999999999727,0
602850,0.0060000000000172,0
602880,0.0049999999999727,0
602910,0.0085000000000036,0
602940,0.0160000000000309,0
602970,0.0059999999999945,0
603000,0.0165000000000645,0
603030,0.2309999999999945,0
603060,0.1484999999999672,0
603090,0.2180000000000291,0
603120,0.0254999999999881,0
603150,0.0095000000000027,0
603180,0.2059999999999263,0
603210,0.1455000000000154,0
603240,0.0049999999999499,0
603270,0.0069999999999936,0
603300,0.2404999999999518,0
603330,0.1964999999999918,0
603360,0.2365000000000236,0
603390,0.1710000000000263,0
603420,0.0285000000000081,0
603450,0.047999999999979,0
603480,0.1915000000000191,0
603510,0.0870000000000345,0
603540,0.1654999999999973,0
603570,0.0549999999999954,0
603600,0.2289999999999963,0
603630,0.1974999999999909,0
603660,0.018499999999949,0
603690,0.0125000000000227,0
603720,0.2409999999999855,0
603750,0.076499999999919,0
603780,0.1470000000000482,0
603810,0.1689999999999145,0
603840,0.0440000000000282,0
603870,0.2365000000000009,0
603900,0.0435000000000172,0
603930,0.2375,0
603960,0.0460000000000263,0
603990,0.2304999999999381,0
604020,0.0460000000000263,0
604050,0.007499999999959,0
604080,0.0095000000000482,0
604110,0.1069999999999936,0
604140,0.1079999999999472,0
604170,0.0725000000000363,0
604200,0.2044999999999618,0
604230,0.1100000000000363,0
604260,0.2279999999999518,0
604290,0.1584999999999354,0
604320,0.0500000000000454,0
604350,0.2315000000000054,0
604380,0.0329999999999245,0
604410,0.2409999999999855,0
604440,0.0875,0
604470,0.2524999999999863,0
604500,0.0834999999999809,0
604530,0.2345000000000027,0
604560,0.0774999999999863,0
604590,0.2495000000000118,0
604620,0.0935000000000172,0
604650,0.2580000000000382,0
604680,0.1174999999999727,0
604710,0.0274999999999863,0
604740,0.13599999999999,0
604770,0.0760000000000218,0
604800,0.3564999999999373,0
604830,0.1535000000000081,0
604860,0.0910000000000309,0
604890,0.1169999999999618,0
604920,0.0620000000000118,0
604950,0.0195000000000391,0
604980,0.1500000000000227,0
605010,0.0079999999999927,0
605040,0.0065000000000736,0
605070,0.0094999999999345,0
605100,0.0064999999999827,0
605130,0.0075000000000045,0
605160,0.0084999999999581,0
605190,0.0070000000000163,0
605220,0.0050000000000409,0
605250,0.0054999999999381,0
605280,0.2339999999999691,0
605310,0.0450000000000045,0
605340,0.0129999999999654,0
605370,0.0254999999999881,0
605400,0.1410000000000536,0
605430,0.0184999999999945,0
605460,0.0085000000000263,0
605490,0.0089999999999918,0
605520,0.0249999999999317,0
605550,0.2255000000000564,0
605580,0.1044999999999845,0
605610,0.0039999999999963,0
605640,0.0200000000000272,0
605670,0.0040000000000418,0
605700,0.0055000000000291,0
605730,0.0045000000000072,0
605760,0.0070000000000618,0
605790,0.0070000000000163,0
605820,0.0049999999999954,0
605850,0.0055000000000063,0
605880,0.0764999999999872,0
605910,0.1150000000000091,0
605940,0.047999999999979,0
605970,0.1595000000000027,0
606000,0.015000000000009,0
606030,0.2294999999999845,0
606060,0.1644999999999754,0
606090,0.1079999999999927,0
606120,0.2334999999999809,0
606150,0.0440000000000282,0
606180,0.2530000000000427,0
606210,0.1130000000000109,0
606240,0.0164999999999736,0
606270,0.0059999999999718,0
606300,0.2585000000000036,0
606330,0.1160000000000764,0
606360,0.5345000000000254,0
606390,0.10300000000002,0
606420,0.4199999999999591,0
606450,0.1049999999999954,0
606480,0.5020000000000437,0
606510,0.1595000000000482,0
606540,0.6064999999999827,0
606570,0.0805000000000063,0
606600,0.1034999999999854,0
606630,0.6939999999999827,0
606660,0.2475000000000136,0
606690,0.2799999999999727,0
606720,0.1405000000000655,0
606750,0.1974999999999909,0
606780,0.5705000000000382,0
606810,0.2499999999999545,0
606840,0.0155000000000654,0
606870,0.4695000000000391,0
606900,0.2440000000000509,0
606930,0.0149999999999863,0
606960,0.0120000000000118,0
606990,0.0079999999999245,0
607020,0.2835000000000718,0
607050,0.17349999999999,0
607080,0.2735000000000127,0
607110,0.3475000000000364,0
607140,0.3975000000000137,0
607170,0.2979999999999791,0
607200,0.1089999999999691,0
607230,0.39200000000003,0
607260,0.2774999999999863,0
607290,0.4415000000000418,0
607320,0.1804999999999154,0
607350,0.1844999999999799,0
607380,0.0139999999999645,0
607410,0.0085000000000036,0
607440,0.0675000000000182,0
607470,0.2125000000000454,0
607500,0.18299999999997,0
607530,0.0820000000000391,0
607560,0.0370000000000118,0
607590,0.0529999999999972,0
607620,0.0529999999999517,0
607650,0.0614999999999554,0
607680,0.0580000000000154,0
607710,0.0670000000000527,0
607740,0.0800000000000409,0
607770,0.0859999999999899,0
607800,0.0539999999999736,0
607830,0.4575000000000045,0
607860,0.2680000000000064,0
607890,0.1630000000000563,0
607920,0.4525000000000546,0
607950,0.1629999999999654,0
607980,0.1175000000000409,0
608010,0.0305000000000063,0
608040,0.2224999999999682,0
608070,0.2390000000000327,0
608100,0.0939999999999827,0
608130,0.2380000000000336,0
608160,0.1169999999999845,0
608190,0.6339999999999691,0
608220,0.1260000000000673,0
608250,0.6354999999999564,0
608280,0.2224999999999681,0
608310,0.0844999999999572,0
608340,0.2929999999999382,0
608370,0.2070000000000164,0
608400,0.1269999999999527,0
608430,0.0144999999999754,0
608460,0.1425000000000182,0
608490,0.2955000000000155,0
608520,0.19849999999999,0
608550,0.0079999999999927,0
608580,0.0115000000000236,0
608610,0.0094999999999799,0
608640,0.0094999999999799,0
608670,0.0109999999999899,0
608700,0.2424999999999954,0
608730,0.0435000000000854,0
608760,0.1605000000000018,0
608790,0.0299999999999954,0
608820,0.0145000000000209,0
608850,0.1394999999999981,0
608880,0.1165000000000191,0
608910,0.0285000000000081,0
608940,0.0209999999999581,0
608970,0.0180000000000518,0
609000,0.2264999999999872,0
609030,0.0834999999999581,0
609060,0.0125000000000227,0
609090,0.0125000000000454,0
609120,0.0120000000000118,0
609150,0.0135000000000218,0
609180,0.015000000000009,0
609210,0.0155000000000427,0
609240,0.2499999999999545,0
609270,0.0485000000000127,0
609300,0.0114999999999781,0
609330,0.0115000000000009,0
609360,0.0134999999999763,0
609390,0.0620000000000118,0
609420,0.3074999999999818,0
609450,0.0555000000000063,0
609480,0.2269999999999754,0
609510,0.0445000000000163,0
609540,0.0069999999999481,0
609570,0.0049999999999272,0
609600,0.0049999999999954,0
609630,0.0019999999999981,0
609660,0.0035000000000309,0
609690,0.0029999999999972,0
609720,0.0050000000000409,0
609750,0.004000000000019,0
609780,0.2350000000000136,0
609810,0.0445000000000163,0
609840,0.0149999999999408,0
609870,0.1375000000000454,0
609900,0.0080000000000381,0
609930,0.0240000000000009,0
609960,0.0309999999999945,0
609990,0.1440000000000509,0
610020,0.0125000000000227,0
610050,0.0174999999999954,0
610080,0.2509999999999763,0
610110,0.1369999999999891,0
610140,0.0180000000000063,0
610170,0.0095000000000254,0
610200,0.2069999999999709,0
610230,0.1330000000000382,0
610260,0.0190000000000509,0
610290,0.1615000000000464,0
610320,0.13250000000005,0
610350,0.0115000000000236,0
610380,0.0064999999999827,0
610410,0.0044999999999845,0
610440,0.0065000000000054,0
610470,0.0025000000000318,0
610500,0.0024999999999408,0
610530,0.0030000000000427,0
610560,0.0049999999999727,0
610590,0.0260000000000218,0
610620,0.2379999999999654,0
610650,0.1329999999999699,0
610680,0.1790000000000191,0
610710,0.1620000000000346,0
610740,0.0269999999999754,0
610770,0.2485000000000127,0
610800,0.1350000000000136,0
610830,0.1839999999999918,0
610860,0.2140000000000782,0
610890,0.0404999999999972,0
610920,0.0610000000000354,0
610950,0.1940000000000054,0
610980,0.0540000000000191,0
611010,0.0165000000000191,0
611040,0.1234999999999672,0
611070,0.0230000000000018,0
611100,0.0194999999999481,0
611130,0.1910000000000081,0
611160,0.09350000000004,0
611190,0.0164999999999963,0
611220,0.2380000000000109,0
611250,0.0410000000000082,0
611280,0.0069999999999936,0
611310,0.1995000000000573,0
611340,0.1624999999999545,0
611370,0.0210000000000491,0
611400,0.0160000000000081,0
611430,0.2200000000000045,0
611460,0.071499999999969,0
611490,0.00600000000004,0
611520,0.2355000000000245,0
611550,0.1454999999999927,0
611580,0.0424999999999727,0
611610,0.2144999999999527,0
611640,0.1310000000000627,0
611670,0.0049999999999954,0
611700,0.0049999999999727,0
611730,0.010499999999979,0
611760,0.0065000000000054,0
611790,0.0055000000000291,0
611820,0.2555000000000064,0
611850,0.1514999999999418,0
611880,0.0160000000000081,0
611910,0.0064999999999599,0
611940,0.0039999999999963,0
611970,0.0259999999999763,0
612000,0.1920000000000073,0
612030,0.1279999999999518,0
612060,0.0644999999999527,0
612090,0.2415000000000645,0
612120,0.1394999999999754,0
612150,0.0149999999999863,0
612180,0.0060000000000172,0
612210,0.2440000000000054,0
612240,0.2330000000000382,0
612270,0.0369999999999436,0
612300,0.0290000000000418,0
612330,0.0055000000000745,0
612360,0.0219999999999799,0
612390,0.0205000000000154,0
612420,0.2384999999999309,0
612450,0.1429999999999609,0
612480,0.0165000000000418,0
612510,0.0390000000000554,0
612540,0.2354999999999563,0
612570,0.2020000000000209,0
612600,0.0234999999999445,0
612630,0.0099999999999909,0
612660,0.0090000000000372,0
612690,0.0120000000000345,0
612720,0.0084999999999581,0
612750,0.0119999999999436,0
612780,0.2330000000000382,0
612810,0.1505000000000791,0
612840,0.0220000000000254,0
612870,0.0049999999999954,0
612900,0.0134999999999763,0
612930,0.0150000000000318,0
612960,0.0069999999999936,0
612990,0.0124999999999317,0
613020,0.2415000000000191,0
613050,0.1069999999999936,0
613080,0.0284999999999854,0
613110,0.0084999999999809,0
613140,0.0089999999999918,0
613170,0.0164999999999963,0
613200,0.011999999999989,0
613230,0.0125000000000227,0
613260,0.0164999999999963,0
613290,0.010499999999979,0
613320,0.0130000000000791,0
613350,0.0035000000000081,0
613380,0.0135000000000218,0
613410,0.0049999999999954,0
613440,0.0154999999999745,0
613470,0.011999999999989,0
613500,0.0144999999999527,0
613530,0.0205000000000836,0
613560,0.0224999999999909,0
613590,0.2435000000000172,0
613620,0.0540000000000418,0
613650,0.1329999999999699,0
613680,0.0069999999999936,0
613710,0.0129999999999881,0
613740,0.1374999999999318,0
613770,0.1244999999999208,0
613800,0.005999999999949,0
613830,0.0070000000000391,0
613860,0.2270000000000209,0
613890,0.1474999999999454,0
613920,0.2389999999999873,0
613950,0.1395000000000436,0
613980,0.0174999999999727,0
614010,0.0555000000000518,0
614040,0.2384999999999763,0
614070,0.0875000000000454,0
614100,0.2015000000000327,0
614130,0.0970000000000482,0
614160,0.1754999999999654,0
614190,0.1644999999999981,0
614220,0.0269999999999299,0
614250,0.0115000000000463,0
614280,0.2689999999999827,0
614310,0.0864999999999781,0
614340,0.3160000000000537,0
614370,0.0885000000000445,0
614400,0.2439999999999827,0
614430,0.1084999999999354,0
614460,0.2564999999999827,0
614490,0.0675000000000182,0
614520,0.2059999999999491,0
614550,0.1085000000000718,0
614580,0.083999999999969,0
614610,0.1165000000000873,0
614640,0.0804999999999836,0
614670,0.0255000000000109,0
614700,0.0879999999999654,0
614730,0.0255000000000109,0
614760,0.008999999999969,0
614790,0.004000000000019,0
614820,0.0075000000000045,0
614850,0.0850000000000136,0
614880,0.0280000000000427,0
614910,0.0115000000000009,0
614940,0.0055000000000291,0
614970,0.0059999999999718,0
615000,0.01550000000002,0
615030,0.2375,0
615060,0.1430000000000291,0
615090,0.0385000000000218,0
615120,0.2370000000000118,0
615150,0.1050000000000636,0
615180,0.0170000000000072,0
615210,0.0054999999999381,0
615240,0.2440000000000509,0
615270,0.1529999999999973,0
615300,0.0170000000000072,0
615330,0.0089999999999918,0
615360,0.10499999999995,0
615390,0.1124999999999318,0
615420,0.0210000000000036,0
615450,0.0080000000000154,0
615480,0.0534999999999627,0
615510,0.11550000000002,0
615540,0.5894999999999755,0
615570,0.1869999999999891,0
615600,0.1229999999999563,0
615630,0.4529999999999518,0
615660,0.1110000000000127,0
615690,0.4375,0
615720,0.11850000000004,0
615750,0.2669999999999618,0
615780,0.2315000000000737,0
615810,0.0874999999999545,0
615840,0.2715000000000145,0
615870,0.1075000000000272,0
615900,0.4610000000000355,0
615930,0.1470000000000482,0
615960,0.4009999999999535,0
615990,0.1960000000000036,0
616020,0.1009999999999536,0
616050,0.541999999999962,0
616080,0.21099999999999,0
616110,0.1130000000000336,0
616140,0.647499999999991,0
616170,0.229000000000019,0
616200,0.09050000000002,0
616230,0.2149999999999863,0
616260,0.1039999999999963,0
616290,0.2724999999999454,0
616320,0.10600000000004,0
616350,0.4404999999999972,0
616380,0.2259999999999991,0
616410,0.3134999999999991,0
616440,0.2334999999999354,0
616470,0.0869999999999663,0
616500,0.2355000000000245,0
616530,0.0549999999999499,0
616560,0.0875000000000454,0
616590,0.1289999999999736,0
616620,0.3675000000000181,0
616650,0.2124999999999317,0
616680,0.2625000000000682,0
616710,0.1980000000000245,0
616740,0.122999999999979,0
616770,0.3954999999999246,0
616800,0.3855000000000018,0
616830,0.0949999999999818,0
616860,0.4889999999999646,0
616890,0.1559999999999945,0
616920,0.42349999999999,0
616950,0.21700000000003,0
616980,0.3235000000000127,0
617010,0.2380000000000791,0
617040,0.0884999999999991,0
617070,0.2224999999999909,0
617100,0.10900000000006,0
617130,0.44549999999997,0
617160,0.1059999999999263,0
617190,0.4955000000000382,0
617220,0.1860000000000127,0
617250,0.10450000000003,0
617280,0.3465000000000373,0
617310,0.0930000000000063,0
617340,0.4034999999999628,0
617370,0.2395000000000209,0
617400,0.0894999999999754,0
617430,0.2235000000000127,0
617460,0.1150000000000091,0
617490,0.2290000000000646,0
617520,0.1310000000000172,0
617550,0.1084999999999808,0
617580,0.1000000000000454,0
617610,0.3875,0
617640,0.2394999999999754,0
617670,0.3155000000000201,0
617700,0.2309999999999718,0
617730,0.0955000000000382,0
617760,0.2144999999999754,0
617790,0.1019999999999981,0
617820,0.2699999999999818,0
617850,0.0975000000000363,0
617880,0.45300000000002,0
617910,0.1380000000000564,0
617940,0.4120000000000345,0
617970,0.0615000000000691,0
618000,0.2999999999999773,0
618030,0.125999999999999,0
618060,0.0140000000000327,0
618090,0.0054999999999836,0
618120,0.0160000000000081,0
618150,0.0059999999999263,0
618180,0.0054999999999836,0
618210,0.1815000000000054,0
618240,0.1859999999999218,0
618270,0.022999999999979,0
618300,0.0120000000000118,0
618330,0.0294999999999618,0
618360,0.0099999999999681,0
618390,0.0050000000000181,0
618420,0.03900000000001,0
618450,0.2195000000000164,0
618480,0.1040000000000418,0
618510,0.010999999999899,0
618540,0.0039999999999736,0
618570,0.2254999999999654,0
618600,0.1900000000000318,0
618630,0.0265000000000327,0
618660,0.0079999999999472,0
618690,0.0429999999999154,0
618720,0.2290000000000418,0
618750,0.0995000000000118,0
618780,0.0094999999999799,0
618810,0.0149999999999863,0
618840,0.00150000000001,0
618870,0.0984999999999672,0
618900,0.2320000000000164,0
618930,0.1330000000000155,0
618960,0.0125,0
618990,0.0025000000000545,0
619020,0.0219999999999345,0
619050,0.2254999999999881,0
619080,0.1035000000000309,0
619110,0.0109999999999899,0
619140,0.0144999999999072,0
619170,0.0109999999999672,0
619200,0.0084999999999809,0
619230,0.0199999999999363,0
619260,0.23250000000005,0
619290,0.174499999999989,0
619320,0.0135000000000218,0
619350,0.002500000000009,0
619380,0.0034999999999854,0
619410,0.0020000000000209,0
619440,0.0040000000000418,0
619470,0.2155000000000427,0
619500,0.14699999999998,0
619530,0.0075000000000045,0
619560,0.0190000000000054,0
619590,0.19350000000004,0
619620,0.0520000000000209,0
619650,0.0304999999999608,0
619680,0.2394999999999981,0
619710,0.0865000000000009,0
619740,0.1874999999999545,0
619770,0.132499999999959,0
619800,0.0295000000000072,0
619830,0.1229999999999563,0
619860,0.0244999999998981,0
619890,0.0125000000000454,0
619920,0.0255000000000563,0
619950,0.022999999999979,0
619980,0.004499999999939,0
620010,0.1974999999999681,0
620040,0.1714999999999463,0
620070,0.0119999999999663,0
620100,0.0129999999999881,0
620130,0.0134999999999308,0
620160,0.0154999999999745,0
620190,0.0105000000000245,0
620220,0.0065000000000281,0
620250,0.0230000000000018,0
620280,0.0205000000000382,0
620310,0.0254999999999654,0
620340,0.2254999999999882,0
620370,0.1804999999999609,0
620400,0.00300000000002,0
620430,0.0024999999999863,0
620460,0.0039999999999963,0
620490,0.0049999999999954,0
620520,0.0029999999999517,0
620550,0.004000000000019,0
620580,0.2000000000000227,0
620610,0.1539999999999281,0
620640,0.0215000000000145,0
620670,0.0414999999999281,0
620700,0.0294999999999618,0
620730,0.0165000000000191,0
620760,0.0095000000000027,0
620790,0.0065000000000281,0
620820,0.0080000000000154,0
620850,0.2299999999999954,0
620880,0.2075000000000045,0
620910,0.0305000000000063,0
620940,0.0080000000000381,0
620970,0.0070000000000391,0
621000,0.124499999999989,0
621030,0.10400000000011,0
621060,0.0245000000000573,0
621090,0.2215000000000373,0
621120,0.1615000000000464,0
621150,0.0189999999999827,0
621180,0.2545000000000073,0
621210,0.1925000000000182,0
621240,0.0189999999999599,0
621270,0.0105000000000245,0
621300,0.0079999999999927,0
621330,0.0095000000000027,0
621360,0.0075000000000272,0
621390,0.005999999999949,0
621420,0.0095000000000254,0
621450,0.0094999999999572,0
621480,0.0085000000000945,0
621510,0.0099999999999681,0
621540,0.0100000000000136,0
621570,0.008999999999969,0
621600,0.0114999999999781,0
621630,0.0109999999999672,0
621660,0.0110000000000127,0
621690,0.0065000000000281,0
621720,0.2339999999999463,0
621750,0.1670000000000982,0
621780,0.0190000000000054,0
621810,0.0250000000000682,0
621840,0.0194999999999708,0
621870,0.0099999999999681,0
621900,0.2269999999999527,0
621930,0.2019999999999527,0
621960,0.0204999999999699,0
621990,0.2389999999999872,0
622020,0.0774999999999181,0
622050,0.0054999999999608,0
622080,0.2340000000000145,0
622110,0.1575000000000273,0
622140,0.0399999999999636,0
622170,0.0180000000000291,0
622200,0.2404999999999972,0
622230,0.1590000000000145,0
622260,0.0239999999999554,0
622290,0.2354999999999791,0
622320,0.1335000000000036,0
622350,0.0065000000000281,0
622380,0.0044999999999618,0
622410,0.0059999999999945,0
622440,0.0054999999999836,0
622470,0.0430000000000291,0
622500,0.2415000000000191,0
622530,0.1325000000000273,0
622560,0.0074999999999363,0
622590,0.0064999999999372,0
622620,0.0045000000000527,0
622650,0.0054999999999836,0
622680,0.0035000000000081,0
622710,0.2495000000000118,0
622740,0.0804999999999609,0
622770,0.029499999999939,0
622800,0.1725000000000818,0
622830,0.0649999999999408,0
622860,0.2339999999999463,0
622890,0.1095000000000482,0
622920,0.2494999999999891,0
622950,0.1170000000000072,0
622980,0.2395000000000209,0
623010,0.1115000000000236,0
623040,0.061999999999989,0
623070,0.1935000000000627,0
623100,0.1139999999999645,0
623130,0.0589999999999918,0
623160,0.0930000000000518,0
623190,0.0475000000000363,0
623220,0.2345000000000254,0
623250,0.11050000000007,0
623280,0.0109999999999899,0
623310,0.0474999999999454,0
623340,0.1670000000000072,0
623370,0.0485000000000582,0
623400,0.0174999999999954,0
623430,0.0235000000001036,0
623460,0.0135040512153637,0
623490,0.02450000000008,0
623520,0.0159999999999399,0
623550,0.2355000000000018,0
623580,0.1249999999999772,0
623610,0.0129999999999427,0
623640,0.0080000000000154,0
623670,0.016999999999939,0
623700,0.0380000000000563,0
623730,0.1974999999999681,0
623760,0.0790000000000645,0
623790,0.0109999999999672,0
623820,0.0099999999999909,0
623850,0.0070000000000163,0
623880,0.0099999999999681,0
623910,0.02150000000006,0
623940,0.2219999999999799,0
623970,0.07950000000003,0
624000,0.0259999999999763,0
624030,0.0110000000000127,0
624060,0.2355000000001155,0
624090,0.0395000000000436,0
624120,0.0079999999999927,0
624150,0.0060000000000172,0
624180,0.0069999999999936,0
624210,0.0059999999999718,0
624240,0.0049999999999499,0
624270,0.0079999999999927,0
624300,0.0065000000000054,0
624330,0.0099999999999909,0
624360,0.1799999999999954,0
624390,0.110499999999979,0
624420,0.0050000000000181,0
624450,0.0060000000000172,0
624480,0.0094999999999799,0
624510,0.005999999999949,0
624540,0.0080000000000381,0
624570,0.0039999999999963,0
624600,0.0074999999999363,0
624630,0.0079999999999699,0
624660,0.0135000000000445,0
624690,0.1630000000000109,0
624720,0.0070000000000163,0
624750,0.0049999999999954,0
624780,0.0055000000000063,0
624810,0.0075000000000272,0
624840,0.0084999999999581,0
624870,0.0065000000000509,0
624900,0.0060000000000172,0
624930,0.0074999999999818,0
624960,0.0215000000000372,0
624990,0.1304999999999154,0
625020,0.0185000000000627,0
625050,0.0055000000000973,0
625080,0.25949999999998,0
625110,0.4014999999999191,0
625140,0.2350000000000136,0
625170,0.0280000000000427,0
625200,0.335499999999979,0
625230,0.2220000000000027,0
625260,0.0129999999999199,0
625290,0.0080000000000154,0
625320,0.0085000000000263,0
625350,0.2060000000000173,0
625380,0.0014999999999417,0
625410,0.0045000000000072,0
625440,0.0044999999999618,0
625470,0.0034999999999627,0
625500,0.0045000000000754,0
625530,0.0035000000000536,0
625560,0.0049999999999954,0
625590,0.0029999999999745,0
625620,0.0025000000000318,0
625650,0.0020000000000209,0
625680,0.0039999999999963,0
625710,0.0035000000000536,0
625740,0.0035000000000309,0
625770,0.0019999999999981,0
625800,0.0019999999999754,0
625830,0.00300000000002,0
625860,0.00450000000003,0
625890,0.0035000000000081,0
625920,0.0019999999999754,0
625950,0.0024999999999863,0
625980,0.0035000000000081,0
626010,0.0034999999999627,0
626040,0.00450000000003,0
626070,0.0039999999999963,0
626100,0.0044999999999845,0
626130,0.0065000000000054,0
626160,0.0015000000000327,0
626190,0.0020000000000209,0
626220,0.0029999999999517,0
626250,0.0025000000000318,0
626280,0.0040000000000418,0
626310,0.0039999999999281,0
626340,0.0035000000000536,0
626370,0.0035000000000309,0
626400,0.0035000000000309,0
626430,0.0035000000000309,0
626460,0.0030000000000427,0
626490,0.0030000000000654,0
626520,0.0045000000000072,0
626550,0.0029999999999972,0
626580,0.0025000000000318,0
626610,0.0019999999999754,0
626640,0.0030000000000427,0
626670,0.0025000000000318,0
626700,0.002500000000009,0
626730,0.00300000000002,0
626760,0.0029999999999972,0
626790,0.0035000000000309,0
626820,0.0019999999999981,0
626850,0.0014999999999417,0
626880,0.0039999999999963,0
626910,0.0039999999999963,0
626940,0.0040000000000645,0
626970,0.0034999999999854,0
627000,0.0029999999999517,0
627030,0.0059999999999945,0
627060,0.0034999999999854,0
627090,0.0034999999999854,0
627120,0.00300000000002,0
627150,0.0034999999999854,0
627180,0.0055000000000518,0
627210,0.0029999999999972,0
627240,0.0059999999999945,0
627270,0.0035000000000081,0
627300,0.0010000000000218,0
627330,0.0044999999999845,0
627360,0.0029999999999745,0
627390,0.0039999999999736,0
627420,0.0044999999999845,0
627450,0.00600000000004,0
627480,0.0035000000000081,0
627510,0.0040000000000418,0
627540,0.0035000000000081,0
627570,0.0039999999999508,0
627600,0.0040000000000418,0
627630,0.0039999999999508,0
627660,0.0029999999999972,0
627690,0.0024999999999863,0
627720,0.00300000000002,0
627750,0.002500000000009,0
627780,0.00300000000002,0
627810,0.0024999999999636,0
627840,0.0035000000000081,0
627870,0.004499999999939,0
627900,0.0029999999999972,0
627930,0.0075000000000045,0
627960,0.0050000000000409,0
627990,0.00450000000003,0
628020,0.00450000000003,0
628050,0.0024999999999636,0
628080,0.0044999999999845,0
628110,0.00300000000002,0
628140,0.0029999999999972,0
628170,0.0029999999999745,0
628200,0.0040000000000873,0
628230,0.0019999999999754,0
628260,0.0044999999999618,0
628290,0.0030000000000427,0
628320,0.0019999999999527,0
628350,0.0024999999999863,0
628380,0.00300000000002,0
628410,0.0045000000000072,0
628440,0.0019999999999072,0
628470,0.0035000000000309,0
628500,0.0030000000000427,0
628530,0.0024999999999408,0
628560,0.0025000000000318,0
628590,0.002500000000009,0
628620,0.0019999999999754,0
628650,0.0035000000000081,0
628680,0.0034999999999399,0
628710,0.0055000000000291,0
628740,0.0044999999999845,0
628770,0.0030000000000427,0
628800,0.0034999999999627,0
628830,0.0069999999999708,0
628860,0.00300000000002,0
628890,0.0039999999999736,0
628920,0.002500000000009,0
628950,0.0030000000000427,0
628980,0.0025000000000545,0
629010,0.0024999999999181,0
629040,0.0034999999999854,0
629070,0.002500000000009,0
629100,0.00450000000003,0
629130,0.0034999999999854,0
629160,0.004499999999939,0
629190,0.0035000000000081,0
629220,0.0039999999999963,0
629250,0.0039999999999963,0
629280,0.004000000000019,0
629310,0.0059999999999718,0
629340,0.0050000000000181,0
629370,0.0019999999999299,0
629400,0.0040000000000873,0
629430,0.002500000000009,0
629460,0.0044999999999845,0
629490,0.00450000000003,0
629520,0.0035000000000309,0
629550,0.0034999999999399,0
629580,0.0034999999999627,0
629610,0.0020000000000436,0
629640,0.0039999999999963,0
629670,0.0039999999999736,0
629700,0.0054999999999381,0
629730,0.0079999999999927,0
629760,0.0054999999999608,0
629790,0.0055000000000291,0
629820,0.0024999999999863,0
629850,0.00450000000003,0
629880,0.0055000000000291,0
629910,0.0050000000000181,0
629940,0.0044999999999845,0
629970,0.0039999999999963,0
630000,0.0029999999999517,0
630030,0.00600000000004,0
630060,0.0054999999999608,0
630090,0.0055000000000063,0
630120,0.0045000000000072,0
630150,0.00450000000003,0
630180,0.0039999999999054,0
630210,0.0034999999999854,0
630240,0.0054999999999608,0
630270,0.0029999999999972,0
630300,0.0065000000000281,0
630330,0.004000000000019,0
630360,0.0050000000000409,0
630390,0.0054999999999608,0
630420,0.0059999999999718,0
630450,0.0035000000000081,0
630480,0.004000000000019,0
630510,0.0044999999999618,0
630540,0.0055000000000063,0
630570,0.0035000000000081,0
630600,0.0060000000000172,0
630630,0.0085000000000036,0
630660,0.0055000000000063,0
630690,0.00450000000003,0
630720,0.00450000000003,0
630750,0.0055000000000063,0
630780,0.0034999999999854,0
630810,0.004000000000019,0
630840,0.0050000000000181,0
630870,0.0054999999999608,0
630900,0.0035000000000536,0
630930,0.0054999999999836,0
630960,0.0054999999999836,0
630990,0.00450000000003,0
631020,0.0045000000000072,0
631050,0.0079999999999472,0
631080,0.0039999999999736,0
631110,0.0069999999999936,0
631140,0.00300000000002,0
631170,0.0060000000000172,0
631200,0.004499999999939,0
631230,0.0064999999999372,0
631260,0.0049999999999954,0
631290,0.0025000000000318,0
631320,0.0070000000000391,0
631350,0.0045000000000072,0
631380,0.0044999999999618,0
631410,0.0065000000000054,0
631440,0.00450000000003,0
631470,0.0069999999999708,0
631500,0.0054999999999836,0
631530,0.0080000000000381,0
631560,0.0039999999999963,0
631590,0.00450000000003,0
631620,0.0064999999999372,0
631650,0.0045000000000072,0
631680,0.0040000000000418,0
631710,0.00450000000003,0
631740,0.0055000000000291,0
631770,0.0024999999999636,0
631800,0.0035000000000309,0
631830,0.0050000000000409,0
631860,0.0049999999999727,0
631890,0.0049999999999727,0
631920,0.0050000000000636,0
631950,0.004000000000019,0
631980,0.0045000000000072,0
632010,0.0044999999999618,0
632040,0.0049999999999954,0
632070,0.0044999999999845,0
632100,0.0050000000000409,0
632130,0.00300000000002,0
632160,0.0049999999999954,0
632190,0.0060000000000172,0
632220,0.0034999999999627,0
632250,0.0029999999999972,0
632280,0.0044999999999618,0
632310,0.0064999999999827,0
632340,0.0039999999999736,0
632370,0.0039999999999736,0
632400,0.00600000000004,0
632430,0.0099999999999681,0
632460,0.00300000000002,0
632490,0.0049999999999727,0
632520,0.004000000000019,0
632550,0.0059999999999263,0
632580,0.0045000000000527,0
632610,0.00450000000003,0
632640,0.0060000000000172,0
632670,0.00450000000003,0
632700,0.0044999999999618,0
632730,0.0039999999999736,0
632760,0.0039999999999736,0
632790,0.0060000000000172,0
632820,0.0045000000000754,0
632850,0.0049999999999727,0
632880,0.0035000000000309,0
632910,0.0055000000000063,0
632940,0.0029999999999745,0
632970,0.0035000000000081,0
633000,0.0039999999999508,0
633030,0.0050000000000409,0
633060,0.0044999999999618,0
633090,0.0049999999999727,0
633120,0.0055000000000063,0
633150,0.0050000000000181,0
633180,0.0045000000000072,0
633210,0.0049999999999727,0
633240,0.0055000000000063,0
633270,0.0049999999999727,0
633300,0.00600000000004,0
633330,0.0065000000000281,0
633360,0.0065000000000281,0
633390,0.0055000000000291,0
633420,0.00300000000002,0
633450,0.0039999999999508,0
633480,0.00300000000002,0
633510,0.0030000000000654,0
633540,0.0050000000000181,0
633570,0.0055000000000291,0
633600,0.0044999999999163,0
633630,0.0039999999999508,0
633660,0.00600000000004,0
633690,0.0014999999999872,0
633720,0.0024999999999863,0
633750,0.00300000000002,0
633780,0.00300000000002,0
633810,0.0024999999999863,0
633840,0.0045000000000527,0
633870,0.0024999999999863,0
633900,0.0174999999999954,0
633930,0.0034999999999854,0
633960,0.0024999999999636,0
633990,0.0055000000000518,0
634020,0.0029999999999745,0
634050,0.00300000000002,0
634080,0.0035000000000081,0
634110,0.0050000000000409,0
634140,0.0049999999999272,0
634170,0.004000000000019,0
634200,0.0039999999999508,0
634230,0.0089999999999463,0
634260,0.0049999999999954,0
634290,0.0035000000000081,0
634320,0.0059999999999718,0
634350,0.0050000000000409,0
634380,0.0039999999999963,0
634410,0.0050000000000409,0
634440,0.0029999999999972,0
634470,0.002500000000009,0
634500,0.00300000000002,0
634530,0.0035000000000536,0
634560,0.0034999999999854,0
634590,0.005999999999949,0
634620,0.0035000000000309,0
634650,0.0044999999999618,0
634680,0.0045000000000072,0
634710,0.0044999999999845,0
634740,0.0045000000000527,0
634770,0.002500000000009,0
634800,0.0039999999999736,0
634830,0.00450000000003,0
634860,0.0044999999999618,0
634890,0.0034999999999854,0
634920,0.0035000000000081,0
634950,0.0044999999999618,0
634980,0.004000000000019,0
635010,0.0049999999999727,0
635040,0.0035000000000081,0
635070,0.00150000000001,0
635100,0.0024999999999863,0
635130,0.0070000000000163,0
635160,0.0020000000000209,0
635190,0.0034999999999854,0
635220,0.0029999999999972,0
635250,0.0034999999999627,0
635280,0.0039999999999963,0
635310,0.0039999999999963,0
635340,0.0044999999999618,0
635370,0.0039999999999736,0
635400,0.0034999999999854,0
635430,0.0049999999999954,0
635460,0.0029999999999972,0
635490,0.0035000000000309,0
635520,0.0024999999999636,0
635550,0.004000000000019,0
635580,0.0054999999999608,0
635610,0.0035000000000081,0
635640,0.0050000000000409,0
635670,0.0055000000000291,0
635700,0.0029999999999063,0
635730,0.0019999999999981,0
635760,0.0024999999999863,0
635790,0.004000000000019,0
635820,0.0019999999999981,0
635850,0.002500000000009,0
635880,0.0035000000000081,0
635910,0.0050000000000409,0
635940,0.0029999999999517,0
635970,0.0044999999999845,0
636000,0.0014999999999645,0
636030,0.0069999999999936,0
636060,0.0029999999999745,0
636090,0.0019999999999981,0
636120,0.0029999999999745,0
636150,0.002500000000009,0
636180,0.0035000000000536,0
636210,0.0020000000000209,0
636240,0.0024999999999636,0
636270,0.0044999999999845,0
636300,0.0040000000000418,0
636330,0.0039999999999963,0
636360,0.0045000000000072,0
636390,0.0050000000000181,0
636420,0.0045000000000072,0
636450,0.0014999999999872,0
636480,0.002500000000009,0
636510,0.0024999999999863,0
636540,0.0020000000000209,0
636570,0.0035000000000081,0
636600,0.0029999999999745,0
636630,0.00450000000003,0
636660,0.0029999999999972,0
636690,0.0039999999999963,0
636720,0.0024999999999863,0
636750,0.0035000000000309,0
636780,0.0035000000000081,0
636810,0.0034999999999399,0
636840,0.0019999999999981,0
636870,0.0034999999999627,0
636900,0.004000000000019,0
636930,0.0070000000000391,0
636960,0.0039999999999963,0
636990,0.0024999999999408,0
637020,0.0030000000000427,0
637050,0.0034999999999627,0
637080,0.0019999999999981,0
637110,0.0034999999999399,0
637140,0.0035000000000081,0
637170,0.00300000000002,0
637200,0.0025000000000318,0
637230,0.0035000000000081,0
637260,0.0030000000000427,0
637290,0.0034999999999627,0
637320,0.00300000000002,0
637350,0.0030000000000427,0
637380,0.00300000000002,0
637410,0.00450000000003,0
637440,0.0025000000000318,0
637470,0.0044999999999845,0
637500,0.0024999999999863,0
637530,0.0035000000000309,0
637560,0.0034999999999854,0
637590,0.0035000000000309,0
637620,0.0034999999999854,0
637650,0.002500000000009,0
637680,0.0049999999999727,0
637710,0.00600000000004,0
637740,0.0034999999999854,0
637770,0.0049999999999499,0
637800,0.0029999999999745,0
637830,0.0095000000000709,0
637860,0.0050000000000409,0
637890,0.0049999999999954,0
637920,0.0045000000000072,0
637950,0.0054999999999836,0
637980,0.0034999999999854,0
638010,0.0049999999999499,0
638040,0.0039999999999963,0
638070,0.0060000000000854,0
638100,0.0029999999999972,0
638130,0.0034999999999627,0
638160,0.0060000000000172,0
638190,0.0050000000000181,0
638220,0.0039999999999281,0
638250,0.0040000000000418,0
638280,0.0024999999999863,0
638310,0.0079999999999927,0
638340,0.0039999999999508,0
638370,0.0045000000000072,0
638400,0.0065000000000281,0
638430,0.0064999999999827,0
638460,0.0064999999999827,0
638490,0.005999999999949,0
638520,0.00450000000003,0
638550,0.008999999999969,0
638580,0.0034999999999399,0
638610,0.0059999999999945,0
638640,0.0039999999999963,0
638670,0.0065000000000736,0
638700,0.0035000000000081,0
638730,0.0090000000000372,0
638760,0.0054999999999836,0
638790,0.0069999999999936,0
638820,0.0029999999999745,0
638850,0.0059999999999945,0
638880,0.0064999999999599,0
638910,0.0080000000000381,0
638940,0.0050000000000409,0
638970,0.0054999999999836,0
639000,0.0045000000000754,0
639030,0.0060000000000172,0
639060,0.0039999999999963,0
639090,0.0060000000000172,0
639120,0.0045000000000072,0
639150,0.0054999999999836,0
639180,0.0050000000000409,0
639210,0.0045000000000072,0
639240,0.0035000000000081,0
639270,0.0080000000000381,0
639300,0.0075000000000272,0
639330,0.0044999999999845,0
639360,0.0039999999999736,0
639390,0.00600000000004,0
639420,0.0055000000000291,0
639450,0.0070000000000163,0
639480,0.0049999999999954,0
639510,0.0075000000000272,0
639540,0.0044999999999845,0
639570,0.0055000000000973,0
639600,0.0059999999999718,0
639630,0.0099999999999909,0
639660,0.00450000000003,0
639690,0.0059999999999718,0
639720,0.0039999999999736,0
639750,0.0064999999999827,0
639780,0.0034999999999627,0
639810,0.0050000000000181,0
639840,0.0049999999999954,0
639870,0.0070000000000618,0
639900,0.0070000000000391,0
639930,0.0045000000000072,0
639960,0.0019999999999754,0
639990,0.0070000000000618,0
640020,0.0045000000000072,0
640050,0.0069999999999481,0
640080,0.0039999999999736,0
640110,0.0085000000000036,0
640140,0.0035000000000309,0
640170,0.0055000000000291,0
640200,0.004499999999939,0
640230,0.0070000000000163,0
640260,0.0044999999999618,0
640290,0.0055000000000063,0
640320,0.00450000000003,0
640350,0.0074999999999363,0
640380,0.0055000000000063,0
640410,0.0055000000000518,0
640440,0.0049999999999954,0
640470,0.0085000000000036,0
640500,0.0049999999999954,0
640530,0.0095000000000254,0
640560,0.0049999999999954,0
640590,0.0049999999999954,0
640620,0.0024999999999863,0
640650,0.0060000000000172,0
640680,0.0039999999999963,0
640710,0.0059999999999035,0
640740,0.0054999999999836,0
640770,0.0050000000000409,0
640800,0.0070000000000163,0
640830,0.0079999999999699,0
640860,0.0035000000000309,0
640890,0.0030000000000427,0
640920,0.004000000000019,0
640950,0.0054999999999836,0
640980,0.0050000000000636,0
641010,0.0070000000000618,0
641040,0.0059999999999945,0
641070,0.005999999999949,0
641100,0.0040000000000645,0
641130,0.0055000000000291,0
641160,0.0045000000000072,0
641190,0.0069999999999936,0
641220,0.0040000000000418,0
641250,0.0064999999999827,0
641280,0.0050000000000181,0
641310,0.0075000000000045,0
641340,0.0034999999999854,0
641370,0.0055000000000063,0
641400,0.0045000000000072,0
641430,0.0069999999999481,0
641460,0.0039999999999963,0
641490,0.0054999999999381,0
641520,0.0039999999999736,0
641550,0.0075000000000272,0
641580,0.0045000000000072,0
641610,0.0060000000000172,0
641640,0.004499999999939,0
641670,0.0060000000000172,0
641700,0.00450000000003,0
641730,0.0050000000000409,0
641760,0.0049999999999727,0
641790,0.0069999999999936,0
641820,0.0040000000000418,0
641850,0.0029999999999972,0
641880,0.0045000000000072,0
641910,0.0069999999999936,0
641940,0.0050000000000181,0
641970,0.0044999999999845,0
642000,0.0045000000000072,0
642030,0.005999999999949,0
642060,0.0045000000000754,0
642090,0.0039999999999736,0
642120,0.0049999999999727,0
642150,0.0065000000000281,0
642180,0.0035000000000309,0
642210,0.004499999999939,0
642240,0.0035000000000763,0
642270,0.005999999999949,0
642300,0.0050000000000181,0
642330,0.0095000000000254,0
642360,0.0040000000000645,0
642390,0.0054999999999608,0
642420,0.0044999999999845,0
642450,0.0055000000000291,0
642480,0.0044999999999618,0
642510,0.0060000000000172,0
642540,0.0030000000000427,0
642570,0.0044999999999618,0
642600,0.004000000000019,0
642630,0.0055000000000063,0
642660,0.0044999999999618,0
642690,0.0050000000000181,0
642720,0.00450000000003,0
642750,0.0074999999998908,0
642780,0.00450000000003,0
642810,0.0054999999999608,0
642840,0.0034999999999854,0
642870,0.0055000000000291,0
642900,0.0055000000000973,0
642930,0.0045000000000072,0
642960,0.0035000000000081,0
642990,0.0059999999999945,0
643020,0.0015000000000327,0
643050,0.0054999999999154,0
643080,0.0050000000000181,0
643110,0.0064999999999599,0
643140,0.004000000000019,0
643170,0.0039999999999963,0
643200,0.0055000000000063,0
643230,0.0085000000000263,0
643260,0.0020000000000209,0
643290,0.0034999999999854,0
643320,0.0034999999999854,0
643350,0.0060000000000172,0
643380,0.0050000000000181,0
643410,0.0029999999999972,0
643440,0.0039999999999963,0
643470,0.0060000000000172,0
643500,0.0049999999998817,0
643530,0.0039999999999736,0
643560,0.0035000000000309,0
643590,0.0020000000000209,0
643620,0.002500000000009,0
643650,0.0034999999999854,0
643680,0.004000000000019,0
643710,0.0050000000000409,0
643740,0.0039999999999508,0
643770,0.0034999999999627,0
643800,0.0050000000000864,0
643830,0.0050000000000409,0
643860,0.0055000000000063,0
643890,0.0054999999999608,0
643920,0.0035000000000536,0
643950,0.0055000000000291,0
643980,0.0039999999999963,0
644010,0.00300000000002,0
644040,0.0014999999999872,0
644070,0.0059999999999945,0
644100,0.0039999999999736,0
644130,0.0049999999999954,0
644160,0.0045000000000072,0
644190,0.0059999999999945,0
644220,0.00300000000002,0
644250,0.0065000000000054,0
644280,0.0024999999999636,0
644310,0.004000000000019,0
644340,0.0039999999999508,0
644370,0.0035000000000081,0
644400,0.0014999999999645,0
644430,0.0075000000000727,0
644460,0.0035000000000081,0
644490,0.0059999999999945,0
644520,0.0050000000000181,0
644550,0.0060000000000172,0
644580,0.0030000000000427,0
644610,0.0044999999999618,0
644640,0.0020000000000209,0
644670,0.0055000000000063,0
644700,0.0055000000000291,0
644730,0.0024999999999863,0
644760,0.0020000000000209,0
644790,0.0045000000000072,0
644820,0.0039999999999736,0
644850,0.0044999999999845,0
644880,0.0039999999999508,0
644910,0.0074999999999818,0
644940,0.0045000000000754,0
644970,0.0049999999999727,0
645000,0.0050000000000181,0
645030,0.0085000000000036,0
645060,0.0044999999999845,0
645090,0.0055000000000291,0
645120,0.0034999999999854,0
645150,0.0079999999999699,0
645180,0.0035000000000081,0
645210,0.0045000000000527,0
645240,0.0029999999999745,0
645270,0.0059999999999945,0
645300,0.0065000000000054,0
645330,0.0034999999999854,0
645360,0.0029999999999972,0
645390,0.0045000000000527,0
645420,0.0035000000000081,0
645450,0.0029999999999745,0
645480,0.0039999999999963,0
645510,0.0064999999999372,0
645540,0.0029999999999972,0
645570,0.0049999999999954,0
645600,0.004000000000019,0
645630,0.0040000000000418,0
645660,0.0029999999999517,0
645690,0.0024999999999863,0
645720,0.0024999999999863,0
645750,0.008999999999969,0
645780,0.0045000000000072,0
645810,0.0035000000000081,0
645840,0.0050000000000409,0
645870,0.0044999999999845,0
645900,0.00300000000002,0
645930,0.008999999999969,0
645960,0.002500000000009,0
645990,0.0034999999999854,0
646020,0.00300000000002,0
646050,0.0055000000000063,0
646080,0.00150000000001,0
646110,0.0049999999999499,0
646140,0.004000000000019,0
646170,0.002500000000009,0
646200,0.0020000000000209,0
646230,0.0035000000000081,0
646260,0.0015000000000327,0
646290,0.0024999999999863,0
646320,0.0035000000000081,0
646350,0.0064999999999827,0
646380,0.0034999999999399,0
646410,0.0035000000000081,0
646440,0.002500000000009,0
646470,0.0065000000000281,0
646500,0.0025000000000318,0
646530,0.0044999999999618,0
646560,0.0045000000000527,0
646590,0.0075000000000954,0
646620,0.0039999999999963,0
646650,0.0059999999999263,0
646680,0.0040000000000418,0
646710,0.0049999999999499,0
646740,0.0035000000000081,0
646770,0.0054999999999836,0
646800,0.0055000000000291,0
646830,0.0095000000000482,0
646860,0.0039999999999736,0
646890,0.004000000000019,0
646920,0.0035000000000081,0
646950,0.00600000000004,0
646980,0.0039999999999736,0
647010,0.0044999999999845,0
647040,0.0049999999999954,0
647070,0.0065000000000736,0
647100,0.0055000000000063,0
647130,0.0039999999999736,0
647160,0.0044999999999618,0
647190,0.0079999999999927,0
647220,0.002500000000009,0
647250,0.0055000000000518,0
647280,0.0039999999999963,0
647310,0.0065000000000054,0
647340,0.0039999999999963,0
647370,0.00600000000004,0
647400,0.0049999999999954,0
647430,0.0049999999999499,0
647460,0.0049999999999954,0
647490,0.0045000000000527,0
647520,0.0034999999999627,0
647550,0.0075000000000272,0
647580,0.0519999999999299,0
647610,0.0039999999999736,0
647640,0.0039999999999508,0
647670,0.0064999999999827,0
647700,0.005999999999949,0
647730,0.0244999999999663,0
647760,0.0060000000000172,0
647790,0.0070000000000391,0
647820,0.004000000000019,0
647850,0.0045000000000527,0
647880,0.0039999999999736,0
647910,0.0065000000000281,0
647940,0.0064999999999827,0
647970,0.0044999999999845,0
648000,0.0045000000000072,0
648030,0.0054999999999836,0
648060,0.0050000000000181,0
648090,0.00600000000004,0
648120,0.0044999999999845,0
648150,0.0074999999999818,0
648180,0.004499999999939,0
648210,0.0059999999999945,0
648240,0.0035000000000309,0
648270,0.0069999999999936,0
648300,0.0049999999999954,0
648330,0.0050000000000636,0
648360,0.004000000000019,0
648390,0.00450000000003,0
648420,0.0050000000000636,0
648450,0.0055000000000063,0
648480,0.0034999999999627,0
648510,0.0070000000000391,0
648540,0.0049999999999727,0
648570,0.0050000000000181,0
648600,0.0049999999999727,0
648630,0.0075000000000045,0
648660,0.0040000000000418,0
648690,0.0054999999999608,0
648720,0.0050000000000409,0
648750,0.0059999999999945,0
648780,0.0045000000000072,0
648810,0.00600000000004,0
648840,0.0039999999999963,0
648870,0.0049999999999954,0
648900,0.0044999999999845,0
648930,0.0035000000000081,0
648960,0.0045000000000072,0
648990,0.0044999999999845,0
649020,0.0045000000000072,0
649050,0.0054999999999836,0
649080,0.0040000000000418,0
649110,0.0049999999999954,0
649140,0.004000000000019,0
649170,0.0070000000000163,0
649200,0.0050000000000636,0
649230,0.0069999999999481,0
649260,0.0049999999999727,0
649290,0.0054999999999836,0
649320,0.0055000000000291,0
649350,0.0084999999999581,0
649380,0.0049999999999954,0
649410,0.0054999999999608,0
649440,0.0030000000000654,0
649470,0.0059999999999035,0
649500,0.0055000000000063,0
649530,0.0065000000000054,0
649560,0.0055000000000745,0
649590,0.007499999999959,0
649620,0.0049999999999727,0
649650,0.0050000000000636,0
649680,0.0039999999999508,0
649710,0.0055000000000291,0
649740,0.004499999999939,0
649770,0.0065000000000054,0
649800,0.0049999999999954,0
649830,0.00600000000004,0
649860,0.0040000000000418,0
649890,0.0055000000000063,0
649920,0.00450000000003,0
649950,0.0064999999999372,0
649980,0.0039999999999963,0
650010,0.0054999999999381,0
650040,0.0039999999999736,0
650070,0.0069999999999481,0
650100,0.0039999999999508,0
650130,0.00600000000004,0
650160,0.0040000000000418,0
650190,0.0069999999999708,0
650220,0.0049999999999727,0
650250,0.0060000000000172,0
650280,0.00450000000003,0
650310,0.0039999999999736,0
650340,0.0029999999999972,0
650370,0.0049999999999954,0
650400,0.0070000000000618,0
650430,0.0054999999999836,0
650460,0.0059999999999718,0
650490,0.0050000000000636,0
650520,0.00300000000002,0
650550,0.0090000000000145,0
650580,0.0049999999999954,0
650610,0.0054999999999608,0
650640,0.0045000000000072,0
650670,0.0045000000000072,0
650700,0.0034999999999627,0
650730,0.0055000000000063,0
650760,0.0039999999999963,0
650790,0.0034999999999399,0
650820,0.0029999999999972,0
650850,0.0034999999999854,0
650880,0.0019999999999981,0
650910,0.0064999999999827,0
650940,0.004000000000019,0
650970,0.0045000000000754,0
651000,0.0034999999999854,0
651030,0.0050000000000864,0
651060,0.0029999999999745,0
651090,0.0049999999999727,0
651120,0.0024999999999863,0
651150,0.0069999999999481,0
651180,0.0030000000000427,0
651210,0.0029999999999972,0
651240,0.0040000000000418,0
651270,0.0059999999999263,0
651300,0.0039999999999963,0
651330,0.0080000000000609,0
651360,0.0024999999999636,0
651390,0.0070000000000163,0
651420,0.0029999999999972,0
651450,0.00450000000003,0
651480,0.0035000000000081,0
651510,0.0055000000000518,0
651540,0.0044999999999845,0
651570,0.0055000000000745,0
651600,0.0039999999999963,0
651630,0.0054999999999836,0
651660,0.0044999999999618,0
651690,0.0035000000000309,0
651720,0.0034999999999854,0
651750,0.00750000000005,0
651780,0.0034999999999854,0
651810,0.0045000000000072,0
651840,0.0025000000000318,0
651870,0.0039999999999281,0
651900,0.0035000000000081,0
651930,0.0045000000000072,0
651960,0.002500000000009,0
651990,0.0040000000000645,0
652020,0.0054999999999154,0
652050,0.0030000000000654,0
652080,0.002999999999929,0
652110,0.0044999999999845,0
652140,0.0020000000000209,0
652170,0.0059999999999945,0
652200,0.0035000000000081,0
652230,0.0080000000000154,0
652260,0.0024999999998954,0
652290,0.0025000000000318,0
652320,0.0035000000000081,0
652350,0.0045000000000072,0
652380,0.0024999999999636,0
652410,0.00300000000002,0
652440,0.0044999999999845,0
652470,0.0035000000000081,0
652500,0.0035000000000081,0
652530,0.0050000000000409,0
652560,0.004000000000019,0
652590,0.0059999999999718,0
652620,0.0024999999999636,0
652650,0.0055000000000518,0
652680,0.0034999999999854,0
652710,0.0039999999999963,0
652740,0.00300000000002,0
652770,0.0029999999999745,0
652800,0.0045000000000982,0
652830,0.00300000000002,0
652860,0.0035000000000536,0
652890,0.0039999999999508,0
652920,0.0034999999999627,0
652950,0.0060000000000172,0
652980,0.0020000000000436,0
653010,0.0044999999999845,0
653040,0.0039999999999963,0
653070,0.0039999999999963,0
653100,0.0034999999999854,0
653130,0.0085000000000491,0
653160,0.0014999999999872,0
653190,0.0044999999999845,0
653220,0.0029999999999972,0
653250,0.0030000000000427,0
653280,0.0049999999999272,0
653310,0.0045000000000072,0
653340,0.0044999999999845,0
653370,0.0035000000000081,0
653400,0.0039999999999508,0
653430,0.0040000000000418,0
653460,0.0040000000000418,0
653490,0.0029999999999745,0
653520,0.0025000000000318,0
653550,0.004000000000019,0
653580,0.0045000000000072,0
653610,0.0055000000000291,0
653640,0.0035000000000081,0
653670,0.0039999999999736,0
653700,0.0050000000000636,0
653730,0.0044999999999845,0
653760,0.004000000000019,0
653790,0.0039999999999281,0
653820,0.0050000000000864,0
653850,0.0044999999999845,0
653880,0.0034999999999399,0
653910,0.00450000000003,0
653940,0.0029999999999972,0
653970,0.0034999999999399,0
654000,0.0149999999999408,0
654030,0.0085000000000491,0
654060,0.0035000000000309,0
654090,0.0029999999999745,0
654120,0.0029999999999745,0
654150,0.005999999999949,0
654180,0.0035000000000309,0
654210,0.0034999999999172,0
654240,0.0040000000000418,0
654270,0.0045000000000527,0
654300,0.0035000000000081,0
654330,0.0044999999999618,0
654360,0.0039999999999963,0
654390,0.0034999999999627,0
654420,0.0029999999999972,0
654450,0.0049999999999727,0
654480,0.0020000000000436,0
654510,0.0044999999999618,0
654540,0.00300000000002,0
654570,0.0035000000000309,0
654600,0.0045000000000072,0
654630,0.004499999999939,0
654660,0.0014999999999872,0
654690,0.0054999999999836,0
654720,0.0039999999999963,0
654750,0.0050000000000409,0
654780,0.00150000000001,0
654810,0.0029999999999063,0
654840,0.00300000000002,0
654870,0.0039999999999281,0
654900,0.0059999999999945,0
654930,0.0064999999999827,0
654960,0.0030000000000427,0
654990,0.0059999999999718,0
655020,0.0024999999999636,0
655050,0.0045000000000072,0
655080,0.0035000000000081,0
655110,0.0044999999999845,0
655140,0.0040000000000418,0
655170,0.0034999999999399,0
655200,0.0060000000000172,0
655230,0.0044999999999845,0
655260,0.0029999999999517,0
655290,0.0035000000000763,0
655320,0.0034999999999627,0
655350,0.0040000000000418,0
655380,0.0039999999999736,0
655410,0.0034999999999854,0
655440,0.004000000000019,0
655470,0.0055000000000745,0
655500,0.0049999999998817,0
655530,0.0034999999999854,0
655560,0.0050000000000181,0
655590,0.0064999999999599,0
655620,0.0044999999999163,0
655650,0.00600000000004,0
655680,0.0039999999999963,0
655710,0.0064999999999599,0
655740,0.00600000000004,0
655770,0.0040000000000418,0
655800,0.0045000000000072,0
655830,0.0065000000000054,0
655860,0.0044999999999618,0
655890,0.0070000000000163,0
655920,0.0040000000000418,0
655950,0.0065000000000281,0
655980,0.0039999999999508,0
656010,0.0045000000000072,0
656040,0.0044999999999618,0
656070,0.0060000000000172,0
656100,0.0060000000000172,0
656130,0.0040000000000418,0
656160,0.0045000000000072,0
656190,0.0060000000000172,0
656220,0.0064999999999827,0
656250,0.00450000000003,0
656280,0.0065000000000509,0
656310,0.0070000000000391,0
656340,0.0064999999999599,0
656370,0.0064999999999145,0
656400,0.0035000000000309,0
656430,0.0059999999999945,0
656460,0.0064999999999599,0
656490,0.004000000000019,0
656520,0.0045000000000527,0
656550,0.0059999999999718,0
656580,0.0049999999999954,0
656610,0.0064999999999145,0
656640,0.0055000000000063,0
656670,0.0050000000000181,0
656700,0.0044999999999618,0
656730,0.0055000000000063,0
656760,0.0045000000000072,0
656790,0.0055000000000063,0
656820,0.005999999999949,0
656850,0.0055000000000518,0
656880,0.0055000000000518,0
656910,0.0074999999999135,0
656940,0.0035000000000309,0
656970,0.0044999999999845,0
657000,0.0055000000000291,0
657030,0.0045000000000072,0
657060,0.004000000000019,0
657090,0.0055000000000518,0
657120,0.0044999999999845,0
657150,0.00300000000002,0
657180,0.0065000000000054,0
657210,0.0070000000000163,0
657240,0.0045000000000527,0
657270,0.0064999999999599,0
657300,0.0055000000000518,0
657330,0.0065000000000281,0
657360,0.0049999999999727,0
657390,0.0075000000000272,0
657420,0.0060000000000627,0
657450,0.0064999999999599,0
657480,0.0044999999999845,0
657510,0.0065000000000281,0
657540,0.0035000000000763,0
657570,0.0064999999999827,0
657600,0.0065000000000281,0
657630,0.0095000000000027,0
657660,0.0045000000000072,0
657690,0.0049999999999954,0
657720,0.0044999999999618,0
657750,0.0060000000000172,0
657780,0.0049999999999499,0
657810,0.0070000000000618,0
657840,0.0039999999999736,0
657870,0.00600000000004,0
657900,0.0070000000000163,0
657930,0.0065000000000054,0
657960,0.0039999999999736,0
657990,0.0070000000000618,0
658020,0.0054999999999608,0
658050,0.0059999999999945,0
658080,0.0039999999999736,0
658110,0.0069999999999708,0
658140,0.0059999999999718,0
658170,0.0050000000000409,0
658200,0.0049999999999727,0
658230,0.0055000000000063,0
658260,0.0040000000000418,0
658290,0.0054999999999836,0
658320,0.0069999999999708,0
658350,0.0055000000000518,0
658380,0.0044999999999618,0
658410,0.0060000000000172,0
658440,0.0039999999999963,0
658470,0.0050000000000181,0
658500,0.0069999999999708,0
658530,0.0060000000001082,0
658560,0.0029999999999972,0
658590,0.0054999999999608,0
658620,0.0050000000000181,0
658650,0.0085000000000945,0
658680,0.0039999999999281,0
658710,0.00450000000003,0
658740,0.0055000000000518,0
658770,0.0035000000000081,0
658800,0.0055000000000518,0
658830,0.0059999999999718,0
658860,0.0064999999999827,0
658890,0.0035000000000081,0
658920,0.0039999999999963,0
658950,0.0069999999999481,0
658980,0.0040000000000418,0
659010,0.00450000000003,0
659040,0.0044999999999618,0
659070,0.0054999999999608,0
659100,0.0085000000000263,0
659130,0.0050000000000181,0
659160,0.0055000000000063,0
659190,0.0019999999999299,0
659220,0.0045000000000754,0
659250,0.0069999999999026,0
659280,0.0034999999999854,0
659310,0.0019999999999981,0
659340,0.0050000000000636,0
659370,0.0039999999999281,0
659400,0.0049999999999727,0
659430,0.0080000000000154,0
659460,0.0034999999999854,0
659490,0.0034999999999854,0
659520,0.00300000000002,0
659550,0.0059999999999945,0
659580,0.0029999999999745,0
659610,0.0045000000000072,0
659640,0.0040000000000873,0
659670,0.0039999999999281,0
659700,0.0074999999999818,0
659730,0.00300000000002,0
659760,0.0024999999999863,0
659790,0.004000000000019,0
659820,0.0019999999999754,0
659850,0.0044999999999845,0
659880,0.00300000000002,0
659910,0.0035000000000081,0
659940,0.0050000000000181,0
659970,0.0065000000000281,0
660000,0.0029999999999517,0
660030,0.0055000000000291,0
660060,0.0049999999999954,0
660090,0.0069999999999708,0
660120,0.0049999999999499,0
660150,0.0054999999999836,0
660180,0.0045000000000072,0
660210,0.0060000000000172,0
660240,0.0034999999999627,0
660270,0.004000000000019,0
660300,0.0040000000000418,0
660330,0.0064999999999827,0
660360,0.0034999999999854,0
660390,0.0044999999999845,0
660420,0.0039999999999508,0
660450,0.0050000000000636,0
660480,0.0050000000000181,0
660510,0.0034999999999627,0
660540,0.0050000000000636,0
660570,0.0044999999999845,0
660600,0.0039999999999736,0
660630,0.0064999999999827,0
660660,0.0035000000000081,0
660690,0.0039999999999963,0
660720,0.0070000000000163,0
660750,0.0069999999999708,0
660780,0.00450000000003,0
660810,0.0049999999999499,0
660840,0.0039999999999736,0
660870,0.00300000000002,0
660900,0.0024999999999181,0
660930,0.0054999999999836,0
660960,0.0065000000000281,0
660990,0.00450000000003,0
661020,0.0039999999999963,0
661050,0.0029999999999972,0
661080,0.0035000000000081,0
661110,0.0064999999999145,0
661140,0.00450000000003,0
661170,0.0035000000000081,0
661200,0.0044999999999163,0
661230,0.0079999999999927,0
661260,0.0034993001400029,0
661290,0.0055000000000291,0
661320,0.0025000000000545,0
661350,0.0059999999999263,0
661380,0.0055000000000063,0
661410,0.0035000000000081,0
661440,0.0050000000000409,0
661470,0.0039999999999963,0
661500,0.0064999999999827,0
661530,0.00300000000002,0
661560,0.0024999999999863,0
661590,0.0044999999999618,0
661620,0.0025000000000318,0
661650,0.00450000000003,0
661680,0.0035000000000081,0
661710,0.0049999999999499,0
661740,0.0055000000000973,0
661770,0.0049999999999954,0
661800,0.00450000000003,0
661830,0.0064999999999599,0
661860,0.0055000000000063,0
661890,0.0029999999999972,0
661920,0.0015000000000327,0
661950,0.0055000000000291,0
661980,0.00300000000002,0
662010,0.0034999999999172,0
662040,0.0030000000000427,0
662070,0.0060000000000172,0
662100,0.0050000000000636,0
662130,0.0079999999999699,0
662160,0.0034999999999627,0
662190,0.004000000000019,0
662220,0.0039999999999736,0
662250,0.00450000000003,0
662280,0.0020000000000209,0
662310,0.0044999999999618,0
662340,0.0035000000000081,0
662370,0.002500000000009,0
662400,0.0054999999999154,0
662430,0.0065000000000054,0
662460,0.0029999999999745,0
662490,0.0034999999999627,0
662520,0.0020000000000436,0
662550,0.0025000000000545,0
662580,0.0029999999999517,0
662610,0.0044999999999845,0
662640,0.004000000000019,0
662670,0.004000000000019,0
662700,0.0039999999999281,0
662730,0.0034999999999399,0
662760,0.0030000000000654,0
662790,0.0050000000000409,0
662820,0.0049999999999727,0
662850,0.004000000000019,0
662880,0.0035000000000081,0
662910,0.0039999999999963,0
662940,0.0044999999999845,0
662970,0.0034999999999854,0
663000,0.0059999999999718,0
663030,0.0075000000000045,0
663060,0.0039999999999963,0
663090,0.00450000000003,0
663120,0.004000000000019,0
663150,0.0049999999999499,0
663180,0.0019999999999754,0
663210,0.00300000000002,0
663240,0.0034999999999854,0
663270,0.00450000000003,0
663300,0.0060000000000627,0
663330,0.0039999999999736,0
663360,0.002500000000009,0
663390,0.0044999999999618,0
663420,0.00300000000002,0
663450,0.0035000000000309,0
663480,0.0035000000000081,0
663510,0.0069999999999481,0
663540,0.00300000000002,0
663570,0.0024999999999408,0
663600,0.0039999999999963,0
663630,0.00450000000003,0
663660,0.0059999999999945,0
663690,0.0055000000000063,0
663720,0.0039999999999736,0
663750,0.0065000000000054,0
663780,0.002500000000009,0
663810,0.0029999999999517,0
663840,0.00300000000002,0
663870,0.0055000000000518,0
663900,0.0050000000000409,0
663930,0.007499999999959,0
663960,0.0020000000000209,0
663990,0.0040000000000418,0
664020,0.0059999999999945,0
664050,0.0039999999999963,0
664080,0.00300000000002,0
664110,0.0050000000000409,0
664140,0.0044999999999618,0
664170,0.0055000000000973,0
664200,0.00450000000003,0
664230,0.0054999999999836,0
664260,0.0044999999999845,0
664290,0.0059999999999945,0
664320,0.0050000000000181,0
664350,0.0080000000000154,0
664380,0.0054999999999608,0
664410,0.0039999999999736,0
664440,0.0050000000000409,0
664470,0.0049999999999272,0
664500,0.0040000000000418,0
664530,0.0045000000000527,0
664560,0.0049999999999954,0
664590,0.0049999999999954,0
664620,0.0055000000000063,0
664650,0.0060000000000627,0
664680,0.0049999999999272,0
664710,0.0059999999999945,0
664740,0.0055000000000063,0
664770,0.0065000000000736,0
664800,0.004000000000019,0
664830,0.0105000000000018,0
664860,0.0070000000000163,0
664890,0.0054999999999608,0
664920,0.0049999999999954,0
664950,0.0064999999999372,0
664980,0.0054999999999836,0
665010,0.0050000000000864,0
665040,0.004499999999939,0
665070,0.0059999999999945,0
665100,0.0035000000000081,0
665130,0.0054999999999836,0
665160,0.0050000000000181,0
665190,0.0055000000000063,0
665220,0.0039999999999963,0
665250,0.0060000000000172,0
665280,0.0044999999999618,0
665310,0.0065000000000281,0
665340,0.00450000000003,0
665370,0.0065000000000281,0
665400,0.0069999999999481,0
665430,0.0045000000000072,0
665460,0.0049999999999727,0
665490,0.0044999999999845,0
665520,0.0049999999999499,0
665550,0.0050000000000636,0
665580,0.0055000000000291,0
665610,0.0049999999999272,0
665640,0.0020000000000209,0
665670,0.0055000000000063,0
665700,0.0065000000000281,0
665730,0.0099999999999454,0
665760,0.0050000000000409,0
665790,0.0079999999999245,0
665820,0.0049999999999954,0
665850,0.0070000000000391,0
665880,0.0039999999999736,0
665910,0.00750000000005,0
665940,0.0044999999999618,0
665970,0.0044999999999845,0
666000,0.0049999999999954,0
666030,0.0065000000000281,0
666060,0.0050000000000181,0
666090,0.0044999999999618,0
666120,0.00450000000003,0
666150,0.0054999999999381,0
666180,0.0044999999999845,0
666210,0.0035000000000309,0
666240,0.0069999999999708,0
666270,0.0050000000000409,0
666300,0.0054999999999608,0
666330,0.0055000000000063,0
666360,0.0045000000000072,0
666390,0.0055000000000291,0
666420,0.0050000000000181,0
666450,0.0040000000000645,0
666480,0.0034999999999854,0
666510,0.0049999999999272,0
666540,0.0055000000000291,0
666570,0.0069999999999708,0
666600,0.0035000000000763,0
666630,0.0074999999999818,0
666660,0.0045000000000527,0
666690,0.0044999999999618,0
666720,0.0039999999999736,0
666750,0.0050000000000409,0
666780,0.0064999999999599,0
666810,0.0044999999999845,0
666840,0.0050000000000409,0
666870,0.0065000000000509,0
666900,0.0044999999999618,0
666930,0.0064999999999827,0
666960,0.0045000000000072,0
666990,0.0059999999999718,0
667020,0.0045000000000072,0
667050,0.0035000000000081,0
667080,0.002999999999929,0
667110,0.0055000000000291,0
667140,0.0064999999999827,0
667170,0.0054999999999608,0
667200,0.0050000000000409,0
667230,0.0065000000000509,0
667260,0.0049999999999727,0
667290,0.0050000000000181,0
667320,0.0039999999999736,0
667350,0.0050000000000409,0
667380,0.0070000000000163,0
667410,0.00450000000003,0
667440,0.004499999999939,0
667470,0.0065000000000054,0
667500,0.0049999999999499,0
667530,0.0059999999999945,0
667560,0.0035000000000309,0
667590,0.0055000000000063,0
667620,0.004000000000019,0
667650,0.0034999999999854,0
667680,0.0050000000000181,0
667710,0.0039999999999736,0
667740,0.0049999999999727,0
667770,0.0039999999999963,0
667800,0.0039999999999963,0
667830,0.0060000000000172,0
667860,0.0055000000000063,0
667890,0.0045000000000072,0
667920,0.00300000000002,0
667950,0.0034999999999854,0
667980,0.0035000000000081,0
668010,0.0029999999999063,0
668040,0.0045000000000072,0
668070,0.0029999999999972,0
668100,0.0050000000000409,0
668130,0.00450000000003,0
668160,0.004000000000019,0
668190,0.0054999999999608,0
668220,0.0050000000000636,0
668250,0.0064999999999827,0
668280,0.00450000000003,0
668310,0.0055000000000063,0
668340,0.0045000000000072,0
668370,0.0065000000000054,0
668400,0.0054999999999608,0
668430,0.0095000000000027,0
668460,0.00300000000002,0
668490,0.0039999999999963,0
668520,0.0045000000000072,0
668550,0.0080000000000381,0
668580,0.0049999999999954,0
668610,0.0034999999999627,0
668640,0.0040000000000645,0
668670,0.0055000000000063,0
668700,0.0059999999999718,0
668730,0.0045000000000072,0
668760,0.0050000000000409,0
668790,0.0055000000000291,0
668820,0.0040000000000645,0
668850,0.0060000000000172,0
668880,0.0049999999999954,0
668910,0.005999999999949,0
668940,0.0055000000000291,0
668970,0.0054999999999836,0
669000,0.002500000000009,0
669030,0.0034999999999172,0
669060,0.0050000000000181,0
669090,0.0049999999999499,0
669120,0.00600000000004,0
669150,0.0064999999999827,0
669180,0.0055000000000291,0
669210,0.00450000000003,0
669240,0.0049999999999727,0
669270,0.0049999999999954,0
669300,0.0055000000000291,0
669330,0.0100000000000136,0
669360,0.0034999999999854,0
669390,0.0054999999999836,0
669420,0.0045000000000072,0
669450,0.0090000000000372,0
669480,0.002500000000009,0
669510,0.0029999999999517,0
669540,0.0029999999999972,0
669570,0.0025000000000318,0
669600,0.0044999999999618,0
669630,0.0040000000000418,0
669660,0.0040000000000418,0
669690,0.0019999999999754,0
669720,0.0045000000000527,0
669750,0.0049999999999045,0
669780,0.0045000000000072,0
669810,0.0029999999999517,0
669840,0.0035000000000081,0
669870,0.0054999999999836,0
669900,0.0065000000000281,0
669930,0.0029999999999745,0
669960,0.0035000000000081,0
669990,0.0039999999999963,0
670020,0.0040000000000418,0
670050,0.0019999999999527,0
670080,0.00300000000002,0
670110,0.0045000000000072,0
670140,0.0025000000000318,0
670170,0.00450000000003,0
670200,0.0019999999999754,0
670230,0.0084999999999809,0
670260,0.0035000000000309,0
670290,0.0029999999999972,0
670320,0.0029999999999972,0
670350,0.0074999999999363,0
670380,0.0034999999999854,0
670410,0.0050000000000409,0
670440,0.004000000000019,0
670470,0.004000000000019,0
670500,0.0029999999999745,0
670530,0.0024999999999863,0
670560,0.0040000000000873,0
670590,0.0044999999998935,0
670620,0.0035000000000081,0
670650,0.0015000000000327,0
670680,0.004000000000019,0
670710,0.0044999999999845,0
670740,0.002500000000009,0
670770,0.0035000000000536,0
670800,0.0054999999999154,0
670830,0.0994999999999891,0
670860,0.0050000000000181,0
670890,0.0035000000000309,0
670920,0.0035000000000309,0
670950,0.005999999999949,0
670980,0.0035000000000081,0
671010,0.0024999999999636,0
671040,0.0030000000000654,0
671070,0.0054999999999381,0
671100,0.0035000000000763,0
671130,0.0085000000000263,0
671160,0.0035000000000081,0
671190,0.0069999999999936,0
671220,0.0030000000000427,0
671250,0.0044999999999163,0
671280,0.0029999999999972,0
671310,0.0045000000000754,0
671340,0.0030000000000427,0
671370,0.0024999999999863,0
671400,0.0044999999999845,0
671430,0.0055000000000745,0
671460,0.0024999999999636,0
671490,0.0029999999999972,0
671520,0.0030000000000654,0
671550,0.0035000000000763,0
671580,0.0029999999999063,0
671610,0.0035000000000536,0
671640,0.0025000000000318,0
671670,0.0044999999999618,0
671700,0.0044999999999845,0
671730,0.0050000000000409,0
671760,0.0030000000000427,0
671790,0.004000000000019,0
671820,0.0050000000000181,0
671850,0.0034999999999627,0
671880,0.0044999999999845,0
671910,0.0069999999999708,0
671940,0.0039999999999963,0
671970,0.0014999999999417,0
672000,0.0035000000000081,0
672030,0.0094999999999799,0
672060,0.002500000000009,0
672090,0.0040000000000645,0
672120,0.0019999999999981,0
672150,0.0035000000000081,0
672180,0.0035000000000081,0
672210,0.0044999999999618,0
672240,0.0029999999999972,0
672270,0.00450000000003,0
672300,0.0044999999999845,0
672330,0.00600000000004,0
672360,0.0019999999999981,0
672390,0.0044999999999845,0
672420,0.0045000000000072,0
672450,0.0034999999999854,0
672480,0.0024999999999863,0
672510,0.0045000000000982,0
672540,0.0034999999999854,0
672570,0.0039999999999508,0
672600,0.0040000000000645,0
672630,0.0050000000000409,0
672660,0.0065000000000736,0
672690,0.0044999999999845,0
672720,0.0034999999999627,0
672750,0.0060000000000627,0
672780,0.0034999999999399,0
672810,0.00450000000003,0
672840,0.0050000000000181,0
672870,0.0064999999999599,0
672900,0.0034999999999854,0
672930,0.0055000000000291,0
672960,0.0039999999999736,0
672990,0.0050000000000181,0
673020,0.0045000000000072,0
673050,0.0079999999999245,0
673080,0.0029999999999972,0
673110,0.00450000000003,0
673140,0.0059999999999035,0
673170,0.0054999999999836,0
673200,0.0910000000000081,0
673230,0.0095000000000254,0
673260,0.004000000000019,0
673290,0.0059999999999945,0
673320,0.004499999999939,0
673350,0.0055000000000518,0
673380,0.0054999999999836,0
673410,0.0064999999999827,0
673440,0.0045000000000754,0
673470,0.005999999999949,0
673500,0.0074999999999818,0
673530,0.0034999999999854,0
673560,0.0049999999999727,0
673590,0.0064999999999372,0
673620,0.0049999999999954,0
673650,0.00600000000004,0
673680,0.0049999999999954,0
673710,0.0049999999999954,0
673740,0.0064999999999827,0
673770,0.0040000000000418,0
673800,0.0054999999999381,0
673830,0.0100000000000136,0
673860,0.0049999999999954,0
673890,0.0055000000000063,0
673920,0.0050000000000181,0
673950,0.0059999999999263,0
673980,0.0055000000000973,0
674010,0.0050000000000409,0
674040,0.0050000000000409,0
674070,0.0065000000000509,0
674100,0.0049999999999272,0
674130,0.0055000000000063,0
674160,0.0039999999999508,0
674190,0.0059999999999945,0
674220,0.0059999999999718,0
674250,0.0070000000000391,0
674280,0.004000000000019,0
674310,0.0045000000000072,0
674340,0.00450000000003,0
674370,0.0064999999999599,0
674400,0.0060000000000172,0
674430,0.0079999999999927,0
674460,0.0049999999999727,0
674490,0.00600000000004,0
674520,0.0049999999999954,0
674550,0.0080000000000381,0
674580,0.0054999999999608,0
674610,0.0055000000000063,0
674640,0.00450000000003,0
674670,0.007499999999959,0
674700,0.0060000000000854,0
674730,0.0095000000000027,0
674760,0.0049999999999954,0
674790,0.0055000000000063,0
674820,0.0049999999999727,0
674850,0.0065000000000281,0
674880,0.0035000000000081,0
674910,0.0064999999999827,0
674940,0.00600000000004,0
674970,0.0064999999999599,0
675000,0.0045000000000072,0
675030,0.0049999999999499,0
675060,0.0049999999999499,0
675090,0.0044999999999845,0
675120,0.0034999999999854,0
675150,0.0065000000000509,0
675180,0.0049999999999727,0
675210,0.0055000000000291,0
675240,0.3984999999999672,0
675270,0.246499999999969,0
675300,0.2325000000000045,0
675330,0.2865000000000237,0
675360,0.2534999999999627,0
675390,0.1784999999999399,0
675420,0.2974999999999455,0
675450,0.1765000000000554,0
675480,0.2199999999999591,0
675510,0.3595000000000937,0
675540,0.2145000000001118,0
675570,0.0174999999999727,0
675600,0.0085000000000718,0
675630,0.0194999999999481,0
675660,0.5340000000000146,0
675690,0.2159999999999627,0
675720,0.0104999999999336,0
675750,0.0499999999999772,0
675780,0.0524999999999863,0
675810,0.0539999999999508,0
675840,0.06350000000009,0
675870,0.0759999999999991,0
675900,0.0614999999999781,0
675930,0.1139999999999417,0
675960,0.083999999999969,0
675990,0.08599999999999,0
676020,0.0849999999999909,0
676050,0.2070000000000391,0
676080,0.1854999999999563,0
676110,0.0840000000000827,0
676140,0.2115000000000236,0
676170,0.1895000000000664,0
676200,0.0265000000000327,0
676230,0.49050000000002,0
676260,0.0360000000000354,0
676290,0.1405000000000427,0
676320,0.1635000000000218,0
676350,0.1580000000000154,0
676380,0.3149999999999864,0
676410,0.0144999999999981,0
676440,0.1315000000000282,0
676470,0.1699999999998908,0
676500,0.2069999999999709,0
676530,0.010499999999979,0
676560,0.015000000000009,0
676590,0.0124999999999545,0
676620,0.0070000000000618,0
676650,0.0090000000000372,0
676680,0.1909999999999399,0
676710,0.1224999999999681,0
676740,0.2240000000000009,0
676770,0.0584999999999809,0
676800,0.0129999999999427,0
676830,0.0164999999999508,0
676860,0.2400000000000091,0
676890,0.0510000000000218,0
676920,0.0225000000000591,0
676950,0.0255000000000791,0
676980,0.02650000000001,0
677010,0.119999999999959,0
677040,0.0120000000000572,0
677070,0.015499999999929,0
677100,0.0195000000000845,0
677130,0.010499999999979,0
677160,0.0220000000000254,0
677190,0.0124999999999772,0
677220,0.2195000000000619,0
677250,0.1210000000000036,0
677280,0.0109999999999672,0
677310,0.0125000000000454,0
677340,0.0159999999998945,0
677370,0.0140000000000327,0
677400,0.2289999999999736,0
677430,0.1915000000000191,0
677460,0.0225000000000136,0
677490,0.0914999999999736,0
677520,0.0225000000000363,0
677550,0.0049999999999499,0
677580,0.0024999999999863,0
677610,0.00600000000004,0
677640,0.0179999999999381,0
677670,0.0204999999999927,0
677700,0.0224999999999909,0
677730,0.0054999999999381,0
677760,0.0034999999999854,0
677790,0.0045000000000527,0
677820,0.2509999999999536,0
677850,0.2720000000000255,0
677880,0.0164999999999963,0
677910,0.3525000000000319,0
677940,0.1054999999999609,0
677970,0.199499999999989,0
678000,0.1179999999999608,0
678030,0.0069999999999708,0
678060,0.0094999999999799,0
678090,0.0039999999999963,0
678120,0.0040000000000418,0
678150,0.0069999999999481,0
678180,0.0049999999999954,0
678210,0.24050000000002,0
678240,0.0390000000000327,0
678270,0.0084999999999809,0
678300,0.2339999999999236,0
678330,0.0569999999999481,0
678360,0.015000000000009,0
678390,0.0189999999999145,0
678420,0.2339999999999918,0
678450,0.0439999999999599,0
678480,0.0185000000000172,0
678510,0.2679999999999836,0
678540,0.09200000000003,0
678570,0.3379999999999427,0
678600,0.1159999999999172,0
678630,0.6119999999999437,0
678660,0.2355000000000018,0
678690,0.3104999999999336,0
678720,0.2385000000000218,0
678750,0.1455000000000154,0
678780,0.0109999999999672,0
678810,0.0105000000000245,0
678840,0.0395000000000436,0
678870,0.1194999999999481,0
678900,0.0564999999999599,0
678930,0.0070000000000163,0
678960,0.1004999999999881,0
678990,0.1314999999999599,0
679020,0.0804999999999609,0
679050,0.00600000000004,0
679080,0.0025000000000318,0
679110,0.015000000000009,0
679140,0.0195000000000163,0
679170,0.0050000000000409,0
679200,0.0414999999999508,0
679230,0.1959999999999809,0
679260,0.1095000000000027,0
679290,0.0060000000000854,0
679320,0.1815000000000282,0
679350,0.1099999999999454,0
679380,0.20450000000003,0
679410,0.1804999999999609,0
679440,0.0315000000000054,0
679470,0.0059999999999945,0
679500,0.0169999999999845,0
679530,0.224499999999989,0
679560,0.1680000000000973,0
679590,0.0255000000000563,0
679620,0.2335000000000491,0
679650,0.1360000000000127,0
679680,0.2505000000000109,0
679710,0.1469999999999345,0
679740,0.0299999999999045,0
679770,0.2284999999999854,0
679800,0.0530000000000427,0
679830,0.1614999999999554,0
679860,0.1634999999999536,0
679890,0.1035000000000309,0
679920,0.0210000000000718,0
679950,0.0239999999999781,0
679980,0.1459999999999581,0
680010,0.013499999999999,0
680040,0.0094999999999799,0
680070,0.2360000000000355,0
680100,0.0879999999999427,0
680130,0.2235000000000582,0
680160,0.1149999999999636,0
680190,0.0735000000000127,0
680220,0.11850000000004,0
680250,0.0530000000000427,0
680280,0.2325000000000045,0
680310,0.0425000000000409,0
680340,0.2350000000000364,0
680370,0.2049999999999727,0
680400,0.071499999999969,0
680430,0.12349999999999,0
680460,0.0399999999999636,0
680490,0.0449999999999818,0
680520,0.125,0
680550,0.1055000000000518,0
680580,0.2120000000000345,0
680610,0.1299999999999499,0
680640,0.2340000000000373,0
680670,0.1439999999998918,0
680700,0.2610000000000582,0
680730,0.119999999999959,0
680760,0.2305000000000291,0
680790,0.0910000000000082,0
680820,0.0345000000000027,0
680850,0.1204999999999927,0
680880,0.0169999999999618,0
680910,0.0149999999999636,0
680940,0.00450000000003,0
680970,0.0190000000000281,0
681000,0.2715000000000145,0
681030,0.0484999999999672,0
681060,0.0290000000000418,0
681090,0.20600000000004,0
681120,0.1235000000000582,0
681150,0.0224999999999226,0
681180,0.0259999999999763,0
681210,0.2284999999999399,0
681240,0.1134999999999991,0
681270,0.0609999999999899,0
681300,0.1189999999999827,0
681330,0.0495000000000573,0
681360,0.1085000000000036,0
681390,0.3059999999999718,0
681420,0.2529999999999973,0
681450,0.0475000000000818,0
681480,0.1210000000000491,0
681510,0.1390000000000555,0
681540,0.0654999999999972,0
681570,0.057499999999959,0
681600,0.1175000000000409,0
681630,0.0144999999999754,0
681660,0.0315000000000736,0
681690,0.0134999999999536,0
681720,0.25,0
681750,0.1609999999999218,0
681780,0.0585000000000718,0
681810,0.27950000000003,0
681840,0.0735000000000354,0
681870,0.3149999999999409,0
681900,0.1750000000000455,0
681930,0.0440000000000054,0
681960,0.2795000000000073,0
681990,0.0455000000000154,0
682020,0.2005000000000564,0
682050,0.0399999999999636,0
682080,0.1089999999999463,0
682110,0.0310000000000627,0
682140,0.2524999999999864,0
682170,0.1444999999999481,0
682200,0.0600000000000591,0
682230,0.22800000000002,0
682260,0.0694999999999026,0
682290,0.1690000000000736,0
682320,0.1994999999998981,0
682350,0.1035000000000081,0
682380,0.0204999999999245,0
682410,0.0429999999999608,0
682440,0.2309999999999491,0
682470,0.0440000000000282,0
682500,0.0300000000000409,0
682530,0.0295000000000072,0
682560,0.1839999999999008,0
682590,0.1289999999999508,0
682620,0.0090000000000145,0
682650,0.0084999999999581,0
682680,0.0324999999999818,0
682710,0.05799999999997,0
682740,0.1190000000000054,0
682770,0.0179999999999836,0
682800,0.2385000000000218,0
682830,0.0505000000000336,0
682860,0.2259999999999536,0
682890,0.1274999999998954,0
682920,0.0154999999999972,0
682950,0.0069999999999936,0
682980,0.2254999999999654,0
683010,0.1629999999999882,0
683040,0.0200000000000045,0
683070,0.0084999999999354,0
683100,0.1035000000000763,0
683130,0.10750000000005,0
683160,0.027500000000009,0
683190,0.0105000000000927,0
683220,0.0180000000000518,0
683250,0.2294999999999845,0
683280,0.1399999999999863,0
683310,0.0039999999999281,0
683340,0.0055000000000518,0
683370,0.0044999999999618,0
683400,0.00600000000004,0
683430,0.0055000000000063,0
683460,0.044999999999959,0
683490,0.19950000000008,0
683520,0.1339999999999463,0
683550,0.008999999999969,0
683580,0.1219999999999345,0
683610,0.1539999999999963,0
683640,0.2389999999999418,0
683670,0.0250000000000227,0
683700,0.2600000000000136,0
683730,0.1160000000000309,0
683760,0.0269999999999754,0
683790,0.0120000000000345,0
683820,0.02600000000009,0
683850,0.1945000000000163,0
683880,0.1095000000000027,0
683910,0.01400000000001,0
683940,0.005999999999949,0
683970,0.24549999999997,0
684000,0.0384999999999536,0
684030,0.0055000000000063,0
684060,0.0060000000000172,0
684090,0.0080000000000154,0
684120,0.2480000000000246,0
684150,0.0795000000000072,0
684180,0.2329999999999699,0
684210,0.0855000000000473,0
684240,0.2865000000000236,0
684270,0.1114999999999554,0
684300,0.5794999999999617,0
684330,0.20799999999997,0
684360,0.1169999999999618,0
684390,0.36850000000004,0
684420,0.1164999999999736,0
684450,0.4755000000000109,0
684480,0.2265000000000327,0
684510,0.0870000000000118,0
684540,0.2279999999999745,0
684570,0.0825000000000045,0
684600,0.1210000000000718,0
684630,0.1115000000000464,0
684660,0.0825000000000045,0
684690,0.1305000000000518,0
684720,0.0255000000000109,0
684750,0.0289999999999281,0
684780,0.2464999999999918,0
684810,0.0809999999999945,0
684840,0.3060000000000173,0
684870,0.1849999999999909,0
684900,0.1010000000000445,0
684930,0.0149999999999181,0
684960,0.1779999999999972,0
684990,0.1415000000000191,0
685020,0.0230000000000245,0
685050,0.0140000000000554,0
685080,0.00450000000003,0
685110,0.07349999999999,0
685140,0.1540000000000418,0
685170,0.0190000000000509,0
685200,0.0079999999999472,0
685230,0.0125,0
685260,0.0059999999999718,0
685290,0.1350000000000364,0
685320,0.1445000000000163,0
685350,0.0259999999999536,0
685380,0.015000000000009,0
685410,0.0105000000000245,0
685440,0.0105000000000472,0
685470,0.0094999999999345,0
685500,0.0085000000000036,0
685530,0.2309999999999717,0
685560,0.1015000000000554,0
685590,0.0085000000000718,0
685620,0.0049999999999499,0
685650,0.00300000000002,0
685680,0.0025000000000545,0
685710,0.0049999999999272,0
685740,0.2165000000000418,0
685770,0.1340000000001055,0
685800,0.0110000000000354,0
685830,0.1944999999999936,0
685860,0.135499999999979,0
685890,0.027500000000009,0
685920,0.0180000000000518,0
685950,0.2095000000000027,0
685980,0.079499999999939,0
686010,0.2145000000000209,0
686040,0.1504999999999654,0
686070,0.0234999999999899,0
686100,0.1230000000000018,0
686130,0.0289999999999736,0
686160,0.0160000000001673,0
686190,0.0220000000000027,0
686220,0.0240000000000009,0
686250,0.0075000000000272,0
686280,0.1864999999999781,0
686310,0.15900000000006,0
686340,0.0110000000000582,0
686370,0.0179999999999381,0
686400,0.0195000000000618,0
686430,0.0174999999999727,0
686460,0.00750000000005,0
686490,0.0079999999999699,0
686520,0.0235000000000127,0
686550,0.024499999999989,0
686580,0.0199999999999818,0
686610,0.2354999999999791,0
686640,0.1795000000000527,0
686670,0.007499999999959,0
686700,0.0035000000000081,0
686730,0.0029999999999517,0
686760,0.0024999999999863,0
686790,0.004000000000019,0
686820,0.00900000000006,0
686850,0.1864999999999554,0
686880,0.1645000000000209,0
686910,0.0170000000000072,0
686940,0.0370000000000345,0
686970,0.0360000000000354,0
687000,0.0379999999999881,0
687030,0.0094999999999799,0
687060,0.0095000000000709,0
687090,0.0064999999999372,0
687120,0.0344999999999572,0
687150,0.2049999999999499,0
687180,0.1319999999999481,0
687210,0.0219999999999799,0
687240,0.2289999999999736,0
687270,0.1269999999999754,0
687300,0.0324999999999818,0
687330,0.2205000000000609,0
687360,0.1334999999999809,0
687390,0.0060000000000854,0
687420,0.0075000000000045,0
687450,0.0119999999999208,0
687480,0.0079999999999927,0
687510,0.0049999999999954,0
687540,0.0084999999999354,0
687570,0.0075000000000727,0
687600,0.0109999999999217,0
687630,0.0054999999999836,0
687660,0.0070000000000163,0
687690,0.0079999999999699,0
687720,0.0070000000000163,0
687750,0.0090000000000372,0
687780,0.007499999999959,0
687810,0.0080000000000154,0
687840,0.005999999999949,0
687870,0.0085000000000491,0
687900,0.1890000000000782,0
687930,0.1454999999999472,0
687960,0.0174999999999954,0
687990,0.0144999999999527,0
688020,0.0110000000000809,0
688050,0.022999999999979,0
688080,0.2244999999999663,0
688110,0.2105000000000245,0
688140,0.0829999999999927,0
688170,0.1059999999999718,0
688200,0.0294999999999163,0
688230,0.1300000000000182,0
688260,0.0579999999999699,0
688290,0.2105000000000018,0
688320,0.0409999999999854,0
688350,0.0874999999999772,0
688380,0.2360000000000809,0
688410,0.1284999999999399,0
688440,0.0060000000000172,0
688470,0.0029999999999517,0
688500,0.0059999999999945,0
688530,0.0034999999999854,0
688560,0.0080000000000154,0
688590,0.2190000000000282,0
688620,0.1545000000000527,0
688650,0.0290000000000191,0
688680,0.0550000000000409,0
688710,0.2484999999999445,0
688740,0.1055000000000291,0
688770,0.0134999999999763,0
688800,0.25300000000002,0
688830,0.1029999999999745,0
688860,0.0130000000000563,0
688890,0.2305000000000291,0
688920,0.1084999999999809,0
688950,0.0204999999999699,0
688980,0.0079999999999245,0
689010,0.0060000000000172,0
689040,0.0110000000000582,0
689070,0.01400000000001,0
689100,0.010999999999899,0
689130,0.01700000000003,0
689160,0.0110000000000127,0
689190,0.0095000000000254,0
689220,0.0029999999999517,0
689250,0.0154999999999972,0
689280,0.0050000000000181,0
689310,0.0145000000000663,0
689340,0.0125000000000227,0
689370,0.0035000000000081,0
689400,0.0034999999999627,0
689430,0.0035000000000309,0
689460,0.0055000000000291,0
689490,0.0149999999998954,0
689520,0.0059999999999945,0
689550,0.0165000000000645,0
689580,0.2224999999999454,0
689610,0.1829999999999927,0
689640,0.2345000000000254,0
689670,0.0354999999999563,0
689700,0.00450000000003,0
689730,0.2430000000000291,0
689760,0.1464999999999008,0
689790,0.0184999999999718,0
689820,0.0045000000000527,0
689850,0.1835000000000036,0
689880,0.1990000000000009,0
689910,0.1839999999999918,0
689940,0.1640000000000782,0
689970,0.02000000000005,0
690000,0.0329999999999472,0
690030,0.22650000000001,0
690060,0.0919999999999845,0
690090,0.22199999999998,0
690120,0.0899999999999636,0
690150,0.18100000000004,0
690180,0.1650000000000773,0
690210,0.0200000000000272,0
690240,0.0060000000000172,0
690270,0.2379999999999427,0
690300,0.1184999999999945,0
690330,0.0285000000000763,0
690360,0.2369999999999209,0
690390,0.13050000000012,0
690420,0.2190000000000055,0
690450,0.1110000000000582,0
690480,0.1794999999999845,0
690510,0.1175000000000182,0
690540,0.0620000000000118,0
690570,0.0954999999999927,0
690600,0.0079999999999927,0
690630,0.0045000000000072,0
690660,0.0135000000000445,0
690690,0.2355000000000472,0
690720,0.1340000000000373,0
690750,0.2519999999999754,0
690780,0.2009999999999536,0
690810,0.0480000000000018,0
690840,0.2045000000000073,0
690870,0.1034999999999854,0
690900,0.2445000000000618,0
690930,0.1079999999999927,0
690960,0.0194999999999709,0
690990,0.1204999999999018,0
691020,0.1434999999999718,0
691050,0.1050000000000182,0
691080,0.4074999999999136,0
691110,0.1225000000000591,0
691140,0.0955000000000609,0
691170,0.1035000000000082,0
691200,0.4299999999999955,0
691230,0.21700000000003,0
691260,0.0284999999999854,0
691290,0.2244999999999663,0
691320,0.1590000000000827,0
691350,0.1125,0
691380,0.1004999999999882,0
691410,0.033999999999969,0
691440,0.2364999999999782,0
691470,0.0880000000000109,0
691500,0.0255000000000336,0
691530,0.2275000000000091,0
691560,0.0454999999999245,0
691590,0.0059999999999945,0
691620,0.0065000000000054,0
691650,0.0080000000000609,0
691680,0.0050000000000409,0
691710,0.0075000000000045,0
691740,0.0079999999999699,0
691770,0.0049999999999499,0
691800,0.0069999999999708,0
691830,0.1390000000000554,0
691860,0.1205000000000609,0
691890,0.023499999999899,0
691920,0.0135000000000218,0
691950,0.2334999999999127,0
691980,0.0779999999999972,0
692010,0.0050000000000181,0
692040,0.0074999999999135,0
692070,0.0100000000000136,0
692100,0.2280000000000655,0
692130,0.1759999999999309,0
692160,0.0039999999999963,0
692190,0.0055000000000291,0
692220,0.0060000000001309,0
692250,0.0084999999998444,0
692280,0.0044999999999845,0
692310,0.0029999999999972,0
692340,0.0050000000000409,0
692370,0.00300000000002,0
692400,0.0229999999999108,0
692430,0.0214999999999918,0
692460,0.2079999999999927,0
692490,0.1310000000000172,0
692520,0.2234999999999899,0
692550,0.0490000000000463,0
692580,0.1649999999999181,0
692610,0.18100000000004,0
692640,0.07950000000003,0
692670,0.0685000000000173,0
692700,0.10949999999998,0
692730,0.0574999999999818,0
692760,0.1120000000000345,0
692790,0.0354999999999563,0
692820,0.0065000000000054,0
692850,0.0035000000000309,0
692880,0.00600000000004,0
692910,0.0380000000000336,0
692940,0.1574999999999818,0
692970,0.4944999999999709,0
693000,0.2095000000000709,0
693030,0.3555000000000519,0
693060,0.24549999999997,0
693090,0.0930000000000063,0
693120,0.2329999999999699,0
693150,0.0875,0
693180,0.3949999999999363,0
693210,0.6030000000000428,0
693240,0.1775000000000546,0
693270,0.1844999999999572,0
693300,0.3039999999999964,0
693330,0.1575000000000272,0
693360,0.1664999999999509,0
693390,0.0149999999999636,0
693420,0.0110000000000127,0
693450,0.1070000000000618,0
693480,0.538999999999942,0
693510,0.1440000000000282,0
693540,0.2979999999999336,0
693570,0.3790000000000647,0
693600,0.3694999999999709,0
693630,0.3089999999999919,0
693660,0.1860000000000582,0
693690,0.3195000000000391,0
693720,0.2210000000000946,0
693750,0.6350000000000819,0
693780,0.1474999999999909,0
693810,0.0235000000000354,0
693840,0.0089999999999918,0
693870,0.0115000000000236,0
693900,0.4315000000000055,0
693930,0.1610000000000354,0
693960,0.1260000000000445,0
693990,0.1240000000000009,0
694020,0.0360000000000127,0
694050,0.0375000000000454,0
694080,0.0520000000000663,0
694110,0.0684999999999263,0
694140,0.0590000000000145,0
694170,0.0809999999999718,0
694200,0.0835000000000036,0
694230,0.0884999999999763,0
694260,0.0525000000000091,0
694290,0.5800000000000864,0
694320,0.2555000000000063,0
694350,0.0415000000000191,0
694380,0.5799999999999954,0
694410,0.1590000000000827,0
694440,0.0115000000000236,0
694470,0.20799999999997,0
694500,0.0889999999999872,0
694530,0.5029999999999518,0
694560,0.1020000000000891,0
694590,0.2869999999999891,0
694620,0.102999999999929,0
694650,0.4560000000000401,0
694680,0.1130000000000336,0
694710,0.61099999999999,0
694740,0.2364999999999099,0
694770,0.0809999999999945,0
694800,0.2394999999999754,0
694830,0.2500000000000455,0
694860,0.0130000000000336,0
694890,0.0115000000000009,0
694920,0.1365000000001145,0
694950,0.2385000000000218,0
694980,0.0619999999999436,0
695010,0.0115000000000009,0
695040,0.0129999999999427,0
695070,0.0094999999999117,0
695100,0.0169983001700584,0
695130,0.01200000000008,0
695160,0.1395000000000664,0
695190,0.0919999999999617,0
695220,0.104499999999939,0
695250,0.0130000000000336,0
695280,0.0120000000000345,0
695310,0.2245000000000118,0
695340,0.0864999999999781,0
695370,0.016500000000019,0
695400,0.0155000000000427,0
695430,0.0165000000000418,0
695460,0.2230000000000018,0
695490,0.0464999999999918,0
695520,0.0094999999999799,0
695550,0.0109999999999899,0
695580,0.0084999999999809,0
695610,0.0095000000000709,0
695640,0.0295000000000754,0
695670,0.0300000000000409,0
695700,0.1225000000000591,0
695730,0.0129999999999427,0
695760,0.00900000000006,0
695790,0.0100000000000591,0
695820,0.0089999999999918,0
695850,0.2269999999999527,0
695880,0.1909999999999854,0
695910,0.0579999999999927,0
695940,0.0964999999999463,0
695970,0.0080000000000381,0
696000,0.0064999999999372,0
696030,0.00300000000002,0
696060,0.0064999999999372,0
696090,0.0035000000000081,0
696120,0.0070000000000163,0
696150,0.0039999999999508,0
696180,0.2310000000000172,0
696210,0.04950000000008,0
696240,0.004000000000019,0
696270,0.0104999999999563,0
696300,0.2429999999999609,0
696330,0.0464999999999918,0
696360,0.0194999999999481,0
696390,0.0245000000000573,0
696420,0.2329999999999472,0
696450,0.0375000000000227,0
696480,0.0194999999999708,0
696510,0.2524999999999864,0
696540,0.1979999999999563,0
696570,0.0234999999999445,0
696600,0.0075000000000045,0
696630,0.2400000000000091,0
696660,0.1460000000000718,0
696690,0.0250000000000909,0
696720,0.0399999999998954,0
696750,0.1125,0
696780,0.02000000000005,0
696810,0.0064999999999372,0
696840,0.0055000000000291,0
696870,0.008999999999969,0
696900,0.0035000000000309,0
696930,0.002500000000009,0
696960,0.0040000000000418,0
696990,0.00300000000002,0
697020,0.0099999999999909,0
697050,0.2310000000000627,0
697080,0.1350000000000363,0
697110,0.1699999999999818,0
697140,0.1700000000000273,0
697170,0.0260000000000673,0
697200,0.2400000000000091,0
697230,0.1464999999998781,0
697260,0.1690000000000282,0
697290,0.1940000000000054,0
697320,0.0295000000000072,0
697350,0.0580000000000382,0
697380,0.2269999999999982,0
697410,0.0759999999999763,0
697440,0.0139999999999645,0
697470,0.1599999999999227,0
697500,0.0474999999999681,0
697530,0.0165000000000645,0
697560,0.23149999999996,0
697590,0.1099999999998772,0
697620,0.0160000000000536,0
697650,0.2420000000000073,0
697680,0.0475000000000591,0
697710,0.0064999999998917,0
697740,0.1299999999999954,0
697770,0.1290000000000191,0
697800,0.0175000000000181,0
697830,0.0079999999999699,0
697860,0.2365000000001146,0
697890,0.08599999999999,0
697920,0.0085000000000036,0
697950,0.2350000000000591,0
697980,0.1919999999999618,0
698010,0.0340000000000372,0
698040,0.2565000000000509,0
698070,0.1435000000000172,0
698100,0.0125,0
698130,0.0089999999999918,0
698160,0.0059999999999718,0
698190,0.0034999999999854,0
698220,0.0084999999999581,0
698250,0.0309999999999945,0
698280,0.2400000000000091,0
698310,0.1474999999998999,0
698340,0.0074999999999363,0
698370,0.0034999999999854,0
698400,0.1260000000000445,0
698430,0.1769999999999754,0
698460,0.03599999999999,0
698490,0.0780000000000427,0
698520,0.1964999999999463,0
698550,0.0854999999999563,0
698580,0.0520000000000209,0
698610,0.0224999999999681,0
698640,0.2254999999999427,0
698670,0.1335000000000263,0
698700,0.0654999999999972,0
698730,0.0160000000000309,0
698760,0.0179999999999608,0
698790,0.0235000000000127,0
698820,0.1940000000000054,0
698850,0.1805000000000518,0
698880,0.018499999999949,0
698910,0.0425000000000864,0
698940,0.0869999999999436,0
698970,0.1759999999999991,0
699000,0.0624999999999317,0
699030,0.0069999999999936,0
699060,0.0029999999999745,0
699090,0.0164999999999963,0
699120,0.0164999999999963,0
699150,0.0045000000000072,0
699180,0.0370000000000345,0
699210,0.15649999999996,0
699240,0.0729999999999563,0
699270,0.0020000000000209,0
699300,0.0054999999999608,0
699330,0.0134999999999763,0
699360,0.0110000000000127,0
699390,0.0054999999999836,0
699420,0.1089999999999008,0
699450,0.1304999999999608,0
699480,0.0084999999999581,0
699510,0.0065000000000509,0
699540,0.0119999999999663,0
699570,0.0149999999999863,0
699600,0.0054999999999836,0
699630,0.0095000000000027,0
699660,0.0130000000000109,0
699690,0.0080000000000381,0
699720,0.0154999999999972,0
699750,0.0109999999999899,0
699780,0.00300000000002,0
699810,0.0090000000000145,0
699840,0.0035000000000536,0
699870,0.0035000000000309,0
699900,0.0184999999999945,0
699930,0.00750000000005,0
699960,0.0129999999999654,0
699990,0.03599999999999,0
700020,0.191999999999939,0
700050,0.2129999999999654,0
700080,0.1134999999999763,0
700110,0.0039999999999963,0
700140,0.2209999999999809,0
700170,0.1424999999999727,0
700200,0.0345000000000027,0
700230,0.0074999999998681,0
700260,0.0430000000000063,0
700290,0.1304999999999609,0
700320,0.0535000000000536,0
700350,0.12999999999995,0
700380,0.0794999999999618,0
700410,0.0144999999999981,0
700440,0.2354999999999336,0
700470,0.1465000000000145,0
700500,0.2224999999999909,0
700530,0.1114999999999781,0
700560,0.0369999999999663,0
700590,0.1205000000000836,0
700620,0.0530000000000427,0
700650,0.0054999999999836,0
700680,0.2269999999999072,0
700710,0.1169999999999845,0
700740,0.2260000000000218,0
700770,0.1064999999999599,0
700800,0.12150000000006,0
700830,0.1035000000000309,0
700860,0.1900000000000318,0
700890,0.1230000000000927,0
700920,0.0610000000000127,0
700950,0.108999999999969,0
700980,0.01850000000004,0
701010,0.1659999999999854,0
701040,0.1764999999999872,0
701070,0.0189999999999599,0
701100,0.0944999999999709,0
701130,0.0224999999999909,0
701160,0.0044999999999845,0
701190,0.0039999999999736,0
701220,0.0070000000000163,0
701250,0.0154999999999972,0
701280,0.0289999999999963,0
701310,0.02650000000001,0
701340,0.0064999999999599,0
701370,0.0039999999999963,0
701400,0.005999999999949,0
701430,0.2505000000000336,0
701460,0.2784999999999627,0
701490,0.0164999999999963,0
701520,0.2520000000000209,0
701550,0.1065000000000054,0
701580,0.0205000000000609,0
701610,0.0079999999999927,0
701640,0.235499999999979,0
701670,0.1660000000000082,0
701700,0.0259999999999536,0
701730,0.01550000000002,0
701760,0.0830000000000382,0
701790,0.1035000000000764,0
701820,0.0234999999999672,0
701850,0.0079999999999927,0
701880,0.0100000000000363,0
701910,0.2180000000000063,0
701940,0.2980000000000473,0
701970,0.2725000000000364,0
702000,0.11400000000001,0
702030,0.4319999999999709,0
702060,0.2279999999999972,0
702090,0.3275000000000319,0
702120,0.2294999999999617,0
702150,0.0815000000000054,0
702180,0.2550000000000182,0
702210,0.1189999999999599,0
702240,0.4924999999999273,0
702270,0.21700000000003,0
702300,0.4010000000000218,0
702330,0.2264999999999417,0
702360,0.0595000000000027,0
702390,0.5069999999999482,0
702420,0.2455000000000154,0
702450,0.0854999999999563,0
702480,0.3039999999999737,0
702510,0.1820000000000618,0
702540,0.33799999999992,0
702570,0.1969999999999572,0
702600,0.0910000000000081,0
702630,0.4280000000000428,0
702660,0.1504999999999427,0
702690,0.4519999999999527,0
702720,0.2524999999999636,0
702750,0.28100000000004,0
702780,0.2370000000001028,0
702810,0.093499999999949,0
702840,0.2175000000000182,0
702870,0.1060000000000854,0
702900,0.3540000000000419,0
702930,0.1225000000000591,0
702960,0.4279999999999518,0
702990,0.2325000000000273,0
703020,0.3205000000001064,0
703050,0.2350000000000136,0
703080,0.0875000000000454,0
703110,0.44500000000005,0
703140,0.2319999999999709,0
703170,0.3285000000000082,0
703200,0.6180000000000746,0
703230,0.2300000000000409,0
703260,0.0825000000000272,0
703290,0.2355000000000701,0
703320,0.0929999999999608,0
703350,0.2550000000000182,0
703380,0.1179999999999608,0
703410,0.4250000000000455,0
703440,0.1174999999999727,0
703470,0.3934999999999718,0
703500,0.2344999999999572,0
703530,0.2915000000000191,0
703560,0.2365000000000009,0
703590,0.0584999999999354,0
703620,0.3785000000000083,0
703650,0.2300000000000409,0
703680,0.0960000000000491,0
703710,0.2344999999999345,0
703740,0.0884999999999991,0
703770,0.2429999999999836,0
703800,0.1955000000000154,0
703830,0.5480000000000472,0
703860,0.2559999999999718,0
703890,0.0959999999999809,0
703920,0.2620000000000119,0
703950,0.1269999999999754,0
703980,0.2284999999999854,0
704010,0.0934999999999718,0
704040,0.2435000000000172,0
704070,0.1149999999999181,0
704100,0.4575000000000728,0
704130,0.0984999999999217,0
704160,0.4084999999999354,0
704190,0.1510000000000445,0
704220,0.4310000000000628,0
704250,0.2504999999999654,0
704280,0.0894999999999754,0
704310,0.22800000000002,0
704340,0.0929999999999154,0
704370,0.0410000000000081,0
704400,0.1644999999999982,0
704430,0.1099999999999909,0
704460,0.0240000000000009,0
704490,0.0129999999999654,0
704520,0.0360000000000809,0
704550,0.0220000000000482,0
704580,0.0079999999999245,0
704610,0.054499999999939,0
704640,0.2055000000000518,0
704670,0.0764999999999645,0
704700,0.0165000000000418,0
704730,0.030999999999949,0
704760,0.0125000000000454,0
704790,0.0035000000000081,0
704820,0.0069999999999936,0
704850,0.2219999999999572,0
704880,0.1950000000000272,0
704910,0.01550000000002,0
704940,0.011999999999989,0
704970,0.0664999999999963,0
705000,0.1194999999999254,0
705030,0.0205000000000154,0
705060,0.0164999999999963,0
705090,0.0170000000000072,0
705120,0.23400000000006,0
705150,0.1195000000000618,0
705180,0.0085000000000491,0
705210,0.01400000000001,0
705240,0.0075000000000954,0
705270,0.0809999999999263,0
705300,0.2269999999999299,0
705330,0.1664999999999736,0
705360,0.0129999999999427,0
705390,0.0045000000000072,0
705420,0.013499999999999,0
705450,0.2354999999999336,0
705480,0.1344999999999572,0
705510,0.0144999999999754,0
705540,0.01550000000002,0
705570,0.0105000000000245,0
705600,0.0120000000000345,0
705630,0.021499999999969,0
705660,0.2190000000000054,0
705690,0.1655000000000427,0
705720,0.0249999999999545,0
705750,0.0065000000000054,0
705780,0.0049999999999727,0
705810,0.0064999999999827,0
705840,0.0050000000000409,0
705870,0.1630000000000109,0
705900,0.12950000000003,0
705930,0.0110000000000582,0
705960,0.0410000000000309,0
705990,0.115499999999929,0
706020,0.0195000000000391,0
706050,0.0270000000000209,0
706080,0.1799999999999727,0
706110,0.0390000000000554,0
706140,0.2319999999999482,0
706170,0.1194999999999936,0
706200,0.1624999999999772,0
706230,0.1469999999999572,0
706260,0.0245000000000118,0
706290,0.0185000000000627,0
706320,0.0200000000000045,0
706350,0.0210000000000036,0
706380,0.0090000000000372,0
706410,0.2405000000001109,0
706440,0.1854999999999563,0
706470,0.0154999999999972,0
706500,0.0114999999999781,0
706530,0.0160000000000309,0
706560,0.0190000000000509,0
706590,0.0144999999999527,0
706620,0.0130000000000336,0
706650,0.0240000000000236,0
706680,0.0244999999999436,0
706710,0.0230000000000473,0
706740,0.2320000000000845,0
706770,0.1060000000000172,0
706800,0.0055000000000291,0
706830,0.0034999999999627,0
706860,0.0050000000000409,0
706890,0.0064999999999827,0
706920,0.0045000000000754,0
706950,0.0054999999998926,0
706980,0.2284999999999627,0
707010,0.1864999999999554,0
707040,0.0299999999999727,0
707070,0.038499999999999,0
707100,0.0334999999999354,0
707130,0.0145000000000436,0
707160,0.0075000000000727,0
707190,0.0064999999999372,0
707220,0.0090000000000372,0
707250,0.23449999999998,0
707280,0.1779999999999972,0
707310,0.0214999999999918,0
707340,0.0115000000000918,0
707370,0.0554999999999836,0
707400,0.2020000000000209,0
707430,0.1084999999999809,0
707460,0.052999999999929,0
707490,0.1334999999999354,0
707520,0.0675000000000409,0
707550,0.1179999999999608,0
707580,0.1214999999999918,0
707610,0.0184999999999718,0
707640,0.0070000000000391,0
707670,0.0069999999999936,0
707700,0.0084999999999581,0
707730,0.0075000000000272,0
707760,0.0085000000000945,0
707790,0.0054999999999608,0
707820,0.007499999999959,0
707850,0.0059999999999718,0
707880,0.0090000000000145,0
707910,0.0055000000000063,0
707940,0.0085000000000036,0
707970,0.007499999999959,0
708000,0.0109999999999899,0
708030,0.0130000000000109,0
708060,0.0080000000000381,0
708090,0.1739999999999326,0
708120,0.1435000000000855,0
708150,0.0129999999999199,0
708180,0.0149999999999863,0
708210,0.0174999999999954,0
708240,0.0210000000000036,0
708270,0.2259999999999536,0
708300,0.1945000000000164,0
708330,0.0264999999999417,0
708360,0.2394999999999527,0
708390,0.0855000000000018,0
708420,0.008999999999969,0
708450,0.2175000000000181,0
708480,0.1760000000000673,0
708510,0.0405000000000427,0
708540,0.0234999999999445,0
708570,0.0099999999999226,0
708600,0.2345000000000709,0
708630,0.1299999999999954,0
708660,0.0459999999999581,0
708690,0.1970000000000482,0
708720,0.1125,0
708750,0.0039999999999736,0
708780,0.0034999999999399,0
708810,0.0035000000000763,0
708840,0.0035000000000081,0
708870,0.0494999999999663,0
708900,0.25499999999995,0
708930,0.1284999999999627,0
708960,0.0050000000000409,0
708990,0.0029999999999972,0
709020,0.0034999999999854,0
709050,0.0019999999999754,0
709080,0.0040000000000873,0
709110,0.2375000000000227,0
709140,0.0859999999999672,0
709170,0.0214999999999918,0
709200,0.1719999999999572,0
709230,0.0665000000000873,0
709260,0.24200000000003,0
709290,0.1025000000000773,0
709320,0.2594999999999572,0
709350,0.1140000000001009,0
709380,0.2360000000000354,0
709410,0.1085000000000036,0
709440,0.0444999999999936,0
709470,0.1869999999999663,0
709500,0.1124999999999545,0
709530,0.0615000000000009,0
709560,0.1179999999999836,0
709590,0.0830000000000154,0
709620,0.1074999999999818,0
709650,0.0290000000000418,0
709680,0.0134999999999536,0
709710,0.2075000000000046,0
709740,0.1454999999999927,0
709770,0.0194999999999708,0
709800,0.0209999999999354,0
709830,0.0215000000000372,0
709860,0.0169999999999845,0
709890,0.0134999999999536,0
709920,0.1,0
709950,0.1000000000000227,0
709980,0.0154999999999972,0
710010,0.0165000000000418,0
710040,0.0115000000000009,0
710070,0.0159999999999854,0
710100,0.1950000000000727,0
710130,0.1190000000000054,0
710160,0.021499999999969,0
710190,0.0050000000000409,0
710220,0.0105000000000018,0
710250,0.0109999999999445,0
710280,0.0060000000000627,0
710310,0.1289999999999736,0
710340,0.1039999999999508,0
710370,0.0469999999999799,0
710400,0.0140000000000554,0
710430,0.0445000000000163,0
710460,0.1319999999999709,0
710490,0.0089999999999236,0
710520,0.0065000000000281,0
710550,0.0065000000000509,0
710580,0.0084999999999581,0
710610,0.0085000000000036,0
710640,0.0060000000000172,0
710670,0.0074999999999818,0
710700,0.0080000000000381,0
710730,0.0135000000000445,0
710760,0.2434999999999945,0
710790,0.04650000000006,0
710820,0.0090000000000372,0
710850,0.0069999999999254,0
710880,0.0090000000000145,0
710910,0.0055000000000063,0
710940,0.0109999999999445,0
710970,0.0055000000000291,0
711000,0.0095000000000254,0
711030,0.0114999999999554,0
711060,0.2125000000000227,0
711090,0.10750000000005,0
711120,0.0055000000000745,0
711150,0.0094999999999572,0
711180,0.0079999999999472,0
711210,0.0029999999999972,0
711240,0.0074999999999363,0
711270,0.0059999999999718,0
711300,0.0100000000000136,0
711330,0.0089999999999236,0
711360,0.2225000000000363,0
711390,0.0889999999999417,0
711420,0.0210000000000263,0
711450,0.0149999999999863,0
711480,0.6855000000000473,0
711510,0.1999999999999545,0
711540,0.1610000000000127,0
711570,0.4340000000000373,0
711600,0.1475000000000364,0
711630,0.1349999999999227,0
711660,0.0145000000000209,0
711690,0.0090000000000145,0
711720,0.1394999999999527,0
711750,0.044999999999959,0
711780,0.0065000000000964,0
711810,0.0064999999999599,0
711840,0.0044999999999845,0
711870,0.0044999999999845,0
711900,0.0075000000000045,0
711930,0.0044999999999845,0
711960,0.0055000000000063,0
711990,0.00450000000003,0
712020,0.0059999999999945,0
712050,0.0060000000000172,0
712080,0.0055000000000291,0
712110,0.0035000000000081,0
712140,0.0060000000000172,0
712170,0.0039999999999736,0
712200,0.0060000000000627,0
712230,0.0039999999999963,0
712260,0.0070000000000163,0
712290,0.0059999999999945,0
712320,0.0055000000000973,0
712350,0.004000000000019,0
712380,0.0059999999999718,0
712410,0.0065000000000736,0
712440,0.0045000000000072,0
712470,0.0044999999999618,0
712500,0.0054999999999836,0
712530,0.0105000000000245,0
712560,0.004499999999939,0
712590,0.0044999999999618,0
712620,0.0070000000000163,0
712650,0.0064999999999827,0
712680,0.0040000000000418,0
712710,0.0064999999999599,0
712740,0.0064999999999599,0
712770,0.0049999999999954,0
712800,0.0064999999999827,0
712830,0.004000000000019,0
712860,0.0060000000000172,0
712890,0.0064999999999827,0
712920,0.0050000000000181,0
712950,0.0039999999999963,0
712980,0.0049999999999727,0
713010,0.0049999999999954,0
713040,0.0059999999999718,0
713070,0.0050000000000636,0
713100,0.0050000000000181,0
713130,0.0064999999999372,0
713160,0.0039999999999281,0
713190,0.0040000000000418,0
713220,0.0050000000000636,0
713250,0.0050000000000636,0
713280,0.0059999999999718,0
713310,0.0049999999999499,0
713340,0.0074999999999818,0
713370,0.0054999999999381,0
713400,0.0050000000000409,0
713430,0.0044999999999618,0
713460,0.0065000000000281,0
713490,0.0044999999999845,0
713520,0.0049999999999499,0
713550,0.0034999999999399,0
713580,0.0035000000000309,0
713610,0.0049999999999727,0
713640,0.0045000000000527,0
713670,0.0025000000000545,0
713700,0.0049999999999727,0
713730,0.002999999999929,0
713760,0.004000000000019,0
713790,0.0039999999999508,0
713820,0.0059999999999718,0
713850,0.0054999999999608,0
713880,0.0050000000000181,0
713910,0.0045000000000072,0
713940,0.0060000000000172,0
713970,0.0049999999999272,0
714000,0.0050000000000181,0
714030,0.0039999999999963,0
714060,0.0730000000000473,0
714090,0.0075000000000045,0
714120,0.0044999999999618,0
714150,0.0039999999999736,0
714180,0.0055000000000745,0
714210,0.0059999999999945,0
714240,0.0045000000000072,0
714270,0.0049999999999727,0
714300,0.0049999999999499,0
714330,0.0085000000000263,0
714360,0.0044999999999845,0
714390,0.0035000000000309,0
714420,0.0034999999999627,0
714450,0.0050000000000181,0
714480,0.0039999999999508,0
714510,0.0055000000000063,0
714540,0.0055000000000291,0
714570,0.00450000000003,0
714600,0.0049999999999954,0
714630,0.0039999999999736,0
714660,0.0059999999999718,0
714690,0.0049999999999272,0
714720,0.0045000000000072,0
714750,0.00300000000002,0
714780,0.0020000000000209,0
714810,0.0060000000000172,0
714840,0.0034999999999399,0
714870,0.00300000000002,0
714900,0.0039999999999963,0
714930,0.0034999999999627,0
714960,0.0055000000000063,0
714990,0.00450000000003,0
715020,0.0070000000000163,0
715050,0.0054999999999836,0
715080,0.0049999999999954,0
715110,0.0045000000000072,0
715140,0.0049999999999499,0
715170,0.0040000000000418,0
715200,0.0059999999999945,0
715230,0.0069999999999708,0
715260,0.0070000000000845,0
715290,0.0065000000000281,0
715320,0.0025000000000318,0
715350,0.0029999999999972,0
715380,0.00600000000004,0
715410,0.0059999999999718,0
715440,0.0055000000000518,0
715470,0.002500000000009,0
715500,0.0064999999999599,0
715530,0.0049999999999954,0
715560,0.0044999999999845,0
715590,0.0029999999999972,0
715620,0.0044999999999845,0
715650,0.0049999999999499,0
715680,0.0065000000000509,0
715710,0.0049999999999499,0
715740,0.0045000000000754,0
715770,0.0054999999999608,0
715800,0.0035000000000536,0
715830,0.0025000000000545,0
715860,0.004000000000019,0
715890,0.0044999999999845,0
715920,0.00450000000003,0
715950,0.0020000000000209,0
715980,0.0039999999999508,0
716010,0.0055000000000291,0
716040,0.0064999999999827,0
716070,0.0039999999999963,0
716100,0.0045000000000072,0
716130,0.0085000000000491,0
716160,0.0034999999999854,0
716190,0.0039999999999508,0
716220,0.0019999999999981,0
716250,0.0039999999999963,0
716280,0.0055000000000518,0
716310,0.0019999999999072,0
716340,0.0065000000000509,0
716370,0.0030000000000654,0
716400,0.0064999999999599,0
716430,0.00300000000002,0
716460,0.0045000000000072,0
716490,0.0055000000000063,0
716520,0.0054999999999836,0
716550,0.0050000000000409,0
716580,0.0054999999999836,0
716610,0.0034999999999854,0
716640,0.0035000000000081,0
716670,0.0035000000000536,0
716700,0.0054999999999608,0
716730,0.0039999999999281,0
716760,0.00450000000003,0
716790,0.0030000000000654,0
716820,0.0039999999999281,0
716850,0.0030000000000427,0
716880,0.0044999999999163,0
716910,0.0050000000000409,0
716940,0.0055000000000745,0
716970,0.0034999999999627,0
717000,0.0039999999999736,0
717030,0.0100000000000591,0
717060,0.0044999999999618,0
717090,0.0049999999999727,0
717120,0.0045000000000072,0
717150,0.0049999999999954,0
717180,0.00300000000002,0
717210,0.00450000000003,0
717240,0.0044999999999163,0
717270,0.0035000000000536,0
717300,0.00450000000003,0
717330,0.0055000000000291,0
717360,0.0019999999999072,0
717390,0.0025000000000318,0
717420,0.0035000000000309,0
717450,0.0059999999999718,0
717480,0.0049999999999954,0
717510,0.0035000000000536,0
717540,0.0039999999999736,0
717570,0.004000000000019,0
717600,0.0075000000000272,0
717630,0.0024999999999636,0
717660,0.0050000000000409,0
717690,0.0040000000000418,0
717720,0.0035000000000081,0
717750,0.0035000000000081,0
717780,0.0044999999999618,0
717810,0.0034999999999854,0
717840,0.0059999999999945,0
717870,0.0034999999999854,0
717900,0.002500000000009,0
717930,0.0085000000000263,0
717960,0.0034999999999854,0
717990,0.0035000000000309,0
718020,0.0039999999999508,0
718050,0.0050000000000864,0
718080,0.0034999999999627,0
718110,0.0039999999999963,0
718140,0.0040000000000418,0
718170,0.0045000000000527,0
718200,0.0055000000000291,0
718230,0.0049999999999954,0
718260,0.004000000000019,0
718290,0.0054999999999154,0
718320,0.0045000000000527,0
718350,0.0044999999999845,0
718380,0.0219999999999799,0
718410,0.00450000000003,0
718440,0.0050000000000181,0
718470,0.0025000000000318,0
718500,0.0065000000000281,0
718530,0.0049999999999954,0
718560,0.0029999999999972,0
718590,0.00300000000002,0
718620,0.0065000000000281,0
718650,0.0060000000000627,0
718680,0.0059999999999263,0
718710,0.0050000000000409,0
718740,0.0064999999999599,0
718770,0.0060000000000627,0
718800,0.0044999999999163,0
718830,0.0085000000000263,0
718860,0.0075000000000045,0
718890,0.0050000000000864,0
718920,0.00600000000004,0
718950,0.0055000000000063,0
718980,0.0054999999999836,0
719010,0.0064999999999599,0
719040,0.0054999999999836,0
719070,0.0040000000000873,0
719100,0.0060000000000172,0
719130,0.0055000000000518,0
719160,0.0059999999999718,0
719190,0.0069999999999936,0
719220,0.0055000000000063,0
719250,0.0054999999999381,0
719280,0.0055000000000518,0
719310,0.0049999999999727,0
719340,0.0055000000000063,0
719370,0.0054999999999608,0
719400,0.00600000000004,0
719430,0.0049999999999727,0
719460,0.0065000000000281,0
719490,0.0059999999999945,0
719520,0.0050000000000181,0
719550,0.0054999999999608,0
719580,0.0065000000000509,0
719610,0.0054999999999836,0
719640,0.0060000000000172,0
719670,0.0049999999999954,0
719700,0.0095000000000482,0
719730,0.0095000000000254,0
719760,0.0079999999999699,0
719790,0.0034999999999627,0
719820,0.0069999999999936,0
719850,0.0045000000000527,0
719880,0.005999999999949,0
719910,0.0025000000000545,0
719940,0.0070000000000391,0
719970,0.0054999999999608,0
720000,0.0054999999999836,0
720030,0.0055000000000518,0
720060,0.0049999999999727,0
720090,0.0045000000000072,0
720120,0.0045000000000072,0
720150,0.0050000000000181,0
720180,0.0064999999999145,0
720210,0.0040000000000418,0
720240,0.004000000000019,0
720270,0.00450000000003,0
720300,0.0074999999999818,0
720330,0.0054999999999836,0
720360,0.0045000000000527,0
720390,0.004499999999939,0
720420,0.0069999999999936,0
720450,0.0045000000000527,0
720480,0.004000000000019,0
720510,0.0034999999999627,0
720540,0.0065000000000736,0
720570,0.0049999999999499,0
720600,0.0039999999999963,0
720630,0.0085000000000718,0
720660,0.00450000000003,0
720690,0.0050000000000409,0
720720,0.0055000000000063,0
720750,0.0064999999999827,0
720780,0.0050000000000181,0
720810,0.0069999999999936,0
720840,0.0040000000000418,0
720870,0.0064999999999599,0
720900,0.00450000000003,0
720930,0.0065000000000509,0
720960,0.0035000000000309,0
720990,0.00450000000003,0
721020,0.0044999999998935,0
721050,0.0090000000000372,0
721080,0.004000000000019,0
721110,0.0039999999999963,0
721140,0.0049999999999954,0
721170,0.0044999999999618,0
721200,0.0065000000000509,0
721230,0.0044999999999618,0
721260,0.0044999999999845,0
721290,0.0049999999999954,0
721320,0.0040000000000418,0
721350,0.0049999999999954,0
721380,0.0050000000000181,0
721410,0.0055000000000291,0
721440,0.0049999999999045,0
721470,0.0049999999999727,0
721500,0.0069999999999708,0
721530,0.0089999999999236,0
721560,0.0045000000000754,0
721590,0.0029999999999972,0
721620,0.0044999999999845,0
721650,0.005999999999949,0
721680,0.0045000000000527,0
721710,0.0044999999999618,0
721740,0.00450000000003,0
721770,0.0054999999999608,0
721800,0.0055000000000063,0
721830,0.0044999999999618,0
721860,0.00450000000003,0
721890,0.0035000000000309,0
721920,0.0035000000000536,0
721950,0.002500000000009,0
721980,0.0035000000000081,0
722010,0.0064999999999599,0
722040,0.00600000000004,0
722070,0.004499999999939,0
722100,0.0074999999999363,0
722130,0.0044999999999845,0
722160,0.0055000000000291,0
722190,0.00300000000002,0
722220,0.0084999999999581,0
722250,0.0055000000000291,0
722280,0.0059999999999718,0
722310,0.0035000000000536,0
722340,0.0045000000000072,0
722370,0.0029999999999745,0
722400,0.0039999999999963,0
722430,0.0055000000000745,0
722460,0.004499999999939,0
722490,0.0039999999999963,0
722520,0.00300000000002,0
722550,0.0075000000000045,0
722580,0.0059999999999718,0
722610,0.0045000000000072,0
722640,0.0049999999999727,0
722670,0.0034999999999854,0
722700,0.0049999999999727,0
722730,0.0030000000000654,0
722760,0.0039999999999508,0
722790,0.0024999999999863,0
722820,0.00600000000004,0
722850,0.0034999999999854,0
722880,0.0055000000000291,0
722910,0.0044999999999845,0
722940,0.0065000000000054,0
722970,0.0049999999999954,0
723000,0.005999999999949,0
723030,0.0045000000000527,0
723060,0.0060000000000172,0
723090,0.0060000000000172,0
723120,0.0049999999999954,0
723150,0.0055000000000973,0
723180,0.0064999999999372,0
723210,0.0059999999999718,0
723240,0.0069999999999936,0
723270,0.0045000000000072,0
723300,0.0050000000000409,0
723330,0.0064999999999372,0
723360,0.0039999999999736,0
723390,0.0049999999999727,0
723420,0.0039999999999963,0
723450,0.0039999999999508,0
723480,0.004499999999939,0
723510,0.00300000000002,0
723540,0.0040000000000418,0
723570,0.0049999999999499,0
723600,0.0059999999999945,0
723630,0.0054999999999381,0
723660,0.004499999999939,0
723690,0.0045000000000527,0
723720,0.0040000000000873,0
723750,0.0049999999999727,0
723780,0.0055000000000063,0
723810,0.0039999999999963,0
723840,0.0055000000000063,0
723870,0.0054999999999381,0
723900,0.0050000000000181,0
723930,0.0049999999999499,0
723960,0.0045000000000754,0
723990,0.0034999999999627,0
724020,0.004000000000019,0
724050,0.0050000000000181,0
724080,0.0049999999999499,0
724110,0.0035000000000081,0
724140,0.0054999999999154,0
724170,0.0064999999999827,0
724200,0.0059999999999945,0
724230,0.0080000000000381,0
724260,0.0044999999999845,0
724290,0.0054999999999608,0
724320,0.00600000000004,0
724350,0.0040000000000418,0
724380,0.0045000000000754,0
724410,0.0034999999999399,0
724440,0.0059999999999718,0
724470,0.0035000000000081,0
724500,0.0064999999999827,0
724530,0.0049999999999954,0
724560,0.0040000000000645,0
724590,0.0035000000000081,0
724620,0.0045000000000072,0
724650,0.0055000000000745,0
724680,0.0044999999999618,0
724710,0.0030000000000427,0
724740,0.0054999999999381,0
724770,0.0030000000000654,0
724800,0.0049999999999272,0
724830,0.00300000000002,0
724860,0.00450000000003,0
724890,0.0035000000000309,0
724920,0.0034999999999854,0
724950,0.0039999999999963,0
724980,0.0039999999999963,0
725010,0.0045000000000072,0
725040,0.0045000000000527,0
725070,0.0039999999999736,0
725100,0.0055000000000745,0
725130,0.0084999999999581,0
725160,0.0044999999999845,0
725190,0.0030000000000427,0
725220,0.004499999999939,0
725250,0.0075000000000727,0
725280,0.0045000000000527,0
725310,0.0034999999999627,0
725340,0.0055000000000291,0
725370,0.0054999999999154,0
725400,0.004000000000019,0
725430,0.0034999999999854,0
725460,0.004000000000019,0
725490,0.0049999999999727,0
725520,0.0050000000000409,0
725550,0.0035000000000763,0
725580,0.0035000000000081,0
725610,0.0030000000000427,0
725640,0.00300000000002,0
725670,0.0024999999998726,0
725700,0.00300000000002,0
725730,0.0030000000000654,0
725760,0.004000000000019,0
725790,0.0035000000000081,0
725820,0.0044999999999845,0
725850,0.0029999999999972,0
725880,0.0035000000000309,0
725910,0.0039999999999281,0
725940,0.0045000000000527,0
725970,0.0034999999999627,0
726000,0.0030000000000427,0
726030,0.0075000000000045,0
726060,0.0040000000000418,0
726090,0.0024999999999636,0
726120,0.00300000000002,0
726150,0.002500000000009,0
726180,0.0024999999999636,0
726210,0.0050000000000409,0
726240,0.0045000000000072,0
726270,0.0034999999999399,0
726300,0.00600000000004,0
726330,0.0029999999999972,0
726360,0.0035000000000081,0
726390,0.0024999999999636,0
726420,0.0045000000000072,0
726450,0.00300000000002,0
726480,0.0050000000000409,0
726510,0.0024999999999863,0
726540,0.0050000000000636,0
726570,0.00450000000003,0
726600,0.00750000000005,0
726630,0.002500000000009,0
726660,0.005999999999949,0
726690,0.0034999999999854,0
726720,0.0049999999999499,0
726750,0.0045000000000527,0
726780,0.0050000000000181,0
726810,0.0039999999999281,0
726840,0.0065000000000054,0
726870,0.0049999999999727,0
726900,0.0079999999999927,0
726930,0.0080000000000381,0
726960,0.0045000000000072,0
726990,0.0029999999999972,0
727020,0.0064999999999372,0
727050,0.0045000000000072,0
727080,0.0044999999999845,0
727110,0.0055000000000063,0
727140,0.0055000000000745,0
727170,0.004000000000019,0
727200,0.0049999999999727,0
727230,0.004499999999939,0
727260,0.0054999999999836,0
727290,0.0034999999999399,0
727320,0.0049999999999954,0
727350,0.0060000000000172,0
727380,0.0054999999999836,0
727410,0.0050000000000181,0
727440,0.0050000000000636,0
727470,0.0045000000000527,0
727500,0.007499999999959,0
727530,0.0059999999999945,0
727560,0.0075000000000272,0
727590,0.0039999999999736,0
727620,0.0059999999999945,0
727650,0.0064999999999827,0
727680,0.0055000000000291,0
727710,0.0050000000000181,0
727740,0.0054999999999381,0
727770,0.0064999999999827,0
727800,0.0049999999999954,0
727830,0.0070000000000391,0
727860,0.0054999999999836,0
727890,0.0050000000000181,0
727920,0.0064999999999599,0
727950,0.004499999999939,0
727980,0.0070000000000618,0
728010,0.0039999999999963,0
728040,0.0059999999999945,0
728070,0.005999999999949,0
728100,0.0065000000000281,0
728130,0.0049999999999727,0
728160,0.00600000000004,0
728190,0.0054999999998926,0
728220,0.0055000000000063,0
728250,0.0060000000000172,0
728280,0.0060000000000172,0
728310,0.0049999999999954,0
728340,0.0060000000000172,0
728370,0.0069999999999936,0
728400,0.0050000000000181,0
728430,0.0054999999999836,0
728460,0.00600000000004,0
728490,0.004000000000019,0
728520,0.0060000000000627,0
728550,0.0069999999999708,0
728580,0.0065000000000281,0
728610,0.0070000000000163,0
728640,0.0054999999999381,0
728670,0.0059999999999945,0
728700,0.0064999999999827,0
728730,0.0070000000000163,0
728760,0.0054999999999608,0
728790,0.0039999999999963,0
728820,0.0065000000000054,0
728850,0.0079999999999245,0
728880,0.0065000000001191,0
728910,0.0044999999998935,0
728940,0.0054999999999836,0
728970,0.0069999999999936,0
729000,0.0050000000000181,0
729030,0.0045000000000527,0
729060,0.0064999999999372,0
729090,0.0049999999999727,0
729120,0.00600000000004,0
729150,0.0059999999999718,0
729180,0.0069999999999936,0
729210,0.0064999999999372,0
729240,0.005999999999949,0
729270,0.0065000000000281,0
729300,0.0074999999999818,0
729330,0.0039999999999963,0
729360,0.0065000000000281,0
729390,0.0039999999999281,0
729420,0.0054999999999836,0
729450,0.0065000000000736,0
729480,0.0069999999999708,0
729510,0.0049999999999499,0
729540,0.0075000000000954,0
729570,0.0050000000000181,0
729600,0.0039999999999963,0
729630,0.0059999999999945,0
729660,0.0065000000000509,0
729690,0.0054999999999608,0
729720,0.0065000000000054,0
729750,0.0029999999999517,0
729780,0.0060000000000172,0
729810,0.0054999999999381,0
729840,0.0065000000000054,0
729870,0.0049999999999954,0
729900,0.0059999999999718,0
729930,0.00600000000004,0
729960,0.0054999999999836,0
729990,0.0054999999999381,0
730020,0.0044999999999618,0
730050,0.0045000000000527,0
730080,0.0055000000000063,0
730110,0.004499999999939,0
730140,0.0065000000000054,0
730170,0.0044999999999845,0
730200,0.0069999999999254,0
730230,0.0054999999999836,0
730260,0.0060000000000172,0
730290,0.00600000000004,0
730320,0.0060000000000172,0
730350,0.0040000000000645,0
730380,0.0069999999999481,0
730410,0.0060000000000172,0
730440,0.0044999999999845,0
730470,0.0045000000000527,0
730500,0.0069999999999708,0
730530,0.0059999999999263,0
730560,0.0035000000000536,0
730590,0.0045000000000527,0
730620,0.0044999999999845,0
730650,0.0069999999999936,0
730680,0.0054999999999154,0
730710,0.0035000000000081,0
730740,0.004000000000019,0
730770,0.0055000000000745,0
730800,0.004000000000019,0
730830,0.0049999999999954,0
730860,0.0049999999999727,0
730890,0.0020000000000436,0
730920,0.0060000000000172,0
730950,0.0055000000000291,0
730980,0.0054999999999608,0
731010,0.0024999999999863,0
731040,0.004499999999939,0
731070,0.0029999999999745,0
731100,0.0050000000000181,0
731130,0.0044999999999845,0
731160,0.0059999999999945,0
731190,0.0039999999999736,0
731220,0.0065000000000054,0
731250,0.0079999999999927,0
731280,0.0055000000000518,0
731310,0.0044999999999618,0
731340,0.0055000000000291,0
731370,0.0065000000000281,0
731400,0.0064999999999827,0
731430,0.0100000000000136,0
731460,0.0049999999999954,0
731490,0.0040000000000418,0
731520,0.0024999999999636,0
731550,0.0040000000000873,0
731580,0.0049999999999727,0
731610,0.0035000000000309,0
731640,0.0060000000000172,0
731670,0.0039999999999963,0
731700,0.0084999999999126,0
731730,0.00600000000004,0
731760,0.0064999999999827,0
731790,0.0034999999999854,0
731820,0.0069999999999254,0
731850,0.0050000000000181,0
731880,0.0034999999999627,0
731910,0.0034999999999627,0
731940,0.0065000000000281,0
731970,0.00300000000002,0
732000,0.0065000000000281,0
732030,0.0019999999999981,0
732060,0.0049999999999045,0
732090,0.00300000000002,0
732120,0.0034999999999854,0
732150,0.0060000000000172,0
732180,0.0070000000000391,0
732210,0.0039999999999281,0
732240,0.0035000000000081,0
732270,0.0050000000000409,0
732300,0.0064999999999599,0
732330,0.0065000000000054,0
732360,0.0039999999999508,0
732390,0.0039999999999963,0
732420,0.0055000000000291,0
732450,0.0054999999999836,0
732480,0.0019999999999981,0
732510,0.002500000000009,0
732540,0.0050000000000636,0
732570,0.0045000000000072,0
732600,0.0035000000000081,0
732630,0.0030000000000427,0
732660,0.0060000000000854,0
732690,0.0034999999999399,0
732720,0.0054999999999836,0
732750,0.00450000000003,0
732780,0.0065000000000054,0
732810,0.0055000000000518,0
732840,0.0054999999999836,0
732870,0.0045000000000754,0
732900,0.0050000000000409,0
732930,0.0039999999999963,0
732960,0.0039999999999281,0
732990,0.004000000000019,0
733020,0.0059999999999718,0
733050,0.0034999999999172,0
733080,0.0040000000000645,0
733110,0.0039999999999963,0
733140,0.0044999999999845,0
733170,0.0049999999999499,0
733200,0.0070000000000618,0
733230,0.0084999999999809,0
733260,0.0065000000000281,0
733290,0.0049999999999727,0
733320,0.0045000000000072,0
733350,0.0049999999999499,0
733380,0.004000000000019,0
733410,0.0040000000000645,0
733440,0.0055000000000291,0
733470,0.004499999999939,0
733500,0.0069999999999936,0
733530,0.0039999999999963,0
733560,0.0034999999999627,0
733590,0.0029999999999517,0
733620,0.0065000000000281,0
733650,0.0054999999999836,0
733680,0.0055000000000291,0
733710,0.0034999999999399,0
733740,0.0065000000000281,0
733770,0.0029999999999972,0
733800,0.004000000000019,0
733830,0.0034999999999627,0
733860,0.0055000000000291,0
733890,0.0044999999999618,0
733920,0.0064999999999599,0
733950,0.0035000000000536,0
733980,0.0049999999999954,0
734010,0.0035000000000081,0
734040,0.0049999999999954,0
734070,0.0044999999999845,0
734100,0.0044999999999618,0
734130,0.0080000000000836,0
734160,0.0039999999999963,0
734190,0.0039999999999963,0
734220,0.0044999999999845,0
734250,0.004000000000019,0
734280,0.0039999999999963,0
734310,0.0025000000000545,0
734340,0.0034999999999854,0
734370,0.0035000000000081,0
734400,0.004000000000019,0
734430,0.0034999999999854,0
734460,0.0049999999999727,0
734490,0.0064999999999599,0
734520,0.0044999999999163,0
734550,0.0024999999999863,0
734580,0.0039999999999736,0
734610,0.004000000000019,0
734640,0.0034999999999172,0
734670,0.0035000000000309,0
734700,0.00450000000003,0
734730,0.0050000000000181,0
734760,0.0039999999999736,0
734790,0.0045000000000072,0
734820,0.0040000000000418,0
734850,0.0035000000000081,0
734880,0.0035000000000081,0
734910,0.0029999999999972,0
734940,0.0044999999999163,0
734970,0.0044999999999618,0
735000,0.0054999999999836,0
735030,0.0065000000000054,0
735060,0.0064999999999827,0
735090,0.002500000000009,0
735120,0.0035000000000081,0
735150,0.0044999999999618,0
735180,0.0050000000000181,0
735210,0.0044999999999618,0
735240,0.0040000000000418,0
735270,0.0034999999999627,0
735300,0.0070000000000391,0
735330,0.0049999999999499,0
735360,0.0035000000000309,0
735390,0.0024999999999636,0
735420,0.004000000000019,0
735450,0.0109999999999217,0
735480,0.0050000000000409,0
735510,0.0055000000000063,0
735540,0.0055000000000063,0
735570,0.0050000000000181,0
735600,0.0069999999999254,0
735630,0.004000000000019,0
735660,0.0050000000000181,0
735690,0.0050000000000181,0
735720,0.0064999999999372,0
735750,0.0050000000000409,0
735780,0.0049999999999727,0
735810,0.0069999999999708,0
735840,0.0029999999999972,0
735870,0.0065000000000054,0
735900,0.0065000000000054,0
735930,0.0100000000000136,0
735960,0.0044999999999845,0
735990,0.0049999999999272,0
736020,0.0064999999998917,0
736050,0.0065000000000281,0
736080,0.0065000000000281,0
736110,0.0055000000000291,0
736140,0.00600000000004,0
736170,0.0050000000000181,0
736200,0.0070000000000163,0
736230,0.0045000000000072,0
736260,0.007499999999959,0
736290,0.0049999999999499,0
736320,0.0065000000000281,0
736350,0.0055000000000063,0
736380,0.0080000000000381,0
736410,0.005999999999949,0
736440,0.0054999999999608,0
736470,0.0035000000000309,0
736500,0.0064999999999827,0
736530,0.0059999999999718,0
736560,0.0044999999999618,0
736590,0.0050000000000181,0
736620,0.0074999999999818,0
736650,0.0065000000000281,0
736680,0.0049999999999954,0
736710,0.0045000000000072,0
736740,0.0074999999998908,0
736770,0.0035000000000309,0
736800,0.0090000000000372,0
736830,0.0069999999999708,0
736860,0.0079999999999927,0
736890,0.0054999999999836,0
736920,0.0059999999999718,0
736950,0.00450000000003,0
736980,0.0075000000000045,0
737010,0.0054999999999836,0
737040,0.0059999999999945,0
737070,0.00600000000004,0
737100,0.0070000000000391,0
737130,0.0059999999999718,0
737160,0.0065000000000736,0
737190,0.0034999999999627,0
737220,0.0069999999999481,0
737250,0.00750000000005,0
737280,0.0064999999999827,0
737310,0.0044999999999618,0
737340,0.0055000000000063,0
737370,0.004000000000019,0
737400,0.0065000000001191,0
737430,0.0050000000000181,0
737460,0.0055000000000063,0
737490,0.0065000000000281,0
737520,0.0049999999999727,0
737550,0.0070000000000391,0
737580,0.0065000000000281,0
737610,0.0060000000000172,0
737640,0.0064999999999827,0
737670,0.005999999999949,0
737700,0.0050000000000409,0
737730,0.0079999999999699,0
737760,0.0054999999999608,0
737790,0.00450000000003,0
737820,0.0055000000000518,0
737850,0.0070000000000163,0
737880,0.0059999999999718,0
737910,0.005999999999949,0
737940,0.0079999999999699,0
737970,0.0050000000000181,0
738000,0.004499999999939,0
738030,0.0050005000500914,0
738060,0.0079999999999927,0
738090,0.0039999999999963,0
738120,0.0055000000000063,0
738150,0.0059999999999945,0
738180,0.0074999999999363,0
738210,0.0064999999999599,0
738240,0.0080000000000154,0
738270,0.0049999999999727,0
738300,0.0065000000000054,0
738330,0.0064999999999827,0
738360,0.0055000000000063,0
738390,0.0044999999999845,0
738420,0.00750000000005,0
738450,0.00900000000006,0
738480,0.0065000000000281,0
738510,0.0055000000000291,0
738540,0.0074999999999818,0
738570,0.0054999999999836,0
738600,0.0064999999999599,0
738630,0.0069999999999936,0
738660,0.0075000000000727,0
738690,0.0149999999999863,0
738720,0.0099999999999454,0
738750,0.0060000000000172,0
738780,0.0059999999999945,0
738810,0.0050000000000409,0
738840,0.0069999999999026,0
738870,0.0045000000000072,0
738900,0.0055000000000063,0
738930,0.0065000000000281,0
738960,0.0079999999999927,0
738990,0.0045000000000072,0
739020,0.0034999999999627,0
739050,0.004499999999939,0
739080,0.0044999999999845,0
739110,0.0049999999999954,0
739140,0.0080000000000154,0
739170,0.0039999999999508,0
739200,0.0055000000000518,0
739230,0.0055000000000291,0
739260,0.0075000000000272,0
739290,0.0524999999999408,0
739320,0.00600000000004,0
739350,0.0069999999999936,0
739380,0.0045000000000527,0
739410,0.0065000000000054,0
739440,0.0055000000000745,0
739470,0.0070000000000163,0
739500,0.0065000000000054,0
739530,0.0075000000000272,0
739560,0.0064999999999827,0
739590,0.0054999999999608,0
739620,0.0049999999999954,0
739650,0.0065000000000054,0
739680,0.0065000000000281,0
739710,0.0040000000000645,0
739740,0.0069999999999708,0
739770,0.0064999999999599,0
739800,0.0060000000000854,0
739830,0.0059999999999945,0
739860,0.0049999999999499,0
739890,0.0065000000000964,0
739920,0.0064999999999372,0
739950,0.0065000000000964,0
739980,0.0069999999999936,0
740010,0.0069999999999936,0
740040,0.0064999999999827,0
740070,0.0055000000000518,0
740100,0.0054999999999608,0
740130,0.0035000000000081,0
740160,0.0035000000000763,0
740190,0.0054999999999381,0
740220,0.0079999999999927,0
740250,0.0054999999999836,0
740280,0.0044999999999845,0
740310,0.0055000000000291,0
740340,0.005999999999949,0
740370,0.0059999999999718,0
740400,0.0084999999999809,0
740430,0.0095000000000254,0
740460,0.0065000000000054,0
740490,0.004000000000019,0
740520,0.0054999999999836,0
740550,0.0044999999999845,0
740580,0.0070000000000163,0
740610,0.0054999999999608,0
740640,0.0074999999999363,0
740670,0.0060000000000172,0
740700,0.0044999999999845,0
740730,0.0055000000000518,0
740760,0.0059999999999718,0
740790,0.0045000000000072,0
740820,0.0059999999999945,0
740850,0.0074999999999818,0
740880,0.00600000000004,0
740910,0.0040000000000873,0
740940,0.0099999999999681,0
740970,0.0054999999999608,0
741000,0.00600000000004,0
741030,0.0050000000000409,0
741060,0.0065000000000054,0
741090,0.0224999999999681,0
741120,0.0060000000000854,0
741150,0.0064999999999145,0
741180,0.0060000000000172,0
741210,0.0044999999999845,0
741240,0.0060000000000627,0
741270,0.004000000000019,0
741300,0.0065000000000281,0
741330,0.0085000000000718,0
741360,0.0049999999999727,0
741390,0.0039999999999508,0
741420,0.0054999999999608,0
741450,0.0080000000000609,0
741480,0.0070000000000391,0
741510,0.0049999999999954,0
741540,0.005999999999949,0
741570,0.0055000000000291,0
741600,0.0084999999999354,0
741630,0.00600000000004,0
741660,0.0040000000000645,0
741690,0.0054999999999381,0
741720,0.0050000000000409,0
741750,0.0049999999999727,0
741780,0.0049999999999727,0
741810,0.0044999999999618,0
741840,0.0054999999999836,0
741870,0.0055000000000745,0
741900,0.0045000000000072,0
741930,0.0040000000000418,0
741960,0.0065000000000281,0
741990,0.0049999999999499,0
742020,0.0055000000000745,0
742050,0.00600000000004,0
742080,0.0045000000000527,0
742110,0.0029999999999745,0
742140,0.0055000000000518,0
742170,0.0044999999999845,0
742200,0.0045000000000072,0
742230,0.0080000000000381,0
742260,0.0050000000000409,0
742290,0.0035000000000081,0
742320,0.0054999999999836,0
742350,0.0039999999999963,0
742380,0.00750000000005,0
742410,0.0054999999999381,0
742440,0.0050000000000181,0
742470,0.0045000000000072,0
742500,0.0050000000000636,0
742530,0.0075000000000272,0
742560,0.0045000000000072,0
742590,0.0025000000000318,0
742620,0.0065000000000054,0
742650,0.0050000000000181,0
742680,0.0059999999999718,0
742710,0.0045000000000754,0
742740,0.0064999999999372,0
742770,0.0034999999999854,0
742800,0.0060000000000172,0
742830,0.0060000000000172,0
742860,0.0054999999999154,0
742890,0.0050000000000181,0
742920,0.0045000000000527,0
742950,0.0045000000000527,0
742980,0.0064999999999372,0
743010,0.0065000000000281,0
743040,0.0065000000000054,0
743070,0.0035000000000081,0
743100,0.0065000000000281,0
743130,0.0085000000000036,0
743160,0.0050000000000409,0
743190,0.0045000000000072,0
743220,0.0065000000000054,0
743250,0.0039999999999963,0
743280,0.0029999999999745,0
743310,0.0045000000000072,0
743340,0.0055000000000063,0
743370,0.0044999999999618,0
743400,0.0034999999999627,0
743430,0.0049999999999727,0
743460,0.0039999999999736,0
743490,0.0060000000000172,0
743520,0.0085000000000491,0
743550,0.0039999999999508,0
743580,0.0070000000000163,0
743610,0.0065000000000281,0
743640,0.0065000000000054,0
743670,0.0060000000000172,0
743700,0.0075000000000272,0
743730,0.0049999999999954,0
743760,0.0050000000000181,0
743790,0.0055000000000291,0
743820,0.0060000000000172,0
743850,0.0079999999999699,0
743880,0.0044999999999163,0
743910,0.0050000000000409,0
743940,0.0065000000000509,0
743970,0.0064999999999827,0
744000,0.0064999999999827,0
744030,0.0070000000000163,0
744060,0.0050000000000181,0
744090,0.00750000000005,0
744120,0.0060000000000172,0
744150,0.0070000000000391,0
744180,0.0055000000000291,0
744210,0.0070000000000391,0
744240,0.0060000000000172,0
744270,0.007499999999959,0
744300,0.0065000000000509,0
744330,0.0060000000000172,0
744360,0.0055000000000063,0
744390,0.0055000000000063,0
744420,0.0059999999999945,0
744450,0.0064999999999827,0
744480,0.0050000000000181,0
744510,0.0054999999999836,0
744540,0.0040000000000418,0
744570,0.0069999999999254,0
744600,0.0060000000000172,0
744630,0.0060000000000172,0
744660,0.0070000000000618,0
744690,0.0079999999999927,0
744720,0.0059999999999945,0
744750,0.0065000000000281,0
744780,0.0069999999999708,0
744810,0.0069999999999936,0
744840,0.0079999999999472,0
744870,0.0069999999999936,0
744900,0.0070000000000391,0
744930,0.0080000000000609,0
744960,0.0064999999999599,0
744990,0.0045000000000072,0
745020,0.0065000000000281,0
745050,0.0079999999999699,0
745080,0.0044999999999163,0
745110,0.00600000000004,0
745140,0.0059999999999718,0
745170,0.0075000000000045,0
745200,0.0065000000000509,0
745230,0.0054999999999381,0
745260,0.0050000000000181,0
745290,0.0075000000000045,0
745320,0.0055000000000518,0
745350,0.005999999999949,0
745380,0.0064999999999599,0
745410,0.0060000000000172,0
745440,0.0054999999999836,0
745470,0.0064999999999827,0
745500,0.007499999999959,0
745530,0.0064999999999827,0
745560,0.00600000000004,0
745590,0.0055000000000291,0
745620,0.0045000000000527,0
745650,0.0070000000000845,0
745680,0.0075000000000045,0
745710,0.0064999999999599,0
745740,0.0064999999999145,0
745770,0.0060000000000854,0
745800,0.0064999999999372,0
745830,0.0079999999999472,0
745860,0.0070000000000391,0
745890,0.00600000000004,0
745920,0.0049999999999727,0
745950,0.0054999999999381,0
745980,0.0080000000000381,0
746010,0.0059999999999945,0
746040,0.0064999999999827,0
746070,0.0054999999999836,0
746100,0.0045000000000754,0
746130,0.0070000000000618,0
746160,0.0045000000000072,0
746190,0.0054999999998926,0
746220,0.0055000000000063,0
746250,0.0079999999999699,0
746280,0.0069999999999936,0
746310,0.0070000000000163,0
746340,0.0050000000000636,0
746370,0.0070000000000163,0
746400,0.0069999999999936,0
746430,0.005999999999949,0
746460,0.0069999999999936,0
746490,0.0100000000000136,0
746520,0.0080000000000381,0
746550,0.0080000000000609,0
746580,0.0079999999999472,0
746610,0.007499999999959,0
746640,0.0059999999999718,0
746670,0.0044999999999618,0
746700,0.004000000000019,0
746730,0.010499999999979,0
746760,0.0064999999999372,0
746790,0.0059999999999945,0
746820,0.0050000000000181,0
746850,0.0075000000000272,0
746880,0.0059999999999263,0
746910,0.005999999999949,0
746940,0.0050000000000181,0
746970,0.0075000000000045,0
747000,0.0070000000000618,0
747030,0.0145000000000663,0
747060,0.0049999999999954,0
747090,0.0064999999999827,0
747120,0.0065000000000509,0
747150,0.0064999999999827,0
747180,0.0045000000000072,0
747210,0.0059999999999945,0
747240,0.0070000000000618,0
747270,0.0060000000000172,0
747300,0.0079999999999699,0
747330,0.0065000000000509,0
747360,0.0060000000000172,0
747390,0.0085000000000263,0
747420,0.0070000000000391,0
747450,0.0055000000000063,0
747480,0.0049999999999954,0
747510,0.0065000000000509,0
747540,0.00750000000005,0
747570,0.0059999999999945,0
747600,0.00750000000005,0
747630,0.0079999999998335,0
747660,0.00600000000004,0
747690,0.0039999999999736,0
747720,0.0045000000000072,0
747750,0.0069999999999708,0
747780,0.0049999999999954,0
747810,0.0060000000000172,0
747840,0.0055000000000063,0
747870,0.0049999999999727,0
747900,0.0065000000000281,0
747930,0.0065000000000054,0
747960,0.0040000000000645,0
747990,0.0064999999999827,0
748020,0.0065000000000736,0
748050,0.0089999999999918,0
748080,0.0079999999999699,0
748110,0.0075000000000272,0
748140,0.0065000000000054,0
748170,0.0070000000000163,0
748200,0.0069999999999254,0
748230,0.0064999999999827,0
748260,0.00750000000005,0
748290,0.0075000000000272,0
748320,0.0074999999999818,0
748350,0.0084999999999354,0
748380,0.0119999999999663,0
748410,0.0044999999999618,0
748440,0.0064999999999827,0
748470,0.0050000000000409,0
748500,0.0085008500850348,0
748530,0.0104999999999108,0
748560,0.0085000000000036,0
748590,0.0055000000000063,0
748620,0.0074999999999818,0
748650,0.0079999999999927,0
748680,0.0060000000000854,0
748710,0.0075000000000045,0
748740,0.0064999999999372,0
748770,0.0064999999999599,0
748800,0.0060000000000172,0
748830,0.005999999999949,0
748860,0.0080000000000154,0
748890,0.0055000000000063,0
748920,0.0055000000000063,0
748950,0.0049999999999954,0
748980,0.0060000000000172,0
749010,0.0085000000000036,0
749040,0.0059999999999718,0
749070,0.0050000000000181,0
749100,0.0080000000000381,0
749130,0.00600000000004,0
749160,0.0050000000000181,0
749190,0.0050000000000181,0
749220,0.0034999999999172,0
749250,0.0039999999999281,0
749280,0.0065000000000281,0
749310,0.0060000000000172,0
749340,0.0065000000000054,0
749370,0.0065000000000054,0
749400,0.0070000000000163,0
749430,0.0084999999999809,0
749460,0.0045000000000072,0
749490,0.0080000000000154,0
749520,0.0054999999999836,0
749550,0.0054999999999836,0
749580,0.0059999999999945,0
749610,0.0069999999999936,0
749640,0.0054999999999836,0
749670,0.0055000000000518,0
749700,0.0070000000000163,0
749730,0.0135000000000445,0
749760,0.0124999999999545,0
749790,0.0050000000000181,0
749820,0.0059999999999718,0
749850,0.0159999999999172,0
749880,0.0045000000000527,0
749910,0.0045000000000072,0
749940,0.0049999999999954,0
749970,0.0065000000000054,0
750000,0.0084999999999354,0
750030,0.0055000000000518,0
750060,0.0055000000000745,0
750090,0.0060000000000172,0
750120,0.00600000000004,0
750150,0.0055000000000063,0
750180,0.0054999999999836,0
750210,0.0065000000000281,0
750240,0.0044999999999845,0
750270,0.0034999999999854,0
750300,0.0055000000000518,0
750330,0.0089999999999008,0
750360,0.0045000000000754,0
750390,0.004499999999939,0
750420,0.0069999999999936,0
750450,0.0054999999999381,0
750480,0.0060000000000172,0
750510,0.0059999999999945,0
750540,0.0049999999999499,0
750570,0.0060000000000172,0
750600,0.0039999999999963,0
750630,0.0049999999999727,0
750660,0.0060000000000172,0
750690,0.0055000000000291,0
750720,0.0055000000000291,0
750750,0.0059999999998581,0
750780,0.00450000000003,0
750810,0.0065000000000281,0
750840,0.0054999999999836,0
750870,0.0029999999999972,0
750900,0.0050000000000181,0
750930,0.0045000000000072,0
750960,0.0060000000000172,0
750990,0.0025000000000318,0
751020,0.0034999999999172,0
751050,0.0060000000000627,0
751080,0.0055000000000291,0
751110,0.0049999999999727,0
751140,0.0044999999999163,0
751170,0.0050000000000181,0
751200,0.0055000000000291,0
751230,0.0079999999999472,0
751260,0.0055000000000291,0
751290,0.0050000000000409,0
751320,0.0050000000000181,0
751350,0.0054999999999836,0
751380,0.0040000000000418,0
751410,0.0039999999999054,0
751440,0.0034999999999854,0
751470,0.0039999999999963,0
751500,0.004000000000019,0
751530,0.0054999999999608,0
751560,0.0039999999999281,0
751590,0.0035000000000081,0
751620,0.0050000000000409,0
751650,0.0049999999999954,0
751680,0.0055000000000745,0
751710,0.004000000000019,0
751740,0.0035000000000081,0
751770,0.0069999999999481,0
751800,0.0050000000000181,0
751830,0.0034999999999854,0
751860,0.0034999999999399,0
751890,0.0049999999999499,0
751920,0.0045000000000072,0
751950,0.0065000000000964,0
751980,0.0055000000000063,0
752010,0.0039999999999963,0
752040,0.0055000000000291,0
752070,0.0044999999999618,0
752100,0.0039999999999963,0
752130,0.0094999999999572,0
752160,0.0039999999999963,0
752190,0.0055000000000063,0
752220,0.0045000000000072,0
752250,0.0044999999999618,0
752280,0.0040000000000418,0
752310,0.0054999999999608,0
752340,0.0045000000000072,0
752370,0.0065000000000054,0
752400,0.0040000000000645,0
752430,0.0034999999999172,0
752460,0.0035000000000536,0
752490,0.0045000000000527,0
752520,0.0059999999999945,0
752550,0.0065000000000281,0
752580,0.0055000000000063,0
752610,0.0080000000000836,0
752640,0.0049999999999727,0
752670,0.005999999999949,0
752700,0.0070000000000391,0
752730,0.0055000000000063,0
752760,0.0059999999999945,0
752790,0.0045000000000527,0
752820,0.0054999999999836,0
752850,0.0060000000000172,0
752880,0.0039999999999963,0
752910,0.0040000000000418,0
752940,0.0054999999999381,0
752970,0.0095000000000482,0
753000,0.0044999999999845,0
753030,0.0104999999999336,0
753060,0.0049999999999499,0
753090,0.0070000000000163,0
753120,0.0044999999999845,0
753150,0.008999999999969,0
753180,0.0064999999999145,0
753210,0.0080000000000154,0
753240,0.0240000000000009,0
753270,0.0059999999999945,0
753300,0.0075000000000272,0
753330,0.00600000000004,0
753360,0.007499999999959,0
753390,0.0069999999999481,0
753420,0.0054999999999154,0
753450,0.0059999999999263,0
753480,0.0065000000000054,0
753510,0.0064999999999599,0
753540,0.0070000000000391,0
753570,0.0065000000000509,0
753600,0.0064999999999599,0
753630,0.0070000000000618,0
753660,0.0044999999999845,0
753690,0.005999999999949,0
753720,0.0054999999999836,0
753750,0.00600000000004,0
753780,0.0070000000000163,0
753810,0.005999999999949,0
753840,0.0065000000000281,0
753870,0.0065000000000054,0
753900,0.0060000000000854,0
753930,0.0069999999999481,0
753960,0.0069999999999708,0
753990,0.0065000000000964,0
754020,0.0070000000000163,0
754050,0.0079999999999699,0
754080,0.0049999999999727,0
754110,0.0065000000000054,0
754140,0.0055000000000063,0
754170,0.0070000000000618,0
754200,0.0064999999999372,0
754230,0.0074999999999818,0
754260,0.0069999999999936,0
754290,0.0074999999999363,0
754320,0.0064999999999599,0
754350,0.0090000000000372,0
754380,0.0054999999999836,0
754410,0.0065000000000054,0
754440,0.0065000000000281,0
754470,0.0055000000000291,0
754500,0.0065000000000509,0
754530,0.0064999999999599,0
754560,0.00600000000004,0
754590,0.0050000000000181,0
754620,0.0050000000000181,0
754650,0.00600000000004,0
754680,0.0060000000000854,0
754710,0.0059999999999718,0
754740,0.0055000000000745,0
754770,0.0070000000000163,0
754800,0.0074999999998681,0
754830,0.0095000000000482,0
754860,0.0055000000000063,0
754890,0.0069999999999708,0
754920,0.0059999999999945,0
754950,0.0055000000000518,0
754980,0.0059999999999263,0
755010,0.0055000000000518,0
755040,0.0069999999999708,0
755070,0.0049999999999954,0
755100,0.0054999999999608,0
755130,0.0074999999999818,0
755160,0.0055000000000973,0
755190,0.0070000000000163,0
755220,0.0055000000000063,0
755250,0.0085000000000263,0
755280,0.0055000000000518,0
755310,0.0054999999999381,0
755340,0.0059999999999263,0
755370,0.0065000000000736,0
755400,0.0159999999999172,0
755430,0.0065000000000736,0
755460,0.0054999999999608,0
755490,0.0064999999999827,0
755520,0.00600000000004,0
755550,0.0084999999999809,0
755580,0.0055000000000291,0
755610,0.00600000000004,0
755640,0.0064999999999372,0
755670,0.0049999999999727,0
755700,0.0070000000000163,0
755730,0.0105000000000018,0
755760,0.0035000000000309,0
755790,0.004000000000019,0
755820,0.0050000000000181,0
755850,0.0070000000000163,0
755880,0.0055000000000063,0
755910,0.0034999999999854,0
755940,0.00600000000004,0
755970,0.00600000000004,0
756000,0.0085000000000263,0
756030,0.0050000000000181,0
756060,0.0069999999999936,0
756090,0.0059999999999718,0
756120,0.0049999999999499,0
756150,0.0064999999999827,0
756180,0.0054999999999836,0
756210,0.0060000000000172,0
756240,0.0044999999999618,0
756270,0.0064999999999372,0
756300,0.005999999999949,0
756330,0.0035000000000536,0
756360,0.0060000000000172,0
756390,0.0034999999999854,0
756420,0.0035000000000763,0
756450,0.0079999999999472,0
756480,0.0034999999999854,0
756510,0.0054999999999836,0
756540,0.0060000000000172,0
756570,0.0069999999999481,0
756600,0.0049999999999727,0
756630,0.0105000000000245,0
756660,0.0054999999999836,0
756690,0.0065000000000281,0
756720,0.0049999999999727,0
756750,0.0055000000000291,0
756780,0.0055000000000291,0
756810,0.0069999999999708,0
756840,0.0064999999999145,0
756870,0.0044999999999845,0
756900,0.005999999999949,0
756930,0.0059999999999945,0
756960,0.0039999999999508,0
756990,0.0040000000000418,0
757020,0.0049999999999727,0
757050,0.0060000000000172,0
757080,0.0054999999999154,0
757110,0.0050000000000181,0
757140,0.0065000000000509,0
757170,0.0065000000000281,0
757200,0.0050000000000181,0
757230,0.0054999999998926,0
757260,0.0065000000000054,0
757290,0.0055000000000063,0
757320,0.0034999999999627,0
757350,0.0029999999999972,0
757380,0.004000000000019,0
757410,0.0045000000000754,0
757440,0.0029999999999517,0
757470,0.0045000000000072,0
757500,0.0070000000000163,0
757530,0.0095000000000254,0
757560,0.0054999999998699,0
757590,0.0065000000000054,0
757620,0.0034999999999854,0
757650,0.0080000000000381,0
757680,0.0039999999999508,0
757710,0.004000000000019,0
757740,0.0030000000000654,0
757770,0.0059999999999945,0
757800,0.0060000000000627,0
757830,0.0044999999998935,0
757860,0.0060000000000627,0
757890,0.0034999999999399,0
757920,0.0039999999999963,0
757950,0.0044999999999618,0
757980,0.0044999999999845,0
758010,0.0049999999999954,0
758040,0.0049999999999045,0
758070,0.0050000000000181,0
758100,0.0049999999999954,0
758130,0.0055000000000063,0
758160,0.0064999999999145,0
758190,0.0054999999999381,0
758220,0.0044999999999845,0
758250,0.0045000000000527,0
758280,0.0045000000000527,0
758310,0.0065000000000509,0
758340,0.0044999999999618,0
758370,0.0045000000000072,0
758400,0.00450000000003,0
758430,0.0070000000000391,0
758460,0.0034999999999627,0
758490,0.0055000000000518,0
758520,0.0039999999999736,0
758550,0.0035000000000081,0
758580,0.0039999999999736,0
758610,0.0035000000000309,0
758640,0.0070000000000618,0
758670,0.0059999999999718,0
758700,0.004000000000019,0
758730,0.00450000000003,0
758760,0.0065000000000054,0
758790,0.0049999999999499,0
758820,0.0044999999999845,0
758850,0.0059999999999718,0
758880,0.0024999999999863,0
758910,0.0035000000000309,0
758940,0.0050000000000409,0
758970,0.0035000000000763,0
759000,0.0064999999999599,0
759030,0.0039999999999736,0
759060,0.00300000000002,0
759090,0.0049999999999727,0
759120,0.0045000000000527,0
759150,0.0054999999999836,0
759180,0.0050000000000409,0
759210,0.0045000000000527,0
759240,0.0069999999999936,0
759270,0.0040000000000873,0
759300,0.0055000000000063,0
759330,0.0085000000000036,0
759360,0.0035000000000309,0
759390,0.0055000000000063,0
759420,0.0049999999999727,0
759450,0.00600000000004,0
759480,0.0035000000000081,0
759510,0.0035000000000536,0
759540,0.0035000000000081,0
759570,0.005999999999949,0
759600,0.002500000000009,0
759630,0.0045000000000072,0
759660,0.0040000000000645,0
759690,0.0049999999999954,0
759720,0.0050000000000181,0
759750,0.0054999999999608,0
759780,0.0030000000000427,0
759810,0.0039999999999963,0
759840,0.0049999999999499,0
759870,0.0035000000000081,0
759900,0.0029999999999972,0
759930,0.0065000000000054,0
759960,0.0034999999999399,0
759990,0.0035000000000763,0
760020,0.0029999999999972,0
760050,0.0044999999999845,0
760080,0.0049999999999954,0
760110,0.0050000000000181,0
760140,0.0050000000000864,0
760170,0.0070000000000163,0
760200,0.0039999999999963,0
760230,0.0090000000000372,0
760260,0.0029999999999745,0
760290,0.0050000000000636,0
760320,0.0035000000000309,0
760350,0.0024999999999636,0
760380,0.0029999999999745,0
760410,0.0050000000000409,0
760440,0.0045000000000527,0
760470,0.0049999999999954,0
760500,0.0040000000000418,0
760530,0.0035000000000309,0
760560,0.00450000000003,0
760590,0.0035000000000081,0
760620,0.0044999999999618,0
760650,0.0055000000000745,0
760680,0.0035000000000309,0
760710,0.0059999999999718,0
760740,0.0049999999999954,0
760770,0.0055000000000063,0
760800,0.0055000000000063,0
760830,0.00450000000003,0
760860,0.0044999999999618,0
760890,0.0054999999999381,0
760920,0.0049999999999954,0
760950,0.0065000000000281,0
760980,0.0050000000000409,0
761010,0.0029999999999972,0
761040,0.0049999999999954,0
761070,0.0059999999999718,0
761100,0.0045000000000527,0
761130,0.010499999999979,0
761160,0.004499999999939,0
761190,0.0035000000000081,0
761220,0.0050000000000181,0
761250,0.0049999999999727,0
761280,0.0059999999999945,0
761310,0.004499999999939,0
761340,0.0055000000000291,0
761370,0.0044999999999845,0
761400,0.0049999999999727,0
761430,0.0045000000000527,0
761460,0.0070000000000163,0
761490,0.0075000000000727,0
761520,0.0049999999999954,0
761550,0.0055000000000063,0
761580,0.0049999999999727,0
761610,0.00750000000005,0
761640,0.0054999999999381,0
761670,0.0045000000000072,0
761700,0.0049999999999499,0
761730,0.0069999999999481,0
761760,0.0065000000000281,0
761790,0.0045000000000072,0
761820,0.0059999999999718,0
761850,0.0070000000000163,0
761880,0.0065000000000281,0
761910,0.0940000000000054,0
761940,0.0054999999999381,0
761970,0.0079999999999927,0
762000,0.0069999999999481,0
762030,0.0089999999999918,0
762060,0.0045000000000072,0
762090,0.0064999999999827,0
762120,0.00600000000004,0
762150,0.0059999999999263,0
762180,0.0090000000000827,0
762210,0.0064999999999827,0
762240,0.0055000000000291,0
762270,0.0040000000000873,0
762300,0.0064999999999372,0
762330,0.0055000000000063,0
762360,0.0050000000000409,0
762390,0.00600000000004,0
762420,0.0055000000000063,0
762450,0.0080000000000381,0
762480,0.0055000000000518,0
762510,0.0069999999999026,0
762540,0.00450000000003,0
762570,0.0065000000000054,0
762600,0.0055000000000063,0
762630,0.0049999999999727,0
762660,0.0064999999999599,0
762690,0.0049999999999727,0
762720,0.0069999999999708,0
762750,0.0044999999999845,0
762780,0.0044999999999163,0
762810,0.0069999999999708,0
762840,0.0054999999999608,0
762870,0.0060000000000627,0
762900,0.0059999999999718,0
762930,0.0089999999999918,0
762960,0.0054999999999608,0
762990,0.0044999999999845,0
763020,0.0044999999999618,0
763050,0.0055000000000063,0
763080,0.0049999999999499,0
763110,0.0049999999999499,0
763140,0.0060000000000172,0
763170,0.0064999999999599,0
763200,0.0069999999999936,0
763230,0.0054999999999836,0
763260,0.0055000000000291,0
763290,0.0065000000000736,0
763320,0.0060000000000172,0
763350,0.0055000000000063,0
763380,0.0055000000000518,0
763410,0.0084999999999354,0
763440,0.005999999999949,0
763470,0.0050000000000181,0
763500,0.0064999999999599,0
763530,0.0065000000000509,0
763560,0.0050000000000181,0
763590,0.0055000000000518,0
763620,0.0075000000000272,0
763650,0.0069999999999936,0
763680,0.00600000000004,0
763710,0.0060000000000172,0
763740,0.0054999999999381,0
763770,0.0065000000000054,0
763800,0.0069999999999708,0
763830,0.0085000000000945,0
763860,0.0039999999999963,0
763890,0.0059999999999945,0
763920,0.0049999999999727,0
763950,0.0074999999999818,0
763980,0.0049999999999727,0
764010,0.0070000000000618,0
764040,0.0065000000000509,0
764070,0.0059999999999945,0
764100,0.0080000000001291,0
764130,0.0054999999999836,0
764160,0.0050000000000181,0
764190,0.0564999999999145,0
764220,0.0054999999999608,0
764250,0.0065000000000281,0
764280,0.0064999999999827,0
764310,0.0049999999999954,0
764340,0.0065000000000281,0
764370,0.005999999999949,0
764400,0.0030000000000427,0
764430,0.0019999999999981,0
764460,0.0039999999999736,0
764490,0.0215000000000372,0
764520,0.0054999999999381,0
764550,0.0050000000000636,0
764580,0.0060000000000172,0
764610,0.0055000000000063,0
764640,0.0049999999999727,0
764670,0.0049999999999499,0
764700,0.0035000000000081,0
764730,0.0045000000000072,0
764760,0.002999999999929,0
764790,0.0035000000000081,0
764820,0.0024999999999636,0
764850,0.0055000000000063,0
764880,0.0049999999999272,0
764910,0.0055000000000518,0
764940,0.004499999999939,0
764970,0.004000000000019,0
765000,0.0024999999999863,0
765030,0.0049999999999954,0
765060,0.0054999999999836,0
765090,0.0039999999999963,0
765120,0.0055000000000518,0
765150,0.0059999999999945,0
765180,0.0045000000000072,0
765210,0.0039999999999963,0
765240,0.0079999999999699,0
765270,0.0045000000000072,0
765300,0.0039999999999963,0
765330,0.0044999999999618,0
765360,0.0055000000000518,0
765390,0.0054999999999836,0
765420,0.0055000000000745,0
765450,0.0039999999999508,0
765480,0.0045000000000754,0
765510,0.0055000000000518,0
765540,0.0059999999999718,0
765570,0.0029999999999517,0
765600,0.0079999999999927,0
765630,0.0065000000000054,0
765660,0.0075000000000045,0
765690,0.0049999999999727,0
765720,0.0060000000000172,0
765750,0.0070000000000163,0
765780,0.0034999999999399,0
765810,0.0060000000000627,0
765840,0.00450000000003,0
765870,0.0034999999999399,0
765900,0.004000000000019,0
765930,0.0055000000000063,0
765960,0.00450000000003,0
765990,0.0024999999999636,0
766020,0.0045000000000072,0
766050,0.0054999999999381,0
766080,0.0065000000000509,0
766110,0.0044999999999618,0
766140,0.0035000000000536,0
766170,0.004499999999939,0
766200,0.3880000000000564,0
766230,0.0789999999999963,0
766260,0.1630000000000791,0
766290,0.2159999999999854,0
766320,0.2209999999999809,0
766350,0.1819999999999482,0
766380,0.1615000000000009,0
766410,0.4289999999999737,0
766440,0.2269999999999981,0
766470,0.5800000000001319,0
766500,0.1480000000000473,0
766530,0.0275000000000318,0
766560,0.0139999999999645,0
766590,0.0130000000000563,0
766620,0.4475000000000137,0
766650,0.1699999999998681,0
766680,0.1260000000000218,0
766710,0.1105000000000927,0
766740,0.05,0
766770,0.0529999999999745,0
766800,0.0709999999999809,0
766830,0.0839999999999008,0
766860,0.0649999999999636,0
766890,0.0780000000000655,0
766920,0.0840000000000373,0
766950,0.0930000000000973,0
766980,0.0549999999999727,0
767010,0.6120000000000574,0
767040,0.2694999999999481,0
767070,0.0174999999999954,0
767100,0.6300000000000183,0
767130,0.1754999999999427,0
767160,0.0145000000000436,0
767190,0.3739999999999782,0
767220,0.0209999999999354,0
767250,0.5419999999999391,0
767280,0.1070000000000846,0
767310,0.30199999999993,0
767340,0.2655000000000427,0
767370,0.0404999999999972,0
767400,0.0124999999999772,0
767430,0.1634999999999991,0
767460,0.2555000000000291,0
767490,0.1695000000000164,0
767520,0.0100000000000363,0
767550,0.0150000000000318,0
767580,0.0135000000000218,0
767610,0.0214999999998781,0
767640,0.0154999999999972,0
767670,0.1875000000000227,0
767700,0.0694999999999708,0
767730,0.1064999999999599,0
767760,0.0200000000000272,0
767790,0.0220000000000027,0
767820,0.2300000000000182,0
767850,0.0885000000000445,0
767880,0.0129999999999654,0
767910,0.0170000000000072,0
767940,0.0200000000000272,0
767970,0.2445000000000391,0
768000,0.04500000000005,0
768030,0.0120000000000345,0
768060,0.010499999999979,0
768090,0.0134999999999536,0
768120,0.008999999999969,0
768150,0.0154999999999745,0
768180,0.1440000000000054,0
768210,0.1380000000000109,0
768240,0.0105000000000927,0
768270,0.0149999999999636,0
768300,0.0095000000000027,0
768330,0.0195000000000163,0
768360,0.2420000000000073,0
768390,0.2029999999999745,0
768420,0.0325000000000955,0
768450,0.0860000000000582,0
768480,0.0304999999999608,0
768510,0.0204999999999699,0
768540,0.0055000000000291,0
768570,0.0075000000000727,0
768600,0.0224999999999681,0
768630,0.0925000000000409,0
768660,0.0245000000000345,0
768690,0.010499999999979,0
768720,0.007499999999959,0
768750,0.0075000000001182,0
768780,0.1105000000000245,0
768810,0.1950000000000046,0
768840,0.0205000000000382,0
768870,0.2524999999999864,0
768900,0.2025000000001,0
768930,0.0445000000000391,0
768960,0.113499999999999,0
768990,0.0099999999999454,0
769020,0.0085000000000491,0
769050,0.0120000000000118,0
769080,0.0085000000000491,0
769110,0.0084999999999581,0
769140,0.0079999999999927,0
769170,0.0099999999999454,0
769200,0.2349999999999681,0
769230,0.0450000000000272,0
769260,0.0180000000000291,0
769290,0.1620000000000118,0
769320,0.0079999999999927,0
769350,0.02000000000005,0
769380,0.0429999999999381,0
769410,0.13599999999999,0
769440,0.0150000000000318,0
769470,0.0264999999999417,0
769500,0.1884999999999536,0
769530,0.5169999999999846,0
769560,0.23449999999998,0
769590,0.0909999999999172,0
769620,0.08149999999996,0
769650,0.1069999999999254,0
769680,0.4500000000000682,0
769710,0.1269999999999754,0
769740,0.0619999999999663,0
769770,0.0200000000000727,0
769800,0.0124999999999772,0
769830,0.2475000000000136,0
769860,0.1824999999999363,0
769890,0.0270000000000209,0
769920,0.0115000000000918,0
769950,0.2999999999999318,0
769980,0.1819999999999936,0
770010,0.0369999999999663,0
770040,0.0094999999999799,0
770070,0.0130000000000563,0
770100,0.0130000000000791,0
770130,0.0130000000000109,0
770160,0.0124999999999545,0
770190,0.2470000000000709,0
770220,0.1824999999999818,0
770250,0.0254999999999654,0
770280,0.03550000000007,0
770310,0.24200000000003,0
770340,0.0504999999998517,0
770370,0.1839999999999236,0
770400,0.0859999999999672,0
770430,0.0110000000000582,0
770460,0.0094999999999345,0
770490,0.0615000000000463,0
770520,0.2050000000000181,0
770550,0.0870000000001027,0
770580,0.2444999999999481,0
770610,0.218499999999949,0
770640,0.0725000000000363,0
770670,0.1490000000000691,0
770700,0.0335000000000491,0
770730,0.1274999999999636,0
770760,0.1580000000000382,0
770790,0.2359999999999445,0
770820,0.0585000000000945,0
770850,0.19849999999999,0
770880,0.0309999999999945,0
770910,0.0249999999999317,0
770940,0.2409999999999854,0
770970,0.0460000000000491,0
771000,0.013499999999999,0
771030,0.0845000000000936,0
771060,0.0930000000000063,0
771090,0.0424999999999499,0
771120,0.1225000000000818,0
771150,0.0799999999999954,0
771180,0.2410000000000082,0
771210,0.1430000000000518,0
771240,0.2565000000000054,0
771270,0.0500000000000909,0
771300,0.1884999999999991,0
771330,0.1925000000000182,0
771360,0.0675000000000182,0
771390,0.2074999999999818,0
771420,0.1049999999999499,0
771450,0.0340000000000372,0
771480,0.2115000000000009,0
771510,0.1560000000000173,0
771540,0.2314999999999372,0
771570,0.1425000000000182,0
771600,0.2580000000000155,0
771630,0.2014999999999872,0
771660,0.1289999999999508,0
771690,0.1149999999999863,0
771720,0.2114999999999327,0
771750,0.1269999999999754,0
771780,0.0314999999999599,0
771810,0.1879999999998745,0
771840,0.0790000000000191,0
771870,0.0220000000000027,0
771900,0.0099999999999909,0
771930,0.0135000000000445,0
771960,0.2959999999999581,0
771990,0.1294999999999617,0
772020,0.0220000000000482,0
772050,0.2570000000000164,0
772080,0.1365000000000009,0
772110,0.0235000000000582,0
772140,0.0260000000000673,0
772170,0.2374999999999772,0
772200,0.1105000000001155,0
772230,0.0710000000000718,0
772260,0.2880000000000109,0
772290,0.0925000000000182,0
772320,0.3000000000001137,0
772350,0.2919999999999618,0
772380,0.2530000000000427,0
772410,0.0415000000000191,0
772440,0.2539999999999509,0
772470,0.17199999999998,0
772500,0.0340000000000145,0
772530,0.0585000000000491,0
772560,0.1179999999999609,0
772590,0.0230000000000472,0
772620,0.0520000000000209,0
772650,0.0320000000000391,0
772680,0.2434999999999036,0
772710,0.2029999999999745,0
772740,0.0839999999999236,0
772770,0.2595000000000255,0
772800,0.0785000000000309,0
772830,0.2944999999999254,0
772860,0.1884999999999763,0
772890,0.0565000000000282,0
772920,0.3230000000000473,0
772950,0.0639999999999418,0
772980,0.2090000000000828,0
773010,0.0699999999999363,0
773040,0.125999999999999,0
773070,0.0425000000000636,0
773100,0.2629999999998972,0
773130,0.1345000000000027,0
773160,0.0620000000000118,0
773190,0.2734999999999217,0
773220,0.0884999999999536,0
773250,0.19300000000012,0
773280,0.2105000000000245,0
773310,0.1224999999999454,0
773340,0.0335000000000036,0
773370,0.0505000000000109,0
773400,0.1904999999999972,0
773430,0.0454999999999699,0
773460,0.0259999999999763,0
773490,0.1779999999999973,0
773520,0.1659999999999854,0
773550,0.0850000000000818,0
773580,0.0084999999999809,0
773610,0.0130000000000109,0
773640,0.0975000000000136,0
773670,0.2235000000000354,0
773700,0.1250000000000455,0
773730,0.0329999999999927,0
773760,0.1185000000000172,0
773790,0.0269999999999072,0
773820,0.22199999999998,0
773850,0.094999999999959,0
773880,0.0154999999999972,0
773910,0.0220000000000027,0
773940,0.2400000000000773,0
773970,0.1114999999999327,0
774000,0.0164999999999963,0
774030,0.0089999999999918,0
774060,0.2235000000000354,0
774090,0.2005000000000564,0
774120,0.0309999999999945,0
774150,0.013499999999999,0
774180,0.0525000000000545,0
774210,0.2024999999999636,0
774240,0.1055000000000291,0
774270,0.0155000000000654,0
774300,0.0144999999998844,0
774330,0.0519999999999981,0
774360,0.2054999999999609,0
774390,0.1350000000000364,0
774420,0.0184999999999945,0
774450,0.1024999999999863,0
774480,0.1444999999999481,0
774510,0.2724999999999681,0
774540,0.0245000000000573,0
774570,0.2420000000000073,0
774600,0.11950000000013,0
774630,0.0234999999999672,0
774660,0.0100000000000136,0
774690,0.0225000000000136,0
774720,0.2095000000000254,0
774750,0.1085000000000263,0
774780,0.0154999999999745,0
774810,0.0109999999999445,0
774840,0.2470000000000254,0
774870,0.0850000000000136,0
774900,0.0054999999999836,0
774930,0.0054999999999381,0
774960,0.0055000000000745,0
774990,0.2544999999999845,0
775020,0.0595000000000254,0
775050,0.1925000000000181,0
775080,0.1205000000000381,0
775110,0.5269999999999073,0
775140,0.119999999999959,0
775170,0.2690000000000964,0
775200,0.0854999999999563,0
775230,0.1029999999999745,0
775260,0.3319999999999481,0
775290,0.13100000000004,0
775320,0.3050000000000636,0
775350,0.2265000000000555,0
775380,0.0985000000000582,0
775410,0.3314999999999827,0
775440,0.1154999999999518,0
775470,0.3840000000000145,0
775500,0.2419999999999618,0
775530,0.0505000000001018,0
775560,0.2314999999999827,0
775590,0.0789999999999963,0
775620,0.03449999999998,0
775650,0.1280000000000655,0
775680,0.4765000000000782,0
775710,0.21749999999995,0
775740,0.10750000000005,0
775770,0.0234999999999445,0
775800,0.012499999999909,0
775830,0.2580000000000381,0
775860,0.1474999999999909,0
775890,0.0234999999999672,0
775920,0.0070000000000391,0
775950,0.0210000000000036,0
775980,0.0145000000000209,0
776010,0.010499999999979,0
776040,0.1595000000000254,0
776070,0.1805000000000063,0
776100,0.0180000000000063,0
776130,0.0109999999999672,0
776160,0.0234999999999445,0
776190,0.0084999999999809,0
776220,0.1830000000000382,0
776250,0.1804999999999609,0
776280,0.0194999999999708,0
776310,0.015000000000009,0
776340,0.0130000000000336,0
776370,0.0144999999999299,0
776400,0.024499999999989,0
776430,0.0335000000000263,0
776460,0.2114999999999781,0
776490,0.1169999999999618,0
776520,0.0139999999999417,0
776550,0.0095000000000027,0
776580,0.0059999999999718,0
776610,0.0075000000000045,0
776640,0.0074999999999818,0
776670,0.2285000000000764,0
776700,0.0865000000000463,0
776730,0.0139999999999872,0
776760,0.2349999999999909,0
776790,0.125,0
776820,0.0194999999999481,0
776850,0.2015000000000782,0
776880,0.1180000000000291,0
776910,0.0209999999999581,0
776940,0.2354999999999563,0
776970,0.0774999999999408,0
777000,0.2459999999999354,0
777030,0.1414999999999054,0
777060,0.0150000000000318,0
777090,0.018499999999949,0
777120,0.0164999999999963,0
777150,0.015000000000009,0
777180,0.0099999999999226,0
777210,0.2399999999999408,0
777240,0.1340000000000145,0
777270,0.0114999999999326,0
777300,0.0145000000000209,0
777330,0.0180000000000745,0
777360,0.01400000000001,0
777390,0.0164999999999281,0
777420,0.0210000000000491,0
777450,0.0235000000000127,0
777480,0.0264999999998735,0
777510,0.05600000000004,0
777540,0.1980000000000018,0
777570,0.0735000000000582,0
777600,0.0084999999999581,0
777630,0.0110000000000354,0
777660,0.0054999999999608,0
777690,0.0100000000000818,0
777720,0.0084999999999354,0
777750,0.01350000000009,0
777780,0.2279999999999518,0
777810,0.1450000000000955,0
777840,0.0365000000000009,0
777870,0.035499999999979,0
777900,0.0355000000000245,0
777930,0.01400000000001,0
777960,0.0114999999999099,0
777990,0.0095000000000482,0
778020,0.018499999999949,0
778050,0.2435000000000627,0
778080,0.1450000000000273,0
778110,0.0110000000000582,0
778140,0.2394999999999754,0
778170,0.1519999999999527,0
778200,0.0214999999999918,0
778230,0.2394999999999754,0
778260,0.1409999999999399,0
778290,0.0170000000000072,0
778320,0.0130000000000336,0
778350,0.0089999999999236,0
778380,0.0110000000000354,0
778410,0.0099999999998999,0
778440,0.008999999999969,0
778470,0.0120000000000118,0
778500,0.0105000000000472,0
778530,0.0174999999999272,0
778560,0.0115000000000009,0
778590,0.0100000000000591,0
778620,0.013499999999999,0
778650,0.0170000000000754,0
778680,0.0134999999999763,0
778710,0.0125000000000454,0
778740,0.1265000000000782,0
778770,0.0910000000000309,0
778800,0.0155000000000427,0
778830,0.0170000000000072,0
778860,0.0125000000000454,0
778890,0.01850000000004,0
778920,0.1960000000000263,0
778950,0.1935000000000399,0
778980,0.0490000000000009,0
779010,0.1269999999999527,0
779040,0.0454999999999699,0
779070,0.18400000000006,0
779100,0.0655000000000427,0
779130,0.2389999999999645,0
779160,0.0635000000000673,0
779190,0.0794999999999163,0
779220,0.2315000000000509,0
779250,0.143499999999949,0
779280,0.01850000000004,0
779310,0.0145000000000209,0
779340,0.013499999999999,0
779370,0.0099999999999909,0
779400,0.015000000000009,0
779430,0.0424999999999499,0
779460,0.2410000000000081,0
779490,0.1424999999999954,0
779520,0.0500000000000227,0
779550,0.2254999999999654,0
779580,0.1130000000000336,0
779610,0.0205000000000382,0
779640,0.22650000000001,0
779670,0.1205000000000154,0
779700,0.0144999999999299,0
779730,0.2379999999999654,0
779760,0.1514999999999418,0
779790,0.0234999999999899,0
779820,0.0094999999999799,0
779850,0.00900000000006,0
779880,0.0239999999999781,0
779910,0.0170000000000072,0
779940,0.0155000000000427,0
779970,0.0175000000000636,0
780000,0.0144999999999527,0
780030,0.0144999999999754,0
780060,0.0069999999999481,0
780090,0.0189999999999372,0
780120,0.0069999999999936,0
780150,0.0215000000000145,0
780180,0.0160000000000763,0
780210,0.0225000000000363,0
780240,0.0110000000000127,0
780270,0.0194999999999481,0
780300,0.2209999999999581,0
780330,0.1615000000000236,0
780360,0.2380000000000109,0
780390,0.0330000000000154,0
780420,0.0099999999999909,0
780450,0.23799999999992,0
780480,0.1440000000000509,0
780510,0.0180000000000063,0
780540,0.0130000000000336,0
780570,0.2365000000000009,0
780600,0.2070000000000618,0
780630,0.2214999999999918,0
780660,0.1775000000000091,0
780690,0.0310000000000172,0
780720,0.04350000000004,0
780750,0.2144999999999754,0
780780,0.0974999999999909,0
780810,0.2204999999999472,0
780840,0.0785000000000309,0
780870,0.1910000000000536,0
780900,0.1725000000000591,0
780930,0.0289999999999736,0
780960,0.0220000000000482,0
780990,0.2369999999999209,0
781020,0.09300000000012,0
781050,0.0949999999998681,0
781080,0.1295000000000755,0
781110,0.0314999999999599,0
781140,0.2369999999999891,0
781170,0.0464999999999918,0
781200,0.2385000000000218,0
781230,0.0410000000001218,0
781260,0.22650000000001,0
781290,0.0624999999999772,0
781320,0.0080000000000154,0
781350,0.0119999999999436,0
781380,0.1030000000000199,0
781410,0.1099999999999909,0
781440,0.0680000000000063,0
781470,0.2129999999999882,0
781500,0.1219999999999117,0
781530,0.21700000000003,0
781560,0.1674999999999727,0
781590,0.0459999999999581,0
781620,0.24399999999996,0
781650,0.0494999999999663,0
781680,0.2120000000000118,0
781710,0.110499999999979,0
781740,0.23400000000006,0
781770,0.0679999999999609,0
781800,0.2090000000000146,0
781830,0.1195000000000163,0
781860,0.2334999999999581,0
781890,0.0829999999999472,0
781920,0.1715000000000827,0
781950,0.1124999999999772,0
781980,0.0209999999999809,0
782010,0.1745000000000118,0
782040,0.1055000000000063,0
782070,0.2520000000000664,0
782100,0.1845000000000027,0
782130,0.0775000000000318,0
782160,0.2420000000000073,0
782190,0.0884999999999991,0
782220,0.025,0
782250,0.2374999999999773,0
782280,0.0454999999999017,0
782310,0.0150000000001,0
782340,0.0100000000000136,0
782370,0.0130000000000109,0
782400,0.0105000000000018,0
782430,0.0099999999999909,0
782460,0.0085000000000263,0
782490,0.0125,0
782520,0.0089999999999918,0
782550,0.1844999999999572,0
782580,0.1210000000000036,0
782610,0.0289999999999736,0
782640,0.02300000000007,0
782670,0.2399999999999864,0
782700,0.0834999999999809,0
782730,0.0115000000000463,0
782760,0.0089999999999918,0
782790,0.0159999999999399,0
782820,0.2359999999999672,0
782850,0.1634999999999764,0
782880,0.0075000000000045,0
782910,0.0094999999999799,0
782940,0.0069999999999936,0
782970,0.0064999999999827,0
783000,0.0079999999999927,0
783030,0.0065000000000281,0
783060,0.0094999999999345,0
783090,0.00600000000004,0
783120,0.01550000000002,0
783150,0.0309999999999945,0
783180,0.19849999999999,0
783210,0.1104999999999563,0
783240,0.2324999999999818,0
783270,0.0459999999999581,0
783300,0.2125000000001364,0
783330,0.19050000000002,0
783360,0.0834999999999581,0
783390,0.1729999999999563,0
783420,0.12150000000006,0
783450,0.166999999999939,0
783480,0.1159999999999854,0
783510,0.0269999999999981,0
783540,0.0095000000000254,0
783570,0.0430000000000518,0
783600,0.2445000000000618,0
783630,0.27800000000002,0
783660,0.2274999999999863,0
783690,0.0865000000000236,0
783720,0.2280000000000427,0
783750,0.0589999999999463,0
783780,0.2420000000000072,0
783810,0.1129999999999427,0
783840,0.91449999999993,0
783870,0.2285000000000082,0
783900,0.1019999999999754,0
783930,0.3774999999999863,0
783960,0.1214999999999008,0
783990,0.3374999999999545,0
784020,0.0204999999999927,0
784050,0.2344999999999345,0
784080,0.17349999999999,0
784110,0.1259999999999763,0
784140,0.0649999999999636,0
784170,0.1239999999999554,0
784200,0.1999999999999772,0
784230,0.5874999999999091,0
784260,0.2309999999999036,0
784290,0.0240000000000463,0
784320,0.5185000000000173,0
784350,0.2450000000000045,0
784380,0.019999999999959,0
784410,0.0170000000000527,0
784440,0.0204999999999472,0
784470,0.2870000000001255,0
784500,0.2240000000000463,0
784530,0.2930000000000291,0
784560,0.3735000000000127,0
784590,0.3920000000000072,0
784620,0.2959999999999581,0
784650,0.2035000000000309,0
784680,0.4284999999998945,0
784710,0.3080000000000155,0
784740,0.3995000000000118,0
784770,0.1955000000000382,0
784800,0.188499999999999,0
784830,0.0170000000000754,0
784860,0.008999999999969,0
784890,0.0325000000000954,0
784920,0.2300000000000182,0
784950,0.1965000000000145,0
784980,0.0684999999999263,0
785010,0.0435000000000172,0
785040,0.0575000000000272,0
785070,0.0519999999999981,0
785100,0.0544999999999845,0
785130,0.07000000000005,0
785160,0.0724999999999909,0
785190,0.1095000000000027,0
785220,0.0979999999999336,0
785250,0.0735000000000354,0
785280,0.4149999999999409,0
785310,0.2589999999999691,0
785340,0.1845000000000254,0
785370,0.3740000000000236,0
785400,0.1659999999999627,0
785430,0.1564999999999599,0
785460,0.0335000000000491,0
785490,0.3019999999999754,0
785520,0.1590000000000373,0
785550,0.0999999999999999,0
785580,0.2190000000000509,0
785610,0.11400000000001,0
785640,0.6875000000000001,0
785670,0.17349999999999,0
785700,0.6134999999999309,0
785730,0.2355000000000928,0
785760,0.1100000000000591,0
785790,0.5519999999999754,0
785820,0.1580000000000154,0
785850,0.1884999999999536,0
785880,0.0144999999999981,0
785910,0.1284999999999627,0
785940,0.2940000000000509,0
785970,0.2594999999999572,0
786000,0.0130000000000563,0
786030,0.0169999999999163,0
786060,0.0154999999999972,0
786090,0.0154999999999972,0
786120,0.016999999999939,0
786150,0.2340000000001055,0
786180,0.0510000000000445,0
786210,0.2139999999999872,0
786240,0.0434999999999035,0
786270,0.0110000000000127,0
786300,0.0330000000000154,0
786330,0.1149999999999863,0
786360,0.0174999999999954,0
786390,0.0120000000000345,0
786420,0.0149999999999636,0
786450,0.2039999999999509,0
786480,0.1150000000000091,0
786510,0.0124999999999772,0
786540,0.0160000000000763,0
786570,0.0185000000000172,0
786600,0.0154999999999517,0
786630,0.0224999999999909,0
786660,0.0160000000000536,0
786690,0.2095000000000482,0
786720,0.0515000000000554,0
786750,0.0085000000000036,0
786780,0.0114999999998872,0
786810,0.0114999999999781,0
786840,0.0894999999999527,0
786870,0.2740000000000009,0
786900,0.0450000000001182,0
786930,0.2179999999999609,0
786960,0.0244999999999663,0
786990,0.0060000000000172,0
787020,0.0049999999999954,0
787050,0.0084999999999354,0
787080,0.0070000000000845,0
787110,0.1205000000000154,0
787140,0.1090000000000372,0
787170,0.0065000000000281,0
787200,0.0165000000000873,0
787230,0.1940000000000736,0
787260,0.0309999999999035,0
787290,0.0180000000000518,0
787320,0.0679999999999609,0
787350,0.1345000000000482,0
787380,0.0129999999999881,0
787410,0.0264999999999872,0
787440,0.1830000000000609,0
787470,0.119999999999959,0
787500,0.0090000000000372,0
787530,0.0444999999999708,0
787560,0.2379999999999427,0
787590,0.1339999999999691,0
787620,0.0174999999999954,0
787650,0.1414999999999963,0
787680,0.115499999999929,0
787710,0.0109999999999899,0
787740,0.0069999999999254,0
787770,0.0054999999999608,0
787800,0.0050000000000409,0
787830,0.00450000000003,0
787860,0.004000000000019,0
787890,0.0064999999999372,0
787920,0.0044999999999845,0
787950,0.0315000000000281,0
787980,0.1290000000000191,0
788010,0.0590000000000145,0
788040,0.2544999999999845,0
788070,0.1940000000000055,0
788100,0.0510000000000445,0
788130,0.1534999999999399,0
788160,0.10799999999997,0
788190,0.2559999999999263,0
788220,0.1825000000000955,0
788250,0.06050000000007,0
788280,0.0824999999999363,0
788310,0.1889999999999418,0
788340,0.0109999999999899,0
788370,0.13299999999997,0
788400,0.1320000000000163,0
788430,0.01700000000003,0
788460,0.033999999999969,0
788490,0.132499999999959,0
788520,0.0169999999999618,0
788550,0.0375,0
788580,0.1520000000000209,0
788610,0.0069999999999254,0
788640,0.0120000000000118,0
788670,0.07650000000001,0
788700,0.1045000000000754,0
788730,0.0200000000000954,0
788760,0.0160000000000536,0
788790,0.2474999999999682,0
788820,0.0840000000000145,0
788850,0.0074999999999363,0
788880,0.2275000000001228,0
788910,0.2139999999999872,0
788940,0.0324999999999818,0
788970,0.2559999999999263,0
789000,0.1430000000000291,0
789030,0.0175000000000864,0
789060,0.0059999999999945,0
789090,0.0100000000000818,0
789120,0.0059999999999718,0
789150,0.010499999999979,0
789180,0.02950000000003,0
789210,0.2119999999999436,0
789240,0.1410000000000082,0
789270,0.0105000000000245,0
789300,0.0069999999999708,0
789330,0.0055000000000063,0
789360,0.1510000000000218,0
789390,0.1759999999999991,0
789420,0.0265000000000782,0
789450,0.0704999999999927,0
789480,0.2304999999999154,0
789510,0.1485000000000582,0
789540,0.0200000000000045,0
789570,0.0159999999999627,0
789600,0.2494999999999209,0
789630,0.2244999999999209,0
789660,0.0255000000000791,0
789690,0.03449999999998,0
789720,0.0125000000000682,0
789750,0.0185000000000172,0
789780,0.0524999999999636,0
789810,0.2414999999999963,0
789840,0.1400000000000772,0
789870,0.0209999999999581,0
789900,0.0295000000000072,0
789930,0.2475000000000136,0
789960,0.1370000000000573,0
789990,0.0125000000000227,0
790020,0.0055000000000518,0
790050,0.0130000000000791,0
790080,0.0149999999998954,0
790110,0.0079999999999699,0
790140,0.0150000000000318,0
790170,0.2220000000000027,0
790200,0.1329999999999472,0
790230,0.0154999999999745,0
790260,0.0055000000000745,0
790290,0.0099999999999681,0
790320,0.0154999999999063,0
790350,0.0069999999999708,0
790380,0.0214999999999918,0
790410,0.2354999999999791,0
790440,0.1105000000000472,0
790470,0.0329999999999699,0
790500,0.0115000000000918,0
790530,0.0110000000000809,0
790560,0.0214999999999918,0
790590,0.0164999999999736,0
790620,0.0164999999999508,0
790650,0.0180000000000518,0
790680,0.0129999999999654,0
790710,0.0175000000000181,0
790740,0.0069999999999936,0
790770,0.0145000000000209,0
790800,0.0094999999999572,0
790830,0.0239999999999554,0
790860,0.0140000000000782,0
790890,0.0214999999999463,0
790920,0.0130000000001246,0
790950,0.0255000000000563,0
790980,0.2444999999999936,0
791010,0.1190000000000282,0
791040,0.1884999999999536,0
791070,0.0099999999999681,0
791100,0.01400000000001,0
791130,0.1670000000000073,0
791160,0.1470000000000027,0
791190,0.00900000000006,0
791220,0.0089999999999918,0
791250,0.2319999999999482,0
791280,0.1474999999998772,0
791310,0.2394999999999982,0
791340,0.1580000000000154,0
791370,0.0220000000000936,0
791400,0.0569999999999709,0
791430,0.1544999999999618,0
791460,0.0774999999999636,0
791490,0.1050000000000409,0
791520,0.0200000000000045,0
791550,0.2319999999999709,0
791580,0.1610000000000354,0
791610,0.0194999999998799,0
791640,0.0254999999999427,0
791670,0.2605000000000927,0
791700,0.0575000000000045,0
791730,0.2840000000000601,0
791760,0.0480000000000245,0
791790,0.2599999999999227,0
791820,0.0580000000000382,0
791850,0.2435000000000627,0
791880,0.0494999999999663,0
791910,0.2289999999999281,0
791940,0.0849999999999227,0
791970,0.1789999999999509,0
792000,0.166999999999939,0
792030,0.03100000000004,0
792060,0.0234999999999672,0
792090,0.0314999999999599,0
792120,0.0274999999999863,0
792150,0.0070000000000391,0
792180,0.0064999999999145,0
792210,0.0085000000000036,0
792240,0.0940000000000054,0
792270,0.02650000000001,0
792300,0.0050000000000409,0
792330,0.0075000000000045,0
792360,0.0079999999999245,0
792390,0.0505000000000791,0
792420,0.2315000000000054,0
792450,0.1344999999999345,0
792480,0.0660000000001218,0
792510,0.1304999999999609,0
792540,0.063499999999999,0
792570,0.0115000000000236,0
792600,0.0320000000000391,0
792630,0.1239999999999781,0
792660,0.0674999999999727,0
792690,0.010499999999979,0
792720,0.0069999999999254,0
792750,0.2350000000000591,0
792780,0.1070000000000845,0
792810,0.0180000000000518,0
792840,0.0074999999999363,0
792870,0.2404999999999745,0
792900,0.0924999999999727,0
792930,0.5400000000001001,0
792960,0.2404999999999972,0
792990,0.087499999999909,0
793020,0.2244999999999436,0
793050,0.05900000000006,0
793080,0.2185000000000173,0
793110,0.1010000000000218,0
793140,0.2935000000000173,0
793170,0.21850000000004,0
793200,0.4595000000000028,0
793230,0.2429999999999381,0
793260,0.0879999999999654,0
793290,0.2315000000000282,0
793320,0.1020000000000209,0
793350,0.6040000000000418,0
793380,0.2329999999999245,0
793410,0.0564999999999599,0
793440,0.5014999999999873,0
793470,0.24849999999999,0
793500,0.0809999999999945,0
793530,0.31400000000001,0
793560,0.1524999999999863,0
793590,0.4220000000000481,0
793620,0.2255000000000564,0
793650,0.3154999999999518,0
793680,0.2414999999999963,0
793710,0.093499999999949,0
793740,0.2055000000000291,0
793770,0.1129999999999654,0
793800,0.5019999999999982,0
793830,0.1080000000000836,0
793860,0.4544999999998935,0
793890,0.1225000000000591,0
793920,0.4545000000000072,0
793950,0.2470000000000255,0
793980,0.0919999999999163,0
794010,0.2174999999999954,0
794040,0.1145000000000436,0
794070,0.6195000000000391,0
794100,0.2310000000000628,0
794130,0.3470000000000482,0
794160,0.6369999999998754,0
794190,0.2484999999999445,0
794220,0.0845000000000482,0
794250,0.2329999999999017,0
794280,0.100999999999999,0
794310,0.3084999999999809,0
794340,0.1244999999999436,0
794370,0.3949999999999363,0
794400,0.2409999999999627,0
794430,0.2819999999999255,0
794460,0.2340000000000145,0
794490,0.08449999999998,0
794520,0.2089999999999463,0
794550,0.12000000000005,0
794580,0.6349999999999909,0
794610,0.2204999999999927,0
794640,0.1085000000000491,0
794670,0.2869999999999436,0
794700,0.1165000000000873,0
794730,0.4620000000000346,0
794760,0.2510000000000218,0
794790,0.1085000000000263,0
794820,0.2400000000001,0
794850,0.068499999999949,0
794880,0.1404999999999518,0
794910,0.1020000000000209,0
794940,0.1559999999999718,0
794970,0.1200000000000273,0
795000,0.4810000000000173,0
795030,0.0909999999999172,0
795060,0.4254999999999654,0
795090,0.1535000000000536,0
795120,0.4424999999999727,0
795150,0.2444999999999026,0
795180,0.2164999999998827,0
795210,0.2259999999999764,0
795240,0.0899999999999181,0
795270,0.3180000000000063,0
795300,0.1234999999999218,0
795330,0.3945000000000618,0
795360,0.0770000000000209,0
795390,0.2119999999998981,0
795420,0.0619999999999436,0
795450,0.0139999999999645,0
795480,0.02150000000006,0
795510,0.0174999999999954,0
795540,0.0074999999999818,0
795570,0.0314999999999599,0
795600,0.2355000000000018,0
795630,0.1039999999999281,0
795660,0.0194999999999936,0
795690,0.0069999999999936,0
795720,0.0115000000000918,0
795750,0.0160000000000081,0
795780,0.0069999999999708,0
795810,0.1104999999999563,0
795840,0.1445000000000391,0
795870,0.0224999999999909,0
795900,0.0109999999999445,0
795930,0.0315000000000736,0
795960,0.211999999999989,0
795990,0.121499999999969,0
796020,0.0154999999999972,0
796050,0.0079999999999472,0
796080,0.2199999999999818,0
796110,0.1670000000000072,0
796140,0.0100000000000363,0
796170,0.0110000000000354,0
796200,0.0085000000000036,0
796230,0.0120000000000118,0
796260,0.2155000000000654,0
796290,0.1924999999999727,0
796320,0.0234999999999672,0
796350,0.0140000000000327,0
796380,0.0074999999999818,0
796410,0.0459999999999354,0
796440,0.2280000000000427,0
796470,0.127500000000009,0
796500,0.013499999999999,0
796530,0.0120000000000345,0
796560,0.0109999999999445,0
796590,0.0075000000000727,0
796620,0.0229999999999336,0
796650,0.2164999999999736,0
796680,0.1640000000001009,0
796710,0.0235000000000582,0
796740,0.0045000000000072,0
796770,0.0074999999999818,0
796800,0.00450000000003,0
796830,0.0060000000000854,0
796860,0.18250000000005,0
796890,0.140499999999929,0
796920,0.0149999999999863,0
796950,0.0659999999999854,0
796980,0.1059999999999035,0
797010,0.0269999999999754,0
797040,0.0370000000000345,0
797070,0.1404999999999745,0
797100,0.0444999999999481,0
797130,0.2444999999999936,0
797160,0.0964999999999918,0
797190,0.1955000000000836,0
797220,0.1524999999999636,0
797250,0.0180000000000291,0
797280,0.0154999999999972,0
797310,0.0210000000000491,0
797340,0.02300000000007,0
797370,0.0114999999999554,0
797400,0.2415000000000645,0
797430,0.1545000000000073,0
797460,0.011999999999989,0
797490,0.0205000000000154,0
797520,0.0215000000000372,0
797550,0.02150000000006,0
797580,0.0204999999999245,0
797610,0.0205000000000154,0
797640,0.0239999999999554,0
797670,0.022999999999979,0
797700,0.0355000000000245,0
797730,0.2375000000001137,0
797760,0.082499999999959,0
797790,0.0094999999999117,0
797820,0.0075000000000954,0
797850,0.0065000000000281,0
797880,0.0100000000000363,0
797910,0.0094999999999345,0
797940,0.0099999999999681,0
797970,0.2295000000000073,0
798000,0.1485000000000354,0
798030,0.0399999999998954,0
798060,0.0455000000000154,0
798090,0.0429999999999608,0
798120,0.0190000000000509,0
798150,0.0150000000001227,0
798180,0.0150000000000545,0
798210,0.0169999999999845,0
798240,0.2259999999999764,0
798270,0.1785000000000309,0
798300,0.0230000000000473,0
798330,0.0144999999999299,0
798360,0.0564999999999827,0
798390,0.1620000000000573,0
798420,0.0979999999999563,0
798450,0.0599999999999227,0
798480,0.12650000000001,0
798510,0.0794999999999845,0
798540,0.05750000000005,0
798570,0.1165000000000191,0
798600,0.0490000000000236,0
798630,0.0124999999999545,0
798660,0.0110000000000127,0
798690,0.0130000000000336,0
798720,0.0109999999999899,0
798750,0.011999999999989,0
798780,0.0079999999999927,0
798810,0.0120000000000118,0
798840,0.0095000000000709,0
798870,0.0125,0
798900,0.0115000000000463,0
798930,0.0179999999999608,0
798960,0.0125000000000909,0
798990,0.0109999999999217,0
799020,0.0110000000000354,0
799050,0.0125,0
799080,0.2439999999999827,0
799110,0.1269999999999754,0
799140,0.0224999999999909,0
799170,0.0235000000000354,0
799200,0.0190000000000054,0
799230,0.0175000000000181,0
799260,0.2344999999999573,0
799290,0.14050000000002,0
799320,0.0394999999999754,0
799350,0.2059999999999945,0
799380,0.07450000000008,0
799410,0.0124999999999545,0
799440,0.2404999999999745,0
799470,0.13250000000005,0
799500,0.0289999999999508,0
799530,0.0300000000000636,0
799560,0.2395000000000664,0
799590,0.1340000000000145,0
799620,0.0489999999999554,0
799650,0.2100000000000136,0
799680,0.1174999999999727,0
799710,0.0085000000000036,0
799740,0.0050000000000181,0
799770,0.0059999999999718,0
799800,0.0069999999999936,0
799830,0.0585000000000945,0
799860,0.1320000000000163,0
799890,0.0290000000000191,0
799920,0.0069999999999254,0
799950,0.0059999999999945,0
799980,0.0049999999999499,0
800010,0.0065000000000281,0
800040,0.044999999999959,0
800070,0.1910000000000309,0
800100,0.0415000000000191,0
800130,0.1524999999999636,0
800160,0.1434999999999263,0
800190,0.0669999999999845,0
800220,0.1420000000000073,0
800250,0.0730000000000927,0
800280,0.2439999999999145,0
800310,0.1150000000000091,0
800340,0.2364999999999781,0
800370,0.0539999999999508,0
800400,0.0650000000000318,0
800430,0.2375000000000682,0
800460,0.1009999999998854,0
800490,0.0739999999999781,0
800520,0.0719999999999572,0
800550,0.2269999999999072,0
800580,0.1619999999999663,0
800610,0.0255000000000336,0
800640,0.0174999999999499,0
800670,0.2594999999999799,0
800700,0.1290000000000646,0
800730,0.0155000000000882,0
800760,0.0200000000000045,0
800790,0.0220000000000027,0
800820,0.01700000000003,0
800850,0.0174999999999272,0
800880,0.24650000000006,0
800910,0.1660000000000764,0
800940,0.0130000000000791,0
800970,0.0119999999999663,0
801000,0.0110000000000354,0
801030,0.0125000000000227,0
801060,0.2550000000000181,0
801090,0.1120000000000573,0
801120,0.0205000000000154,0
801150,0.0120000000000572,0
801180,0.0109999999999672,0
801210,0.0134999999999536,0
801240,0.0130000000000563,0
801270,0.2500000000000454,0
801300,0.1054999999999609,0
801330,0.0254999999999427,0
801360,0.0194999999999481,0
801390,0.1870000000000346,0
801420,0.1519999999999754,0
801450,0.0125000000000454,0
801480,0.0114999999999781,0
801510,0.0069999999999481,0
801540,0.0079999999999927,0
801570,0.0130000000000791,0
801600,0.0054999999999836,0
801630,0.0119999999999663,0
801660,0.0069999999999708,0
801690,0.0155000000000654,0
801720,0.1635000000000445,0
801750,0.0194999999999936,0
801780,0.0100000000000363,0
801810,0.0125000000000454,0
801840,0.0094999999999345,0
801870,0.0075000000000272,0
801900,0.0099999999999909,0
801930,0.0120000000000118,0
801960,0.0129999999999881,0
801990,0.0119999999998981,0
802020,0.2200000000000045,0
802050,0.0570000000000163,0
802080,0.0089999999999918,0
802110,0.0095000000000482,0
802140,0.008999999999969,0
802170,0.0115000000000463,0
802200,0.0104999999999563,0
802230,0.0065000000000281,0
802260,0.0120000000000345,0
802290,0.0085000000000263,0
802320,0.2389999999999418,0
802350,0.0449999999999135,0
802380,0.0095000000000936,0
802410,0.0294999999998935,0
802440,0.1460000000000036,0
802470,0.0834999999999809,0
802500,0.0144999999999754,0
802530,0.0165000000000191,0
802560,0.16550000000002,0
802590,0.7709999999999809,0
802620,0.1514999999999645,0
802650,0.0194999999999936,0
802680,0.6189999999999146,0
802710,0.1885000000000445,0
802740,0.0120000000000118,0
802770,0.0150000000000318,0
802800,0.0129999999999427,0
802830,0.2629999999999654,0
802860,0.4710000000000036,0
802890,0.0055000000000291,0
802920,0.004000000000019,0
802950,0.0054999999999381,0
802980,0.0040000000000418,0
803010,0.0070000000000391,0
803040,0.0054999999999154,0
803070,0.0040000000000418,0
803100,0.00450000000003,0
803130,0.0044999999999845,0
803160,0.0055000000000291,0
803190,0.0049999999999499,0
803220,0.0059999999999945,0
803250,0.0070000000000163,0
803280,0.0034999999999854,0
803310,0.0035000000000309,0
803340,0.00600000000004,0
803370,0.0034999999999854,0
803400,0.0055000000000063,0
803430,0.008999999999969,0
803460,0.0035000000000081,0
803490,0.0050000000000181,0
803520,0.0050000000001091,0
803550,0.0044999999999845,0
803580,0.0054999999999608,0
803610,0.0050000000000181,0
803640,0.0039999999999963,0
803670,0.0045000000000072,0
803700,0.0024999999999863,0
803730,0.0070000000000163,0
803760,0.0049999999999045,0
803790,0.0055000000000745,0
803820,0.0039999999999963,0
803850,0.005999999999949,0
803880,0.0065000000000509,0
803910,0.0055000000000518,0
803940,0.0065000000000736,0
803970,0.0049999999999045,0
804000,0.0030000000000654,0
804030,0.0044999999999618,0
804060,0.0055000000000063,0
804090,0.0044999999999845,0
804120,0.0035000000000081,0
804150,0.0049999999999499,0
804180,0.0035000000000763,0
804210,0.0039999999999963,0
804240,0.0049999999999272,0
804270,0.0055000000000745,0
804300,0.0039999999999508,0
804330,0.0079999999999927,0
804360,0.0055000000000518,0
804390,0.00600000000004,0
804420,0.004000000000019,0
804450,0.004000000000019,0
804480,0.0059999999999945,0
804510,0.0049999999999727,0
804540,0.0045000000000754,0
804570,0.0050000000000181,0
804600,0.0034999999999854,0
804630,0.004000000000019,0
804660,0.0035000000000309,0
804690,0.0035000000000536,0
804720,0.004000000000019,0
804750,0.0034999999999854,0
804780,0.0024999999999181,0
804810,0.0049999999999954,0
804840,0.0045000000000072,0
804870,0.0039999999999736,0
804900,0.0035000000000309,0
804930,0.0050000000000181,0
804960,0.0070000000000618,0
804990,0.006499999999869,0
805020,0.0035000000000763,0
805050,0.0024999999999863,0
805080,0.0049999999999727,0
805110,0.0050000000000181,0
805140,0.0029999999999972,0
805170,0.0059999999999945,0
805200,0.002500000000009,0
805230,0.0094999999999572,0
805260,0.0035000000000309,0
805290,0.0055000000000063,0
805320,0.0034999999999854,0
805350,0.0045000000000527,0
805380,0.002500000000009,0
805410,0.0049999999999727,0
805440,0.0040000000000873,0
805470,0.0029999999999745,0
805500,0.004000000000019,0
805530,0.0039999999999736,0
805560,0.00450000000003,0
805590,0.0054999999999836,0
805620,0.0014999999999872,0
805650,0.0034999999999627,0
805680,0.0039999999999963,0
805710,0.00300000000002,0
805740,0.0034999999999854,0
805770,0.0035000000000763,0
805800,0.0049999999999727,0
805830,0.002500000000009,0
805860,0.0029999999999517,0
805890,0.0045000000000527,0
805920,0.0034999999999172,0
805950,0.0029999999999517,0
805980,0.0034999999999627,0
806010,0.0029999999999972,0
806040,0.0044999999999845,0
806070,0.0044999999999845,0
806100,0.002500000000009,0
806130,0.0069999999999936,0
806160,0.0029999999999972,0
806190,0.0050000000000409,0
806220,0.0035000000000081,0
806250,0.0039999999998826,0
806280,0.0064999999999599,0
806310,0.0065000000000281,0
806340,0.0049999999999727,0
806370,0.0054999999998926,0
806400,0.0075000000000045,0
806430,0.0049999999999499,0
806460,0.0045000000000072,0
806490,0.0035000000000309,0
806520,0.0065000000000281,0
806550,0.0039999999999508,0
806580,0.0024999999999636,0
806610,0.0034999999999399,0
806640,0.0099999999999909,0
806670,0.0784999999999627,0
806700,0.0050000000000409,0
806730,0.00450000000003,0
806760,0.0059999999999718,0
806790,0.00300000000002,0
806820,0.0040000000000418,0
806850,0.0045000000000072,0
806880,0.0055000000000291,0
806910,0.0084999999999581,0
806940,0.0055000000000518,0
806970,0.0050000000000181,0
807000,0.0059999999999945,0
807030,0.0085000000000036,0
807060,0.0065000000000054,0
807090,0.0055000000000291,0
807120,0.0055000000000291,0
807150,0.0139999999999645,0
807180,0.0039999999999736,0
807210,0.0054999999999381,0
807240,0.0080000000000836,0
807270,0.0044999999999845,0
807300,0.0064999999999145,0
807330,0.0055000000000063,0
807360,0.0069999999999936,0
807390,0.0049999999999727,0
807420,0.0064999999999599,0
807450,0.0049999999999727,0
807480,0.0234999999999899,0
807510,0.0049999999999954,0
807540,0.0075000000000045,0
807570,0.0069999999999708,0
807600,0.0069999999999708,0
807630,0.0060000000000172,0
807660,0.0065000000000509,0
807690,0.0045000000000072,0
807720,0.0075000000000727,0
807750,0.0050000000000181,0
807780,0.0070000000000618,0
807810,0.0044999999999845,0
807840,0.0065000000000054,0
807870,0.0055000000000291,0
807900,0.004000000000019,0
807930,0.0099999999999909,0
807960,0.0059999999999718,0
807990,0.0059999999999945,0
808020,0.0054999999999381,0
808050,0.0080000000000609,0
808080,0.0075000000000272,0
808110,0.0054999999999608,0
808140,0.0055000000000291,0
808170,0.0069999999999254,0
808200,0.0060000000000172,0
808230,0.0069999999999936,0
808260,0.0055000000000063,0
808290,0.0054999999999836,0
808320,0.0075000000000954,0
808350,0.0059999999999718,0
808380,0.0054999999999836,0
808410,0.0065000000000054,0
808440,0.0069999999999708,0
808470,0.0060000000000854,0
808500,0.0050000000000181,0
808530,0.0045000000000072,0
808560,0.0075000000000045,0
808590,0.0055000000000291,0
808620,0.0045000000000527,0
808650,0.0069999999999708,0
808680,0.0065000000000736,0
808710,0.0070000000000163,0
808740,0.0059999999999945,0
808770,0.0049999999999954,0
808800,0.0119999999999663,0
808830,0.0095000000000254,0
808860,0.0099999999999454,0
808890,0.0109999999999217,0
808920,0.0064999999999827,0
808950,0.0050000000000181,0
808980,0.0045000000000527,0
809010,0.0079999999999699,0
809040,0.0059999999999945,0
809070,0.00600000000004,0
809100,0.00600000000004,0
809130,0.0059999999999945,0
809160,0.0080000000000609,0
809190,0.0060000000000172,0
809220,0.0065000000000281,0
809250,0.0069999999999936,0
809280,0.0169999999999163,0
809310,0.0065000000000281,0
809340,0.0080000000000381,0
809370,0.0079999999999927,0
809400,0.0060000000000172,0
809430,0.0060000000000172,0
809460,0.0054999999999836,0
809490,0.0075000000000045,0
809520,0.0069999999999481,0
809550,0.0069999999999936,0
809580,0.0070000000000618,0
809610,0.007499999999959,0
809640,0.0070000000000618,0
809670,0.005999999999949,0
809700,0.0074999999999818,0
809730,0.0114999999999554,0
809760,0.0090000000000827,0
809790,0.0069999999999481,0
809820,0.0065000000000054,0
809850,0.0065000000000054,0
809880,0.0069999999999708,0
809910,0.0069999999999481,0
809940,0.0059999999999945,0
809970,0.0059999999999945,0
810000,0.0065000000000509,0
810030,0.0100000000000136,0
810060,0.0085000000000491,0
810090,0.0049999999999272,0
810120,0.0074999999999818,0
810150,0.0075000000000727,0
810180,0.0064999999999827,0
810210,0.0079999999999472,0
810240,0.0070000000000845,0
810270,0.0049999999999954,0
810300,0.0054999999999608,0
810330,0.0075000000000272,0
810360,0.0069999999999708,0
810390,0.0045000000000072,0
810420,0.0049999999999954,0
810450,0.0055000000000291,0
810480,0.0069999999999936,0
810510,0.0084999999999354,0
810540,0.0064999999999372,0
810570,0.0045000000000527,0
810600,0.0064999999999827,0
810630,0.0094999999999799,0
810660,0.0049999999999727,0
810690,0.0059999999999945,0
810720,0.005999999999949,0
810750,0.0044999999999618,0
810780,0.0040000000000418,0
810810,0.0040000000000418,0
810840,0.0065000000000054,0
810870,0.0054999999999836,0
810900,0.0064999999999827,0
810930,0.0064999999999827,0
810960,0.0069999999999936,0
810990,0.0065000000000054,0
811020,0.0044999999999845,0
811050,0.0075000000000045,0
811080,0.0065000000000281,0
811110,0.0074999999999818,0
811140,0.0059999999999945,0
811170,0.005999999999949,0
811200,0.0039999999999281,0
811230,0.00750000000005,0
811260,0.0079999999999245,0
811290,0.0060000000000854,0
811320,0.0059999999999263,0
811350,0.0130000000000109,0
811380,0.0045000000000527,0
811410,0.0094999999999572,0
811440,0.0099999999999454,0
811470,0.0069999999999481,0
811500,0.0064999999999827,0
811530,0.0094999999999572,0
811560,0.0075000000000272,0
811590,0.0039999999999963,0
811620,0.0034999999999854,0
811650,0.0039999999999963,0
811680,0.005999999999949,0
811710,0.0045000000000072,0
811740,0.0074999999999818,0
811770,0.0085000000000263,0
811800,0.0069999999999481,0
811830,0.0079999999999472,0
811860,0.0064999999999599,0
811890,0.0055000000000291,0
811920,0.0065000000000736,0
811950,0.0069999999999708,0
811980,0.0075000000000045,0
812010,0.0080000000000609,0
812040,0.0090000000000372,0
812070,0.0059999999999718,0
812100,0.005999999999949,0
812130,0.0059999999999035,0
812160,0.0074999999999135,0
812190,0.0055000000000063,0
812220,0.0049999999999954,0
812250,0.0045000000000527,0
812280,0.0065000000000281,0
812310,0.0049999999999727,0
812340,0.0055000000000291,0
812370,0.0064999999999827,0
812400,0.0064999999999827,0
812430,0.0095000000000482,0
812460,0.0065000000000281,0
812490,0.0049999999999954,0
812520,0.0064999999999599,0
812550,0.0079999999999927,0
812580,0.0045000000000072,0
812610,0.0050000000000181,0
812640,0.0065000000000509,0
812670,0.0054999999999381,0
812700,0.0039999999999508,0
812730,0.36200000000008,0
812760,0.005999999999949,0
812790,0.0064999999999827,0
812820,0.1519999999999754,0
812850,0.0065000000000509,0
812880,0.0069999999999481,0
812910,0.0049999999999272,0
812940,0.0075000000000727,0
812970,0.0065000000000054,0
813000,0.0080000000000836,0
813030,0.005999999999949,0
813060,0.0034999999999854,0
813090,0.0054999999999608,0
813120,0.0044999999999618,0
813150,0.0060000000000172,0
813180,0.0039999999999508,0
813210,0.0045000000000072,0
813240,0.0094999999999117,0
813270,0.0065000000000281,0
813300,0.0045000000000072,0
813330,0.0095000000000027,0
813360,0.0065000000000054,0
813390,0.0055000000000291,0
813420,0.0065000000000054,0
813450,0.0034999999998944,0
813480,0.0045000000000982,0
813510,0.0024999999999636,0
813540,0.0055000000000063,0
813570,0.0040000000000418,0
813600,0.0035000000000309,0
813630,0.0034999999999854,0
813660,0.0055000000000291,0
813690,0.002999999999929,0
813720,0.00300000000002,0
813750,0.002500000000009,0
813780,0.0029999999999972,0
813810,0.002500000000009,0
813840,0.00600000000004,0
813870,0.0025000000000545,0
813900,0.0035000000000081,0
813930,0.0024999999999863,0
813960,0.0045000000000527,0
813990,0.0045000000000072,0
814020,0.0034999999999172,0
814050,0.0050000000000864,0
814080,0.0044999999999163,0
814110,0.0015000000000327,0
814140,0.0054999999999381,0
814170,0.0015000000000327,0
814200,0.0019999999999527,0
814230,0.00600000000004,0
814260,0.0039999999999963,0
814290,0.00300000000002,0
814320,0.0029999999999972,0
814350,0.0034999999999172,0
814380,0.0025000000000545,0
814410,0.0044999999999618,0
814440,0.00450000000003,0
814470,0.0034999999999627,0
814500,0.0049999999999954,0
814530,0.0035000000000309,0
814560,0.0029999999999972,0
814590,0.0029999999999972,0
814620,0.00300000000002,0
814650,0.0050000000000636,0
814680,0.0034999999999854,0
814710,0.00300000000002,0
814740,0.0040000000000873,0
814770,0.0039999999999963,0
814800,0.0035000000000081,0
814830,0.0055000000000745,0
814860,0.0034999999999399,0
814890,0.0024999999999181,0
814920,0.00450000000003,0
814950,0.004000000000019,0
814980,0.0034999999999399,0
815010,0.0020000000000209,0
815040,0.0035000000000081,0
815070,0.0040000000000645,0
815100,0.0035000000000081,0
815130,0.0064999999999599,0
815160,0.0040000000000418,0
815190,0.0049999999999954,0
815220,0.0034999999999399,0
815250,0.004000000000019,0
815280,0.0065000000000736,0
815310,0.0050000000000181,0
815340,0.0034999999999627,0
815370,0.0054999999999381,0
815400,0.0035000000000763,0
815430,0.0039999999999736,0
815460,0.0055000000000063,0
815490,0.0059999999999718,0
815520,0.0044999999999618,0
815550,0.0045000000000754,0
815580,0.0055000000000518,0
815610,0.0044999999999618,0
815640,0.0049999999999045,0
815670,0.00450000000003,0
815700,0.00600000000004,0
815730,0.0055000000000291,0
815760,0.0064999999999827,0
815790,0.0064999999999827,0
815820,0.0050000000000409,0
815850,0.0054999999999836,0
815880,0.0055000000000518,0
815910,0.0065000000000281,0
815940,0.0055000000000518,0
815970,0.0064999999999372,0
816000,0.0050000000000181,0
816030,0.0090000000000372,0
816060,0.0055000000000291,0
816090,0.0059999999999718,0
816120,0.0049999999999727,0
816150,0.0034999999999854,0
816180,0.0065000000000054,0
816210,0.0054999999999836,0
816240,0.0065000000000281,0
816270,0.0054999999999836,0
816300,0.0054999999999836,0
816330,0.0065000000000054,0
816360,0.0075000000000045,0
816390,0.0050000000000181,0
816420,0.0045000000000072,0
816450,0.00600000000004,0
816480,0.0064999999999145,0
816510,0.0050000000000181,0
816540,0.0060000000000172,0
816570,0.0049999999999499,0
816600,0.00600000000004,0
816630,0.0045000000000527,0
816660,0.0060000000000627,0
816690,0.0049999999999272,0
816720,0.0065000000000509,0
816750,0.0055000000000518,0
816780,0.0034999999999854,0
816810,0.0049999999999727,0
816840,0.0065000000000509,0
816870,0.0054999999999836,0
816900,0.0054999999999836,0
816930,0.0094999999999799,0
816960,0.0054999999999836,0
816990,0.00600000000004,0
817020,0.0049999999999727,0
817050,0.00600000000004,0
817080,0.0069999999999254,0
817110,0.0075000000000272,0
817140,0.0065000000000509,0
817170,0.0055000000000291,0
817200,0.0070000000000163,0
817230,0.0070000000000163,0
817260,0.0065000000000509,0
817290,0.00600000000004,0
817320,0.0055000000000291,0
817350,0.0065000000000964,0
817380,0.0054999999999836,0
817410,0.0050000000000181,0
817440,0.0065000000000054,0
817470,0.0039999999999963,0
817500,0.0055000000000745,0
817530,0.0054999999999836,0
817560,0.0070000000000163,0
817590,0.0064999999999599,0
817620,0.0054999999999836,0
817650,0.0050000000000181,0
817680,0.0059999999999945,0
817710,0.0080000000000836,0
817740,0.0054999999999381,0
817770,0.0054999999999836,0
817800,0.0069999999999708,0
817830,0.0085000000000945,0
817860,0.0065000000000054,0
817890,0.0049999999999727,0
817920,0.0074999999999818,0
817950,0.0050000000000181,0
817980,0.0054999999998926,0
818010,0.005999999999949,0
818040,0.0055000000000291,0
818070,0.0059999999999945,0
818100,0.005999999999949,0
818130,0.0065000000000509,0
818160,0.0079999999999017,0
818190,0.0055000000000291,0
818220,0.0059999999999945,0
818250,0.0079999999999472,0
818280,0.0049999999999727,0
818310,0.0054999999999836,0
818340,0.0079999999999472,0
818370,0.0070000000000618,0
818400,0.0054999999999836,0
818430,0.0065000000000509,0
818460,0.0099999999998544,0
818490,0.0050000000000181,0
818520,0.0085000000000036,0
818550,0.0050000000000181,0
818580,0.0074999999998908,0
818610,0.0070000000001073,0
818640,0.0084999999999126,0
818670,0.0049999999999727,0
818700,0.0039999999999963,0
818730,0.0045000000000072,0
818760,0.0064999999999599,0
818790,0.0050000000000181,0
818820,0.0059999999999945,0
818850,0.0044999999999618,0
818880,0.0055000000000291,0
818910,0.005999999999949,0
818940,0.0055000000000291,0
818970,0.0065000000000054,0
819000,0.0045000000000072,0
819030,0.0045000000000072,0
819060,0.0034999999999854,0
819090,0.0049999999999727,0
819120,0.0075000000000727,0
819150,0.0070000000000618,0
819180,0.005999999999949,0
819210,0.00300000000002,0
819240,0.0049999999999727,0
819270,0.0044999999999618,0
819300,0.0039999999999963,0
819330,0.0035000000000309,0
819360,0.0049999999999727,0
819390,0.0045000000000072,0
819420,0.0070000000000618,0
819450,0.0035000000000763,0
819480,0.0054999999999836,0
819510,0.0044999999999618,0
819540,0.0065000000000054,0
819570,0.0055000000000291,0
819600,0.0069999999999254,0
819630,0.0064999999999599,0
819660,0.0049999999999727,0
819690,0.0054999999999836,0
819720,0.0069999999999708,0
819750,0.0054999999999836,0
819780,0.0059999999999945,0
819810,0.0054999999999836,0
819840,0.0049999999999727,0
819870,0.00550000000012,0
819900,0.0059999999999945,0
819930,0.0129999999999654,0
819960,0.0045000000000072,0
819990,0.0045000000000527,0
820020,0.0074999999999818,0
820050,0.0069999999999708,0
820080,0.0045000000000072,0
820110,0.0039999999999508,0
820140,0.0045000000000072,0
820170,0.0084999999999581,0
820200,0.0050000000000181,0
820230,0.0039999999999963,0
820260,0.0059999999999945,0
820290,0.0139999999999872,0
820320,0.0144999999999981,0
820350,0.0044999999999618,0
820380,0.0049999999999727,0
820410,0.005999999999949,0
820440,0.0070000000000618,0
820470,0.00300000000002,0
820500,0.0039999999999963,0
820530,0.0085000000000491,0
820560,0.0080000000000381,0
820590,0.0039999999999508,0
820620,0.0040000000000418,0
820650,0.0049999999999727,0
820680,0.0050000000000181,0
820710,0.0054999999999836,0
820740,0.0045000000000072,0
820770,0.00300000000002,0
820800,0.0065000000000054,0
820830,0.0045000000000527,0
820860,0.0045000000000072,0
820890,0.0050000000000181,0
820920,0.0049999999999727,0
820950,0.0039999999999963,0
820980,0.0029999999999745,0
821010,0.0030000000000654,0
821040,0.0079999999999927,0
821070,0.0035000000000309,0
821100,0.0050000000000181,0
821130,0.0060000000000854,0
821160,0.0050000000000636,0
821190,0.0030000000000654,0
821220,0.0029999999999745,0
821250,0.0050000000000181,0
821280,0.0069999999999254,0
821310,0.0034999999999854,0
821340,0.002500000000009,0
821370,0.0055000000000291,0
821400,0.0054999999999836,0
821430,0.0045000000000072,0
821460,0.0039999999999963,0
821490,0.0055000000000291,0
821520,0.0044999999999618,0
821550,0.0034999999999854,0
821580,0.0039999999999963,0
821610,0.0064999999999599,0
821640,0.0049999999999727,0
821670,0.0045000000000072,0
821700,0.0044999999999618,0
821730,0.002500000000009,0
821760,0.0045000000000072,0
821790,0.0045000000000072,0
821820,0.0054999999999381,0
821850,0.0070000000000163,0
821880,0.0049999999999272,0
821910,0.0059999999999945,0
821940,0.0035000000000763,0
821970,0.0050000000000181,0
822000,0.0039999999999508,0
822030,0.0054999999998926,0
822060,0.0055000000000291,0
822090,0.0045000000000527,0
822120,0.0049999999999727,0
822150,0.0055000000000291,0
822180,0.0049999999999272,0
822210,0.005999999999949,0
822240,0.0055000000000291,0
822270,0.0045000000000072,0
822300,0.0050000000000181,0
822330,0.0095000000000254,0
822360,0.0050000000000636,0
822390,0.0044999999999618,0
822420,0.0069999999999708,0
822450,0.0045000000000072,0
822480,0.0054999999999381,0
822510,0.0040000000000418,0
822540,0.0054999999999381,0
822570,0.0049999999999727,0
822600,0.0035000000000309,0
822630,0.0035000000000309,0
822660,0.0054999999999836,0
822690,0.0050000000000181,0
822720,0.0044999999999618,0
822750,0.0050000000000636,0
822780,0.00300000000002,0
822810,0.0064999999999145,0
822840,0.0050000000000636,0
822870,0.0039999999999963,0
822900,0.0034999999999854,0
822930,0.0050000000000181,0
822960,0.0050000000000181,0
822990,0.0040000000000418,0
823020,0.0054999999999381,0
823050,0.0050000000000181,0
823080,0.0070000000000163,0
823110,0.0065000000000509,0
823140,0.0034999999999854,0
823170,0.0034999999999854,0
823200,0.0034999999999854,0
823230,0.0090000000000145,0
823260,0.0049999999999727,0
823290,0.0035000000000763,0
823320,0.0039999999999963,0
823350,0.005999999999949,0
823380,0.0034999999999854,0
823410,0.0070000000000163,0
823440,0.0075000000000272,0
823470,0.0039999999999508,0
823500,0.0049999999999727,0
823530,0.0065000000000054,0
823560,0.00600000000004,0
823590,0.0039999999999508,0
823620,0.0059999999999945,0
823650,0.0065000000000054,0
823680,0.005999999999949,0
823710,0.0065000000000054,0
823740,0.0049999999999727,0
823770,0.0055000000000745,0
823800,0.00600000000004,0
823830,0.0050000000000181,0
823860,0.0059999999999035,0
823890,0.0054999999999836,0
823920,0.0045000000000072,0
823950,0.0050000000000636,0
823980,0.0065000000000054,0
824010,0.0070000000000163,0
824040,0.005999999999949,0
824070,0.0070000000000163,0
824100,0.0059999999999945,0
824130,0.0110000000000582,0
824160,0.0069999999999708,0
824190,0.0050000000000181,0
824220,0.00600000000004,0
824250,0.0049999999999272,0
824280,0.0080000000000381,0
824310,0.0064999999999599,0
824340,0.0074999999999818,0
824370,0.0045000000000072,0
824400,0.0065000000000054,0
824430,0.0055000000000291,0
824460,0.0059999999999945,0
824490,0.0069999999999254,0
824520,0.0055000000000291,0
824550,0.0055000000000745,0
824580,0.0180000000000291,0
824610,0.0064999999999599,0
824640,0.0074999999999818,0
824670,0.0054999999999836,0
824700,0.0050000000000636,0
824730,0.005999999999949,0
824760,0.0075000000000272,0
824790,0.0055000000000291,0
824820,0.0039999999999963,0
824850,0.0064999999999599,0
824880,0.0079999999999927,0
824910,0.005999999999949,0
824940,0.0055000000000291,0
824970,0.005999999999949,0
825000,0.0065000000000054,0
825030,0.0094999999999345,0
825060,0.0060000000000854,0
825090,0.0055000000000291,0
825120,0.0075000000000727,0
825150,0.0054999999999836,0
825180,0.0065000000000054,0
825210,0.0064999999999599,0
825240,0.0055000000000291,0
825270,0.0074999999999818,0
825300,0.0054999999999836,0
825330,0.0039999999999508,0
825360,0.0070000000000618,0
825390,0.0064999999999599,0
825420,0.0065000000000509,0
825450,0.0069999999999254,0
825480,0.0054999999999381,0
825510,0.0070000000000618,0
825540,0.0059999999999945,0
825570,0.0044999999999618,0
825600,0.0065000000000054,0
825630,0.0059999999999945,0
825660,0.0069999999999254,0
825690,0.0045000000000072,0
825720,0.0050000000000181,0
825750,0.0054999999999836,0
825780,0.0059999999999945,0
825810,0.0064999999999599,0
825840,0.0050000000000636,0
825870,0.0039999999999963,0
825900,0.0044999999999618,0
825930,0.0075000000000727,0
825960,0.0055000000000291,0
825990,0.0194999999999709,0
826020,0.011999999999989,0
826050,0.0050000000000636,0
826080,0.0100000000000363,0
826110,0.0054999999999836,0
826140,0.0054999999999836,0
826170,0.0054999999999836,0
826200,0.0080000000000382,0
826230,0.0045000000000072,0
826260,0.0085000000000036,0
826290,0.0039999999999508,0
826320,0.0045000000000072,0
826350,0.00600000000004,0
826380,0.0044999999999618,0
826410,0.0055000000000291,0
826440,0.0074999999999818,0
826470,0.0050000000000636,0
826500,0.0055000000000745,0
826530,0.0064999999999599,0
826560,0.005999999999949,0
826590,0.0049999999999272,0
826620,0.0069999999999708,0
826650,0.0039999999999963,0
826680,0.0069999999999708,0
826710,0.0050000000000636,0
826740,0.0049999999999272,0
826770,0.0049999999999727,0
826800,0.0075000000000727,0
826830,0.0069999999999254,0
826860,0.00600000000004,0
826890,0.0065000000000509,0
826920,0.0069999999999708,0
826950,0.0055000000000291,0
826980,0.0069999999999708,0
827010,0.0054999999999836,0
827040,0.0065000000000509,0
827070,0.0070000000000618,0
827100,0.0050000000000181,0
827130,0.0059999999999945,0
827160,0.0100000000000363,0
827190,0.0065000000000054,0
827220,0.00600000000004,0
827250,0.0054999999999836,0
827280,0.0074999999999363,0
827310,0.0059999999999035,0
827340,0.0060000000000854,0
827370,0.0069999999999708,0
827400,0.0064999999999599,0
827430,0.0070000000000618,0
827460,0.0064999999999145,0
827490,0.0035000000000763,0
827520,0.0039999999999963,0
827550,0.0055000000000745,0
827580,0.0054999999999836,0
827610,0.0045000000000072,0
827640,0.0070000000000618,0
827670,0.0069999999999254,0
827700,0.0040000000000418,0
827730,0.0050000000000636,0
827760,0.00600000000004,0
827790,0.0045000000000072,0
827820,0.0039999999999963,0
827850,0.0040000000000418,0
827880,0.0039999999999508,0
827910,0.005999999999949,0
827940,0.0039999999999963,0
827970,0.0059999999999945,0
828000,0.0035000000000309,0
828030,0.0049999999999727,0
828060,0.0054999999999836,0
828090,0.0054999999999836,0
828120,0.0079999999999472,0
828150,0.0035000000000309,0
828180,0.0065000000000509,0
828210,0.005999999999949,0
828240,0.0090000000000145,0
828270,0.0040000000000418,0
828300,0.0029999999999745,0
828330,0.0039999999999963,0
828360,0.0060000000000854,0
828390,0.0039999999999508,0
828420,0.0074999999999818,0
828450,0.0039999999999963,0
828480,0.00600000000004,0
828510,0.0039999999999963,0
828540,0.0044999999999618,0
828570,0.0050000000000636,0
828600,0.0085000000000036,0
828630,0.0069999999999708,0
828660,0.0059999999999945,0
828690,0.0040000000000418,0
828720,0.0069999999999708,0
828750,0.0055000000000291,0
828780,0.0050000000000636,0
828810,0.0064999999999599,0
828840,0.0080000000000381,0
828870,0.0049999999999727,0
828900,0.0049999999999727,0
828930,0.0029999999999745,0
828960,0.0050000000000181,0
828990,0.0045000000000527,0
829020,0.0039994000899373,0
829050,0.005999999999949,0
829080,0.0070000000000618,0
829110,0.0034999999999854,0
829140,0.0049999999999727,0
829170,0.0045000000000527,0
829200,0.0075000000000272,0
829230,0.0044999999999618,0
829260,0.0070000000000163,0
829290,0.002999999999929,0
829320,0.0085000000000945,0
829350,0.0095000000000254,0
829380,0.0055000000000291,0
829410,0.0039999999999963,0
829440,0.0079999999999927,0
829470,0.0024999999999636,0
829500,0.0065000000000509,0
829530,0.0070000000000163,0
829560,0.0065000000000054,0
829590,0.0039999999999963,0
829620,0.0034999999999854,0
829650,0.0069999999998799,0
829680,0.0075000000000727,0
829710,0.0055000000000745,0
829740,0.0069999999999708,0
829770,0.0054999999999836,0
829800,0.0075000000000272,0
829830,0.0045000000000072,0
829860,0.0054999999999836,0
829890,0.0045000000000527,0
829920,0.0074999999999818,0
829950,0.0054999999999381,0
829980,0.005999999999949,0
830010,0.0054999999999836,0
830040,0.0074999999999818,0
830070,0.0059999999999945,0
830100,0.0065000000000054,0
830130,0.0050000000000181,0
830160,0.0090000000001055,0
830190,0.005999999999949,0
830220,0.0070000000000163,0
830250,0.0044999999999618,0
830280,0.005999999999949,0
830310,0.0049999999999727,0
830340,0.00600000000004,0
830370,0.002999999999929,0
830400,0.0090000000000145,0
830430,0.0084999999999581,0
830460,0.0080000000000381,0
830490,0.0065000000000054,0
830520,0.0070000000000618,0
830550,0.0065000000000964,0
830580,0.0039999999999054,0
830610,0.005999999999949,0
830640,0.0055000000000745,0
830670,0.0045000000000072,0
830700,0.0040000000000873,0
830730,0.0045000000000072,0
830760,0.0050000000000181,0
830790,0.0049999999999272,0
830820,0.0049999999999727,0
830850,0.0034999999999854,0
830880,0.0080000000000836,0
830910,0.0040000000000418,0
830940,0.0049999999999272,0
830970,0.0034999999999854,0
831000,0.0050000000000181,0
831030,0.0039999999999508,0
831060,0.0044999999999618,0
831090,0.0049999999999727,0
831120,0.0045000000000072,0
831150,0.0045000000000072,0
831180,0.0045000000000982,0
831210,0.0045000000000072,0
831240,0.0054999999999836,0
831270,0.0029999999999745,0
831300,0.0029999999999745,0
831330,0.0084999999999581,0
831360,0.0079999999999472,0
831390,0.0035000000000309,0
831420,0.0045000000000527,0
831450,0.0034999999999854,0
831480,0.0059999999999035,0
831510,0.0039999999999963,0
831540,0.0034999999999854,0
831570,0.0035000000000309,0
831600,0.0065000000000054,0
831630,0.0049999999999727,0
831660,0.0050000000000181,0
831690,0.0044999999999163,0
831720,0.0054999999999836,0
831750,0.0030000000000654,0
831780,0.0140000000000327,0
831810,0.0029999999999745,0
831840,0.0074999999999818,0
831870,0.0045000000000072,0
831900,0.0055000000000291,0
831930,0.0054999999999836,0
831960,0.0079999999999927,0
831990,0.0045000000000527,0
832020,0.0054999999999836,0
832050,0.0039999999999963,0
832080,0.0049999999999727,0
832110,0.0069999999999254,0
832140,0.0045000000000072,0
832170,0.0039999999999508,0
832200,0.0054999999999381,0
832230,0.0070000000000618,0
832260,0.0050000000000181,0
832290,0.0044999999999618,0
832320,0.0075000000000272,0
832350,0.0035000000000309,0
832380,0.0034999999999854,0
832410,0.0050000000000181,0
832440,0.0064999999999599,0
832470,0.0045000000000072,0
832500,0.0065000000000054,0
832530,0.00600000000004,0
832560,0.0069999999999254,0
832590,0.00600000000004,0
832620,0.0034999999999854,0
832650,0.0075000000000272,0
832680,0.008999999999969,0
832710,0.0049999999999727,0
832740,0.0065000000000054,0
832770,0.0040000000000418,0
832800,0.0085000000000036,0
832830,0.0065000000000509,0
832860,0.0070000000000163,0
832890,0.0044999999999618,0
832920,0.0064999999999599,0
832950,0.0055000000000745,0
832980,0.0055000000000745,0
833010,0.0060000000000854,0
833040,0.009499999999889,0
833070,0.0069999999999254,0
833100,0.00600000000004,0
833130,0.00900000000006,0
833160,0.0089999999999236,0
833190,0.0054999999999836,0
833220,0.0055000000000291,0
833250,0.0045000000000527,0
833280,0.0065000000000054,0
833310,0.0045000000000072,0
833340,0.0074999999998908,0
833370,0.0039999999999963,0
833400,0.0085000000000491,0
833430,0.0044999999999618,0
833460,0.0055000000000291,0
833490,0.0064999999999599,0
833520,0.0064999999999599,0
833550,0.0050000000000181,0
833580,0.0065000000000054,0
833610,0.0064999999999145,0
833640,0.0075000000000727,0
833670,0.0054999999999836,0
833700,0.0050000000000181,0
833730,0.0054999999999836,0
833760,0.0079999999999472,0
833790,0.0049999999999727,0
833820,0.0075000000000272,0
833850,0.0055000000000291,0
833880,0.0065000000000054,0
833910,0.0065000000000054,0
833940,0.0065000000000054,0
833970,0.0064999999999145,0
834000,0.0065000000000054,0
834030,0.0055000000000291,0
834060,0.0075000000000272,0
834090,0.0054999999999836,0
834120,0.0064999999999599,0
834150,0.0055000000000745,0
834180,0.0064999999999145,0
834210,0.0050000000000181,0
834240,0.0065000000000964,0
834270,0.0054999999999381,0
834300,0.0075000000000272,0
834330,0.0044999999999618,0
834360,0.0080000000000836,0
834390,0.005999999999949,0
834420,0.0049995000499677,0
834450,0.0055000000000291,0
834480,0.00900000000006,0
834510,0.0065000000000509,0
834540,0.0079999999999927,0
834570,0.00300000000002,0
834600,0.005999999999949,0
834630,0.0045000000000072,0
834660,0.0049999999999727,0
834690,0.0064999999999599,0
834720,0.0075000000000727,0
834750,0.0065000000000054,0
834780,0.0069999999999708,0
834810,0.0040000000000873,0
834840,0.0070000000000163,0
834870,0.0050000000000181,0
834900,0.0054999999999836,0
834930,0.0074999999999818,0
834960,0.0079999999999472,0
834990,0.0050000000001091,0
835020,0.0065000000000054,0
835050,0.0334999999999581,0
835080,0.00900000000006,0
835110,0.05600000000004,0
835140,0.0379999999999654,0
835170,0.0065000000000509,0
835200,0.005999999999949,0
835230,0.0055000000000745,0
835260,0.41899999999996,0
835290,0.0149999999999636,0
835320,0.0709999999999126,0
835350,0.0540000000001327,0
835380,0.0759999999999308,0
835410,0.1049999999999727,0
835440,0.1479999999999108,0
835470,0.1389999999999872,0
835500,0.1244999999999436,0
835530,0.0709999999999581,0
835560,0.0334999999999581,0
835590,0.1880000000000563,0
835620,0.0115000000000236,0
835650,0.2289999999999054,0
835680,0.1690000000000509,0
835710,0.2200000000000272,0
835740,0.5979999999999563,0
835770,0.2219999999999345,0
835800,0.5214999999999691,0
835830,0.1139999999999872,0
835860,0.2489999999998417,0
835890,0.0105000000000018,0
835920,0.1159999999999854,0
835950,0.0054999999999836,0
835980,0.0054999999999836,0
836010,0.0074999999999818,0
836040,0.0050000000000636,0
836070,0.0034999999999854,0
836100,0.0055000000000291,0
836130,0.0050000000000181,0
836160,0.0065000000000054,0
836190,0.0055000000000291,0
836220,0.005999999999949,0
836250,0.0085000000000036,0
836280,0.0054999999999836,0
836310,0.0055000000000291,0
836340,0.0054999999999836,0
836370,0.0049999999999272,0
836400,0.0045000000000072,0
836430,0.0039999999999963,0
836460,0.0039999999999508,0
836490,0.0050000000000181,0
836520,0.0044999999999618,0
836550,0.0045000000000527,0
836580,0.0054999999999381,0
836610,0.0015000000000327,0
836640,0.0050000000000181,0
836670,0.0045000000000527,0
836700,0.0044999999999163,0
836730,0.0090000000000145,0
836760,0.0095000000000709,0
836790,0.0044999999999618,0
836820,0.0080000000000381,0
836850,0.0034999999999854,0
836880,0.0065000000000054,0
836910,0.0045000000000527,0
836940,0.0050000000000181,0
836970,0.0045000000000072,0
837000,0.0074999999999818,0
837030,0.0044999999999618,0
837060,0.0054999999999836,0
837090,0.0039999999999963,0
837120,0.0039999999999054,0
837150,0.0050000000000636,0
837180,0.0054999999999381,0
837210,0.0070000000000163,0
837240,0.0050000000000181,0
837270,0.0064999999999599,0
837300,0.0059999999999945,0
837330,0.0034999999999854,0
837360,0.0075000000000727,0
837390,0.0015000000000327,0
837420,0.0054999999999381,0
837450,0.0035000000000309,0
837480,0.0045000000000527,0
837510,0.0050000000000181,0
837540,0.0055000000000291,0
837570,0.0049999999999727,0
837600,0.0050000000000181,0
837630,0.0074999999999363,0
837660,0.0045000000000072,0
837690,0.0049999999999727,0
837720,0.0050000000000181,0
837750,0.0054999999999836,0
837780,0.0064999999999599,0
837810,0.0100000000000818,0
837840,0.0079999999999472,0
837870,0.0050000000000636,0
837900,0.0025000000000545,0
837930,0.0050000000000181,0
837960,0.0049999999999727,0
837990,0.0034999999999854,0
838020,0.0059999999999945,0
838050,0.0029999999999745,0
838080,0.0045000000000072,0
838110,0.0029999999999745,0
838140,0.0065000000000509,0
838170,0.0040000000000418,0
838200,0.0045000000000072,0
838230,0.002500000000009,0
838260,0.0060000000000854,0
838290,0.0024999999999636,0
838320,0.0049999999999727,0
838350,0.0055000000000291,0
838380,0.0065000000000054,0
838410,0.0064999999999145,0
838440,0.0069999999999708,0
838470,0.0040000000000418,0
838500,0.0054999999999381,0
838530,0.0070000000000163,0
838560,0.0070000000000163,0
838590,0.0039999999999963,0
838620,0.00600000000004,0
838650,0.0029999999999745,0
838680,0.0049999999999727,0
838710,0.0024999999999181,0
838740,0.0065000000000509,0
838770,0.002500000000009,0
838800,0.0050000000000181,0
838830,0.0039999999999963,0
838860,0.00550000000012,0
838890,0.0040000000000418,0
838920,0.0045000000000982,0
838950,0.0034999999999854,0
838980,0.0054999999999381,0
839010,0.0055000000000291,0
839040,0.0029999999999745,0
839070,0.0044999999999618,0
839100,0.00600000000004,0
839130,0.0039999999999963,0
839160,0.0054999999999836,0
839190,0.0040000000000418,0
839220,0.0075000000000272,0
839250,0.00600000000004,0
839280,0.0050000000000181,0
839310,0.0050000000000181,0
839340,0.0050000000000636,0
839370,0.0055000000000291,0
839400,0.0044999999999618,0
839430,0.0080000000000381,0
839460,0.0055000000000745,0
839490,0.0034999999999854,0
839520,0.0054999999999836,0
839550,0.0045000000000072,0
839580,0.0069999999999708,0
839610,0.0044999999999618,0
839640,0.0065000000000509,0
839670,0.0045000000000072,0
839700,0.0055000000000745,0
839730,0.005999999999949,0
839760,0.0079999999999017,0
839790,0.0044999999999618,0
839820,0.0079999999999927,0
839850,0.0050000000000636,0
839880,0.0044999999999618,0
839910,0.0039999999999508,0
839940,0.0034999999998944,0
839970,0.0040000000000418,0
840000,0.0054999999999836,0
840030,0.0030000000000654,0
840060,0.002999999999929,0
840090,0.0045000000000527,0
840120,0.005999999999949,0
840150,0.0030000000000654,0
840180,0.006499999999869,0
840210,0.0040000000000873,0
840240,0.0050000000000181,0
840270,0.0044999999999618,0
840300,0.0049999999999727,0
840330,0.0085000000000491,0
840360,0.0079999999999927,0
840390,0.0039999999999963,0
840420,0.0055000000000291,0
840450,0.0045000000000072,0
840480,0.0029999999999745,0
840510,0.0029999999999745,0
840540,0.0064999999999145,0
840570,0.0049999999999727,0
840600,0.0065000000000509,0
840630,0.0045000000000072,0
840660,0.0074999999999818,0
840690,0.0050000000001091,0
840720,0.0045000000000072,0
840750,0.0055000000000291,0
840780,0.0050000000000636,0
840810,0.0070000000000163,0
840840,0.0045000000000072,0
840870,0.0039999999999963,0
840900,0.0054999999999836,0
840930,0.0034999999999854,0
840960,0.0075000000000272,0
840990,0.0045000000000072,0
841020,0.0039999999999963,0
841050,0.0045000000000072,0
841080,0.0075000000000272,0
841110,0.0039999999999963,0
841140,0.0059999999999945,0
841170,0.0039999999999963,0
841200,0.0064999999999599,0
841230,0.0085000000000036,0
841260,0.0069999999999708,0
841290,0.00600000000004,0
841320,0.0054999999999381,0
841350,0.0055000000000745,0
841380,0.0084999999999126,0
841410,0.0035000000000763,0
841440,0.0049999999999727,0
841470,0.00600000000004,0
841500,0.005999999999949,0
841530,0.0065000000000509,0
841560,0.0074999999999818,0
841590,0.0050000000000636,0
841620,0.005999999999949,0
841650,0.0065000000000054,0
841680,0.0070000000000618,0
841710,0.0049999999999727,0
841740,0.0074999999999363,0
841770,0.0039999999999963,0
841800,0.0065000000000509,0
841830,0.00300000000002,0
841860,0.0090000000000145,0
841890,0.0054999999999836,0
841920,0.0064999999999599,0
841950,0.0070000000000163,0
841980,0.0055000000000745,0
842010,0.0059999999999945,0
842040,0.0054999999999381,0
842070,0.0059999999999945,0
842100,0.0065000000000054,0
842130,0.0090000000000145,0
842160,0.009499999999889,0
842190,0.0060000000000854,0
842220,0.0059999999998126,0
842250,0.005999999999949,0
842280,0.0075000000000272,0
842310,0.0055000000000291,0
842340,0.0065000000000509,0
842370,0.0049999999999727,0
842400,0.0069999999999708,0
842430,0.0055000000000291,0
842460,0.0075000000000272,0
842490,0.0059999999999945,0
842520,0.0080000000000836,0
842550,0.0049999999999727,0
842580,0.0065000000000964,0
842610,0.0075000000000272,0
842640,0.0064999999999599,0
842670,0.0054999999999381,0
842700,0.0065000000000054,0
842730,0.0074999999999818,0
842760,0.0075000000000272,0
842790,0.0039999999999963,0
842820,0.0075000000000272,0
842850,0.0060000000000854,0
842880,0.0069999999998799,0
842910,0.0050000000000636,0
842940,0.0070000000000618,0
842970,0.0045000000000072,0
843000,0.0070000000000163,0
843030,0.00900000000006,0
843060,0.0074999999999363,0
843090,0.0050000000000636,0
843120,0.0074999999999363,0
843150,0.0065000000000054,0
843180,0.0050000000000181,0
843210,0.0055000000000745,0
843240,0.0059999999999035,0
843270,0.0055000000000291,0
843300,0.0044999999999618,0
843330,0.00600000000004,0
843360,0.0064999999999599,0
843390,0.0039999999999963,0
843420,0.0055000000000291,0
843450,0.0065000000000054,0
843480,0.0065000000000054,0
843510,0.00600000000004,0
843540,0.0064999999999599,0
843570,0.0045000000000982,0
843600,0.0049999999999272,0
843630,0.0069999999999708,0
843660,0.0045000000000072,0
843690,0.0039999999999508,0
843720,0.0054999999999836,0
843750,0.0045000000000527,0
843780,0.0054999999999836,0
843810,0.0054999999999836,0
843840,0.0064999999999599,0
843870,0.0050000000000181,0
843900,0.0080000000000836,0
843930,0.0075000000000272,0
843960,0.005999999999949,0
843990,0.005999999999949,0
844020,0.00600000000004,0
844050,0.0059999999999945,0
844080,0.0070000000001073,0
844110,0.005999999999949,0
844140,0.0059999999999945,0
844170,0.0059999999999945,0
844200,0.0045000000000072,0
844230,0.005999999999949,0
844260,0.0045000000000527,0
844290,0.0045000000000527,0
844320,0.008999999999969,0
844350,0.0064999999999599,0
844380,0.0049999999999272,0
844410,0.0055000000000291,0
844440,0.0065000000000509,0
844470,0.0040000000000418,0
844500,0.0065000000000509,0
844530,0.0045000000000072,0
844560,0.0075000000000272,0
844590,0.0064999999999599,0
844620,0.0039999999999054,0
844650,0.0034999999999854,0
844680,0.0055000000000291,0
844710,0.0050000000000181,0
844740,0.0055000000000745,0
844770,0.0044999999999618,0
844800,0.0054999999999836,0
844830,0.0045000000000072,0
844860,0.00600000000004,0
844890,0.0045000000000072,0
844920,0.0055000000000291,0
844950,0.00600000000004,0
844980,0.0059999999999945,0
845010,0.0040000000000873,0
845040,0.0040000000000418,0
845070,0.0039999999999508,0
845100,0.0050000000000181,0
845130,0.0039999999999963,0
845160,0.0040000000000418,0
845190,0.0045000000000072,0
845220,0.00300000000002,0
845250,0.0045000000000072,0
845280,0.0034999999998944,0
845310,0.0035000000000309,0
845340,0.0074999999999363,0
845370,0.0080000000000381,0
845400,0.0059999999999945,0
845430,0.0065000000000964,0
845460,0.0079999999998563,0
845490,0.0045000000000072,0
845520,0.0054999999999836,0
845550,0.002500000000009,0
845580,0.0080000000000836,0
845610,0.0075000000000272,0
845640,0.0059999999999945,0
845670,0.0044999999999618,0
845700,0.0035000000000309,0
845730,0.0075000000000272,0
845760,0.0079999999999927,0
845790,0.0049999999999727,0
845820,0.0049999999999272,0
845850,0.0049999999999727,0
845880,0.0050000000000181,0
845910,0.0035000000000309,0
845940,0.0050000000000181,0
845970,0.0044999999999618,0
846000,0.00600000000004,0
846030,0.0045000000000527,0
846060,0.0049999999999727,0
846090,0.0054999999999836,0
846120,0.0049999999999727,0
846150,0.0034999999999854,0
846180,0.0050000000000181,0
846210,0.0039999999999508,0
846240,0.00300000000002,0
846270,0.0044999999999163,0
846300,0.0109999999999672,0
846330,0.0050000000000181,0
846360,0.0065000000000054,0
846390,0.0049999999999727,0
846420,0.0049999999999727,0
846450,0.0044999999999618,0
846480,0.0080000000000381,0
846510,0.0075000000000272,0
846540,0.0054999999999381,0
846570,0.0039999999999963,0
846600,0.0069999999999708,0
846630,0.0059999999999945,0
846660,0.0049999999999272,0
846690,0.00300000000002,0
846720,0.0045000000000072,0
846750,0.0025000000000545,0
846780,0.0034999999999399,0
846810,0.0064999999999599,0
846840,0.0050000000000181,0
846870,0.0019999999999981,0
846900,0.00300000000002,0
846930,0.0025000000000545,0
846960,0.0039999999999508,0
846990,0.0035000000000309,0
847020,0.002999999999929,0
847050,0.0065000000000054,0
847080,0.0050000000000181,0
847110,0.0045000000000527,0
847140,0.0045000000000527,0
847170,0.0044999999999618,0
847200,0.0039999999999963,0
847230,0.0044999999999618,0
847260,0.0050000000000636,0
847290,0.0055000000000291,0
847320,0.0039999999999508,0
847350,0.0039999999999963,0
847380,0.0045000000000072,0
847410,0.0045000000000072,0
847440,0.0059999999999945,0
847470,0.0035000000000309,0
847500,0.0054999999999381,0
847530,0.0125,0
847560,0.0049999999998817,0
847590,0.0039999999999963,0
847620,0.0040000000000418,0
847650,0.0035000000000309,0
847680,0.0074999999999818,0
847710,0.0029999999999745,0
847740,0.0069999999999708,0
847770,0.0034999999999854,0
847800,0.0039999999999963,0
847830,0.00300000000002,0
847860,0.0055000000000291,0
847890,0.0054999999999381,0
847920,0.0080000000000836,0
847950,0.0039999999999508,0
847980,0.0050000000000636,0
848010,0.0040000000000418,0
848040,0.0074999999999818,0
848070,0.0029999999999745,0
848100,0.0045000000000072,0
848130,0.0045000000000072,0
848160,0.0045000000000527,0
848190,0.0034999999999399,0
848220,0.0054999999998926,0
848250,0.0034999999999854,0
848280,0.00550000000012,0
848310,0.1245000000000345,0
848340,0.0039999999999963,0
848370,0.00300000000002,0
848400,0.0054999999999836,0
848430,0.0045000000000072,0
848460,0.0035000000000309,0
848490,0.0050000000000181,0
848520,0.0044999999999618,0
848550,0.005999999999949,0
848580,0.0100000000000818,0
848610,0.0034999999999854,0
848640,0.0059999999999945,0
848670,0.0029999999999745,0
848700,0.0045000000000072,0
848730,0.0019999999999981,0
848760,0.0054999999998926,0
848790,0.0040000000000873,0
848820,0.0034999999999854,0
848850,0.002999999999929,0
848880,0.0050000000000181,0
848910,0.0034999999998944,0
848940,0.0035000000000309,0
848970,0.0049999999999727,0
849000,0.0050000000000636,0
849030,0.0035000000000309,0
849060,0.0039999999999963,0
849090,0.0014999999999872,0
849120,0.0035000000000763,0
849150,0.0035000000000309,0
849180,0.0055000000000291,0
849210,0.0040000000000418,0
849240,0.0045000000000982,0
849270,0.0035000000000309,0
849300,0.0044999999999618,0
849330,0.0095000000000709,0
849360,0.0059999999999035,0
849390,0.0024999999999636,0
849420,0.0040000000000873,0
849450,0.0019999999999527,0
849480,0.0050000000001091,0
849510,0.0044999999999618,0
849540,0.0050000000000181,0
849570,0.002500000000009,0
849600,0.0039999999999054,0
849630,0.0049999999999727,0
849660,0.0030000000000654,0
849690,0.0030000000000654,0
849720,0.00300000000002,0
849750,0.0040000000000873,0
849780,0.0044999999999618,0
849810,0.0039999999999963,0
849840,0.0039999999999054,0
849870,0.0040000000000418,0
849900,0.0050000000000181,0
849930,0.0065000000000054,0
849960,0.0034999999999854,0
849990,0.0034999999999854,0
850020,0.0054999999999381,0
850050,0.0050000000000181,0
850080,0.0075000000000272,0
850110,0.0049999999999272,0
850140,0.0055000000000745,0
850170,0.0070000000000163,0
850200,0.0064999999999145,0
850230,0.0110000000000582,0
850260,0.0059999999999035,0
850290,0.0055000000000291,0
850320,0.0074999999999363,0
850350,0.0044999999999618,0
850380,0.00600000000004,0
850410,0.0065000000000054,0
850440,0.0074999999999363,0
850470,0.0060000000000854,0
850500,0.0054999999998926,0
850530,0.0040000000000873,0
850560,0.0064999999999599,0
850590,0.09050000000002,0
850620,0.0065000000000509,0
850650,0.0075000000000727,0
850680,0.0069999999999708,0
850710,0.0039999999999054,0
850740,0.00600000000004,0
850770,0.0039999999999508,0
850800,0.0064999999999599,0
850830,0.0065000000000509,0
850860,0.0064999999999599,0
850890,0.005999999999949,0
850920,0.0065000000000054,0
850950,0.0065000000000964,0
850980,0.0049999999999272,0
851010,0.0034999999999399,0
851040,0.0069999999999254,0
851070,0.0039999999999963,0
851100,0.0069999999999708,0
851130,0.0065000000000054,0
851160,0.0070000000000618,0
851190,0.0075000000000272,0
851220,0.0054999999999381,0
851250,0.0050000000000181,0
851280,0.0059999999999945,0
851310,0.0069999999999708,0
851340,0.0059999999999945,0
851370,0.0065000000000054,0
851400,0.0069999999999254,0
851430,0.0045000000000072,0
851460,0.0079999999999927,0
851490,0.0060000000000854,0
851520,0.0049999999999727,0
851550,0.0054999999999836,0
851580,0.0045000000000527,0
851610,0.0045000000000527,0
851640,0.0075000000000272,0
851670,0.0049999999999272,0
851700,0.0074999999999818,0
851730,0.0049999999999727,0
851760,0.0060000000000854,0
851790,0.0039999999999963,0
851820,0.0065000000000509,0
851850,0.0045000000000527,0
851880,0.0065000000000054,0
851910,0.0070000000000618,0
851940,0.0054999999999381,0
851970,0.0049999999999727,0
852000,0.0065000000000054,0
852030,0.0069999999999254,0
852060,0.005999999999949,0
852090,0.0055000000000745,0
852120,0.0049999999999272,0
852150,0.0045000000000527,0
852180,0.0065000000000509,0
852210,0.0079999999999927,0
852240,0.0060000000000854,0
852270,0.0049999999999727,0
852300,0.0050000000000636,0
852330,0.0040000000000418,0
852360,0.0054999999999381,0
852390,0.0065000000000054,0
852420,0.0054999999999836,0
852450,0.0050000000000181,0
852480,0.0059999999999035,0
852510,0.0055000000000291,0
852540,0.0065000000000054,0
852570,0.0040000000000873,0
852600,0.2065000000000054,0
852630,0.1199999999999818,0
852660,0.1625000000000454,0
852690,0.2395000000000436,0
852720,0.2249999999999545,0
852750,0.1694999999999709,0
852780,0.1625,0
852810,0.4044999999999163,0
852840,0.2304999999999836,0
852870,0.5895000000000437,0
852900,0.1454999999999472,0
852930,0.0829999999999927,0
852960,0.0159999999999399,0
852990,0.0140000000000327,0
853020,0.3149999999999636,0
853050,0.1570000000000163,0
853080,0.1685000000000855,0
853110,0.105999999999949,0
853140,0.0455000000000382,0
853170,0.0459999999999581,0
853200,0.0550000000000181,0
853230,0.0869999999999436,0
853260,0.0699999999999818,0
853290,0.0739999999999781,0
853320,0.0864999999999781,0
853350,0.0944999999999709,0
853380,0.0609999999999672,0
853410,0.5795000000000529,0
853440,0.236999999999989,0
853470,0.0194999999999254,0
853500,0.5860000000000127,0
853530,0.1755000000001018,0
853560,0.015000000000009,0
853590,0.3394999999999527,0
853620,0.0220000000000254,0
853650,0.51550000000002,0
853680,0.0990000000000236,0
853710,0.3000000000000909,0
853740,0.269000000000051,0
853770,0.0265000000000327,0
853800,0.0145000000000436,0
853830,0.1504999999999199,0
853860,0.2454999999999927,0
853890,0.0795000000000527,0
853920,0.0149999999999636,0
853950,0.0139999999999417,0
853980,0.0120000000000345,0
854010,0.0114999999999327,0
854040,0.011999999999989,0
854070,0.1880000000000109,0
854100,0.0644999999999527,0
854130,0.1069999999999709,0
854160,0.0225000000000363,0
854190,0.021499999999969,0
854220,0.2325000000000727,0
854250,0.0855000000000472,0
854280,0.0269999999999527,0
854310,0.0264999999999872,0
854340,0.0335000000000036,0
854370,0.2394999999999982,0
854400,0.0469999999999799,0
854430,0.0074999999999818,0
854460,0.0109999999999672,0
854490,0.0094999999999799,0
854520,0.0184999999999945,0
854550,0.0114999999999327,0
854580,0.1104999999999563,0
854610,0.1339999999999691,0
854640,0.0165000000000873,0
854670,0.0125,0
854700,0.0105000000000472,0
854730,0.0154999999998835,0
854760,0.2209999999999581,0
854790,0.2080000000000382,0
854820,0.0320000000000163,0
854850,0.0610000000000127,0
854880,0.0190000000000964,0
854910,0.0100000000000363,0
854940,0.0074999999998908,0
854970,0.0044999999999618,0
855000,0.0179999999999381,0
855030,0.0920000000000527,0
855060,0.0305000000000745,0
855090,0.0044999999999618,0
855120,0.008999999999969,0
855150,0.0074999999999363,0
855180,0.1630000000000109,0
855210,0.2155000000001109,0
855240,0.0205000000000382,0
855270,0.26899999999996,0
855300,0.1539999999999509,0
855330,0.0829999999999472,0
855360,0.1224999999999454,0
855390,0.0095000000000709,0
855420,0.0120000000000345,0
855450,0.0085000000000036,0
855480,0.0090000000000145,0
855510,0.0180000000000291,0
855540,0.14650000000006,0
855570,0.0094999999999799,0
855600,0.0145000000000436,0
855630,0.1830000000000382,0
855660,0.0285000000000309,0
855690,0.0159999999999399,0
855720,0.0174999999999272,0
855750,0.2215000000000145,0
855780,0.0399999999999636,0
855810,0.0224999999999454,0
855840,0.26899999999996,0
855870,0.0794999999999618,0
855900,0.3069999999998799,0
855930,0.1144999999999072,0
855960,0.5855000000000473,0
855990,0.2235000000000127,0
856020,0.4304999999999836,0
856050,0.2389999999999872,0
856080,0.1375,0
856110,0.011999999999989,0
856140,0.0075000000000272,0
856170,0.0840000000000145,0
856200,0.1215000000000145,0
856230,0.0225000000000818,0
856260,0.008999999999969,0
856290,0.1255000000000564,0
856320,0.1225000000000363,0
856350,0.0500000000000454,0
856380,0.0064999999999599,0
856410,0.0080000000000381,0
856440,0.0175000000000181,0
856470,0.0140000000000782,0
856500,0.0074999999999363,0
856530,0.0539999999999963,0
856560,0.1505000000000109,0
856590,0.0769999999999527,0
856620,0.0085000000000036,0
856650,0.2615000000000691,0
856680,0.1259999999999309,0
856710,0.2385000000000673,0
856740,0.1939999999999599,0
856770,0.0239999999999781,0
856800,0.0094999999999799,0
856830,0.0190000000000054,0
856860,0.2374999999999545,0
856890,0.1989999999998872,0
856920,0.046499999999969,0
856950,0.1954999999999472,0
856980,0.0869999999998526,0
857010,0.2429999999999381,0
857040,0.1220000000000254,0
857070,0.0314999999999145,0
857100,0.2395000000000437,0
857130,0.0554999999999836,0
857160,0.1340000000000145,0
857190,0.2079999999999927,0
857220,0.1090000000000145,0
857250,0.0209999999999581,0
857280,0.0684999999999945,0
857310,0.1345000000000709,0
857340,0.0144999999999981,0
857370,0.0105000000000018,0
857400,0.224999999999909,0
857430,0.0854999999999563,0
857460,0.2355000000000473,0
857490,0.1135000000000673,0
857520,0.0695000000000618,0
857550,0.1234999999999672,0
857580,0.05900000000006,0
857610,0.1339999999999691,0
857640,0.0230000000000018,0
857670,0.2405000000000655,0
857700,0.1350000000000363,0
857730,0.2125,0
857760,0.1660000000000309,0
857790,0.0225000000000818,0
857820,0.16599999999994,0
857850,0.1564999999999599,0
857880,0.0779999999999745,0
857910,0.1295000000000072,0
857940,0.0414999999999963,0
857970,0.1914999999999509,0
858000,0.1025000000000091,0
858030,0.2459999999999126,0
858060,0.058999999999969,0
858090,0.2390000000000782,0
858120,0.0765000000001236,0
858150,0.1924999999999727,0
858180,0.1390000000000782,0
858210,0.0235000000000127,0
858240,0.0075000000000727,0
858270,0.0049999999999727,0
858300,0.0384999999999763,0
858330,0.2145000000000436,0
858360,0.0399999999999636,0
858390,0.0725000000000818,0
858420,0.1574999999999363,0
858450,0.0129999999999654,0
858480,0.0490000000000691,0
858510,0.0539999999999508,0
858540,0.2174999999999727,0
858570,0.1514999999999872,0
858600,0.0724999999999909,0
858630,0.1105000000000018,0
858660,0.1045000000000072,0
858690,0.0619999999999436,0
858720,0.1220000000000254,0
858750,0.3124999999999545,0
858780,0.1604999999999563,0
858810,0.136999999999989,0
858840,0.1080000000000836,0
858870,0.0910000000000309,0
858900,0.2949999999999363,0
858930,0.0675000000000182,0
858960,0.1315000000000964,0
858990,0.0299999999999727,0
859020,0.04350000000004,0
859050,0.2449999999999818,0
859080,0.1570000000000163,0
859110,0.1910000000000764,0
859140,0.0974999999998999,0
859170,0.2510000000000218,0
859200,0.0385000000000218,0
859230,0.0784999999999854,0
859260,0.2190000000000964,0
859290,0.0939999999999599,0
859320,0.0835000000000491,0
859350,0.0525000000000091,0
859380,0.2545000000000073,0
859410,0.0815000000000054,0
859440,0.2035000000001219,0
859470,0.1954999999999927,0
859500,0.0954999999999927,0
859530,0.2325000000000728,0
859560,0.0960000000000491,0
859590,0.2554999999999381,0
859620,0.1099999999999909,0
859650,0.0429999999999381,0
859680,0.0534999999999854,0
859710,0.0269999999999527,0
859740,0.2260000000000218,0
859770,0.0535000000001218,0
859800,0.0254999999999654,0
859830,0.0184999999999945,0
859860,0.1940000000000054,0
859890,0.1385000000000218,0
859920,0.0154999999999745,0
859950,0.0120000000000345,0
859980,0.0100000000000363,0
860010,0.0509999999999763,0
860040,0.19050000000002,0
860070,0.0300000000000636,0
860100,0.2394999999999527,0
860130,0.0549999999999727,0
860160,0.2190000000000054,0
860190,0.1755000000000563,0
860220,0.0204999999999927,0
860250,0.015000000000009,0
860280,0.1170000000000527,0
860310,0.1329999999999472,0
860340,0.0319999999999254,0
860370,0.0130000000000563,0
860400,0.0394999999999981,0
860430,0.1945000000000618,0
860460,0.0880000000000109,0
860490,0.0150000000000545,0
860520,0.0094999999999345,0
860550,0.2380000000000564,0
860580,0.2239999999999327,0
860610,0.0225000000000363,0
860640,0.0144999999999072,0
860670,0.0109999999999217,0
860700,0.0670000000000072,0
860730,0.1330000000000382,0
860760,0.0849999999999454,0
860790,0.0145000000000436,0
860820,0.1940000000000054,0
860850,0.1600000000000364,0
860880,0.1924999999999727,0
860910,0.0349999999999909,0
860940,0.33400000000006,0
860970,0.1440000000000054,0
861000,0.0264999999999417,0
861030,0.0154999999999745,0
861060,0.1405000000000655,0
861090,0.1180000000000291,0
861120,0.0274999999999636,0
861150,0.0134999999999763,0
861180,0.0360000000000582,0
861210,0.2114999999999782,0
861240,0.0279999999999745,0
861270,0.0065000000000509,0
861300,0.0095000000000254,0
861330,0.0205000000000382,0
861360,0.2394999999999982,0
861390,0.1855000000000473,0
861420,0.2324999999999818,0
861450,0.061999999999989,0
861480,0.2299999999999727,0
861510,0.1239999999999781,0
861540,0.6059999999999491,0
861570,0.1979999999999563,0
861600,0.11550000000002,0
861630,0.3864999999999782,0
861660,0.1125,0
861690,0.4940000000000054,0
861720,0.2365000000000236,0
861750,0.0834999999999126,0
861780,0.2270000000000437,0
861810,0.083999999999969,0
861840,0.1389999999999872,0
861870,0.1140000000000327,0
861900,0.0894999999999981,0
861930,0.1255000000000564,0
861960,0.024999999999909,0
861990,0.2184999999999945,0
862020,0.1144999999999981,0
862050,0.6275000000000092,0
862080,0.2660000000000309,0
862110,0.1885000000000673,0
862140,0.0244999999999436,0
862170,0.0195000000001073,0
862200,0.2299999999999727,0
862230,0.1149999999999636,0
862260,0.0205000000000836,0
862290,0.0180000000000745,0
862320,0.0160000000001218,0
862350,0.0079999999999927,0
862380,0.0200000000000272,0
862410,0.2320000000000164,0
862440,0.1655000000000655,0
862470,0.011999999999989,0
862500,0.0100000000000818,0
862530,0.0070000000000163,0
862560,0.011999999999989,0
862590,0.2335000000000945,0
862620,0.1670000000000073,0
862650,0.0174999999999727,0
862680,0.011999999999989,0
862710,0.0170000000000527,0
862740,0.0199999999999363,0
862770,0.0195000000000618,0
862800,0.0169999999999163,0
862830,0.2385000000001128,0
862860,0.1124999999999545,0
862890,0.0129999999999199,0
862920,0.0100000000000363,0
862950,0.0085000000000036,0
862980,0.0114999999999781,0
863010,0.0109999999999672,0
863040,0.2365000000000236,0
863070,0.1360000000000127,0
863100,0.0130000000000109,0
863130,0.2115000000000691,0
863160,0.1389999999999872,0
863190,0.0304999999999381,0
863220,0.1034999999999854,0
863250,0.1005000000000563,0
863280,0.0169999999999618,0
863310,0.2544999999998708,0
863340,0.0765000000000327,0
863370,0.2224999999999454,0
863400,0.1750000000000455,0
863430,0.0194999999999708,0
863460,0.024499999999989,0
863490,0.0255000000000563,0
863520,0.0224999999999454,0
863550,0.0099999999999909,0
863580,0.2299999999999727,0
863610,0.14399999999996,0
863640,0.0140000000000327,0
863670,0.0164999999999508,0
863700,0.0160000000000763,0
863730,0.0194999999999708,0
863760,0.0209999999999126,0
863790,0.0195000000000618,0
863820,0.0180000000000291,0
863850,0.0190000000000054,0
863880,0.0479999999999563,0
863910,0.2209999999999581,0
863940,0.0705000000000836,0
863970,0.0074999999999818,0
864000,0.00900000000006,0
864030,0.0065000000000054,0
864060,0.0095000000000254,0
864090,0.0110000000000127,0
864120,0.008999999999969,0
864150,0.2404999999999745,0
864180,0.143499999999949,0
864210,0.0404999999999745,0
864240,0.0389999999998508,0
864270,0.0440000000000054,0
864300,0.01550000000002,0
864330,0.0129999999999199,0
864360,0.0115000000000236,0
864390,0.0099999999998999,0
864420,0.2459999999999581,0
864450,0.1599999999999454,0
864480,0.0144999999999981,0
864510,0.2414999999999509,0
864540,0.1725000000000364,0
864570,0.0194999999998799,0
864600,0.2335000000000491,0
864630,0.1625000000000455,0
864660,0.0195000000000163,0
864690,0.0139999999999417,0
864720,0.0194999999999708,0
864750,0.0210000000000036,0
864780,0.0164999999999508,0
864810,0.0174999999999727,0
864840,0.015000000000009,0
864870,0.0135000000000218,0
864900,0.0174999999999272,0
864930,0.0110000000000582,0
864960,0.0170000000000527,0
864990,0.0129999999999199,0
865020,0.0165000000000418,0
865050,0.0165000000000418,0
865080,0.0140000000000327,0
865110,0.0204999999999927,0
865140,0.2339999999999236,0
865170,0.1094999999999345,0
865200,0.0180000000000291,0
865230,0.00900000000006,0
865260,0.0364999999998872,0
865290,0.0230000000000472,0
865320,0.2399999999999181,0
865350,0.1029999999999745,0
865380,0.2459999999999581,0
865410,0.1530000000000655,0
865440,0.2329999999999017,0
865470,0.1825000000000272,0
865500,0.124499999999989,0
865530,0.1109999999999672,0
865560,0.0554999999999836,0
865590,0.1579999999999472,0
865620,0.1275000000000091,0
865650,0.0724999999999909,0
865680,0.0095000000000254,0
865710,0.0109999999999217,0
865740,0.0130000000000563,0
865770,0.0110000000000127,0
865800,0.0149999999999636,0
865830,0.2384999999999763,0
865860,0.1675000000000182,0
865890,0.0324999999999818,0
865920,0.0609999999999672,0
865950,0.2465000000000146,0
865980,0.1120000000000345,0
866010,0.021499999999969,0
866040,0.2450000000000273,0
866070,0.10949999999998,0
866100,0.01200000000008,0
866130,0.2425000000001091,0
866160,0.1074999999999363,0
866190,0.0225000000000363,0
866220,0.0100000000000363,0
866250,0.0065000000000509,0
866280,0.0269999999999981,0
866310,0.01550000000002,0
866340,0.0244999999998981,0
866370,0.0164999999999508,0
866400,0.0134999999998854,0
866430,0.0185000000000854,0
866460,0.0085000000000036,0
866490,0.0144999999999072,0
866520,0.0090000000000145,0
866550,0.015000000000009,0
866580,0.015000000000009,0
866610,0.0040000000000418,0
866640,0.0055000000000291,0
866670,0.0070000000000163,0
866700,0.0039999999999508,0
866730,0.015499999999929,0
866760,0.0080000000000836,0
866790,0.0164999999999963,0
866820,0.2355000000000472,0
866850,0.1754999999999199,0
866880,0.2525000000000091,0
866910,0.0384999999999308,0
866940,0.00600000000004,0
866970,0.2494999999999891,0
867000,0.1450000000000728,0
867030,0.01850000000004,0
867060,0.0099999999999454,0
867090,0.2345000000001164,0
867120,0.2170000000000073,0
867150,0.2285000000000309,0
867180,0.1625,0
867210,0.0315000000000509,0
867240,0.0439999999999145,0
867270,0.2015000000000327,0
867300,0.1020000000000436,0
867330,0.1889999999999417,0
867360,0.0664999999999508,0
867390,0.2255000000000109,0
867420,0.1794999999999163,0
867450,0.0300000000000181,0
867480,0.0130000000000563,0
867510,0.2364999999999781,0
867540,0.0795000000000072,0
867570,0.1600000000000364,0
867600,0.1665000000000873,0
867630,0.0455000000000382,0
867660,0.2424999999998818,0
867690,0.0440000000000509,0
867720,0.2509999999999309,0
867750,0.0459999999999581,0
867780,0.2360000000000127,0
867810,0.0554999999999381,0
867840,0.0094999999999799,0
867870,0.0105000000000018,0
867900,0.1294999999998708,0
867930,0.1384999999999763,0
867960,0.0739999999999327,0
867990,0.1985000000000127,0
868020,0.1060000000000855,0
868050,0.2414999999999963,0
868080,0.1779999999999745,0
868110,0.0545000000000072,0
868140,0.2029999999999745,0
868170,0.0380000000000109,0
868200,0.2414999999999963,0
868230,0.074999999999909,0
868260,0.2335000000000036,0
868290,0.0779999999999745,0
868320,0.2264999999998963,0
868350,0.0794999999999618,0
868380,0.2404999999999745,0
868410,0.0850000000000363,0
868440,0.2600000000000364,0
868470,0.12150000000006,0
868500,0.0254999999999654,0
868530,0.1289999999999509,0
868560,0.0800000000000181,0
868590,0.2295000000000527,0
868620,0.1490000000000236,0
868650,0.13100000000004,0
868680,0.1109999999999672,0
868710,0.0525000000000091,0
868740,0.0679999999999381,0
868770,0.1525000000000091,0
868800,0.0170000000000527,0
868830,0.0105000000000472,0
868860,0.0140000000000327,0
868890,0.0080000000000381,0
868920,0.0144999999999981,0
868950,0.0130000000000563,0
868980,0.0130000000001018,0
869010,0.0120000000000345,0
869040,0.0105000000000472,0
869070,0.243999999999869,0
869100,0.0445000000000618,0
869130,0.0200000000000272,0
869160,0.1235000000000582,0
869190,0.1369999999999436,0
869220,0.0169999999999618,0
869250,0.0094999999999799,0
869280,0.011999999999989,0
869310,0.0389999999999872,0
869340,0.1865000000000237,0
869370,0.0574999999999818,0
869400,0.0114999999999781,0
869430,0.0194999999999254,0
869460,0.0099999999999454,0
869490,0.0105000000000472,0
869520,0.0105000000000018,0
869550,0.0094999999999345,0
869580,0.0134999999999763,0
869610,0.0189999999999599,0
869640,0.0094999999999799,0
869670,0.1994999999999436,0
869700,0.1744999999999891,0
869730,0.083999999999969,0
869760,0.1224999999999909,0
869790,0.0285000000000309,0
869820,0.2359999999999672,0
869850,0.1339999999999236,0
869880,0.0785000000000309,0
869910,0.2319999999999709,0
869940,0.0474999999999454,0
869970,0.2619999999999891,0
870000,0.1039999999999963,0
870030,0.0234999999999217,0
870060,0.0095000000001164,0
870090,0.2145000000000436,0
870120,0.1204999999999927,0
870150,0.5404999999999747,0
870180,0.1034999999998945,0
870210,0.4229999999999564,0
870240,0.1104999999999563,0
870270,0.5485000000000126,0
870300,0.1569999999999708,0
870330,0.619000000000051,0
870360,0.08400000000006,0
870390,0.102999999999929,0
870420,0.6755000000000564,0
870450,0.2139999999999872,0
870480,0.2784999999999399,0
870510,0.1129999999999654,0
870540,0.2094999999999345,0
870570,0.1534999999999854,0
870600,0.2274999999999636,0
870630,0.115499999999929,0
870660,0.0954999999999927,0
870690,0.0784999999999854,0
870720,0.5974999999999454,0
870750,0.2429999999999836,0
870780,0.2039999999999963,0
870810,0.0929999999999836,0
870840,0.2315000000000054,0
870870,0.2035000000000764,0
870900,0.0289999999999963,0
870930,0.0230000000000018,0
870960,0.0525000000000545,0
870990,0.4655000000000655,0
871020,0.0849999999999454,0
871050,0.1750000000000909,0
871080,0.2225000000000363,0
871110,0.2194999999999254,0
871140,0.180999999999949,0
871170,0.1580000000000382,0
871200,0.3379999999999655,0
871230,0.2284999999999399,0
871260,0.6000000000000454,0
871290,0.1554999999999382,0
871320,0.0234999999999672,0
871350,0.0144999999999981,0
871380,0.0120000000000345,0
871410,0.4000000000000455,0
871440,0.1819999999999708,0
871470,0.1550000000000182,0
871500,0.0975000000000818,0
871530,0.0474999999999909,0
871560,0.03700000000008,0
871590,0.062499999999909,0
871620,0.0754999999999654,0
871650,0.061999999999989,0
871680,0.0760000000000218,0
871710,0.0855000000000473,0
871740,0.09050000000002,0
871770,0.0529999999999745,0
871800,0.5904999999999291,0
871830,0.2769999999999982,0
871860,0.0290000000000418,0
871890,0.5824999999999818,0
871920,0.1510000000000218,0
871950,0.0210000000000945,0
871980,0.2350000000000364,0
872010,0.0870000000000345,0
872040,0.5169999999999164,0
872070,0.102999999999929,0
872100,0.3099999999999909,0
872130,0.0980000000000018,0
872160,0.4704999999999927,0
872190,0.1044999999999618,0
872220,0.6725000000000364,0
872250,0.2350000000000818,0
872280,0.0855000000000018,0
872310,0.2359999999999672,0
872340,0.265499999999929,0
872370,0.0134999999999763,0
872400,0.0125,0
872430,0.1365000000000236,0
872460,0.2490000000000691,0
872490,0.0679999999999836,0
872520,0.0085000000000945,0
872550,0.0139999999999417,0
872580,0.01550000000002,0
872610,0.0134999999999763,0
872640,0.0160000000000309,0
872670,0.199499999999989,0
872700,0.0555000000000291,0
872730,0.10949999999998,0
872760,0.0209999999999581,0
872790,0.0149999999999636,0
872820,0.2140000000000327,0
872850,0.1144999999999527,0
872880,0.0230000000000472,0
872910,0.0190000000000509,0
872940,0.0245000000000345,0
872970,0.2329999999999017,0
873000,0.0529999999999745,0
873030,0.0105000000000472,0
873060,0.0134999999999308,0
873090,0.0124999999999545,0
873120,0.0175000000000181,0
873150,0.0159999999999854,0
873180,0.0230000000000018,0
873210,0.1900000000000091,0
873240,0.0315000000000054,0
873270,0.0199999999999818,0
873300,0.0130000000000109,0
873330,0.01850000000004,0
873360,0.1519999999999527,0
873390,0.243000000000029,0
873420,0.0445000000000163,0
873450,0.1735000000000127,0
873480,0.0199999999999363,0
873510,0.0079999999999472,0
873540,0.0080000000000381,0
873570,0.00900000000006,0
873600,0.0065000000000509,0
873630,0.0390000000000327,0
873660,0.0989999999999781,0
873690,0.0085000000000036,0
873720,0.0190000000000054,0
873750,0.1115000000000236,0
873780,0.0140000000000782,0
873810,0.0219999999999345,0
873840,0.1555000000000291,0
873870,0.1440000000000509,0
873900,0.0150000000000545,0
873930,0.0265000000000327,0
873960,0.2500000000000909,0
873990,0.1375000000000454,0
874020,0.0190000000000509,0
874050,0.0079999999999017,0
874080,0.2105000000000018,0
874110,0.1324999999999818,0
874140,0.0215000000000145,0
874170,0.1729999999999563,0
874200,0.1260000000000218,0
874230,0.0109999999999217,0
874260,0.0074999999999818,0
874290,0.0074999999999818,0
874320,0.0054999999999836,0
874350,0.0069999999999708,0
874380,0.0074999999999363,0
874410,0.0069999999999708,0
874440,0.0044999999999618,0
874470,0.0324999999999818,0
874500,0.2359999999999672,0
874530,0.1409999999999854,0
874560,0.1809999999999945,0
874590,0.1634999999999763,0
874620,0.0384999999999763,0
874650,0.2349999999999909,0
874680,0.14050000000002,0
874710,0.1970000000000254,0
874740,0.2199999999999818,0
874770,0.0570000000000163,0
874800,0.04650000000006,0
874830,0.2095000000000254,0
874860,0.0695000000000618,0
874890,0.0159999999999854,0
874920,0.1289999999999508,0
874950,0.0330000000000382,0
874980,0.0250000000000454,0
875010,0.2050000000000182,0
875040,0.1044999999999617,0
875070,0.0245000000000345,0
875100,0.2385000000000218,0
875130,0.049499999999989,0
875160,0.0114999999999326,0
875190,0.1949999999999363,0
875220,0.1775000000000091,0
875250,0.021499999999969,0
875280,0.0139999999998963,0
875310,0.2479999999999563,0
875340,0.0750000000000454,0
875370,0.0054999999999836,0
875400,0.2469999999999799,0
875430,0.1460000000000036,0
875460,0.0389999999999417,0
875490,0.24050000000002,0
875520,0.1305000000000291,0
875550,0.0070000000000163,0
875580,0.0055000000000291,0
875610,0.0110000000000127,0
875640,0.0055000000000291,0
875670,0.0059999999999945,0
875700,0.0445000000000163,0
875730,0.1180000000000291,0
875760,0.0765000000000327,0
875790,0.0069999999999708,0
875820,0.0059999999999945,0
875850,0.0085000000000945,0
875880,0.1849999999999909,0
875910,0.1855000000000018,0
875940,0.0324999999999818,0
875970,0.0584999999999581,0
876000,0.2420000000000072,0
876030,0.1459999999999581,0
876060,0.0144999999999527,0
876090,0.0100000000000363,0
876120,0.2455000000000382,0
876150,0.2174999999999272,0
876180,0.0364999999999781,0
876210,0.0279999999999745,0
876240,0.0109999999999217,0
876270,0.0149999999999636,0
876300,0.0519999999999072,0
876330,0.20600000000004,0
876360,0.0860000000000127,0
876390,0.0174999999999727,0
876420,0.0209999999999581,0
876450,0.2304999999999836,0
876480,0.1634999999999763,0
876510,0.0200000000000272,0
876540,0.0044999999999163,0
876570,0.0110000000000127,0
876600,0.0149999999999636,0
876630,0.0039999999999963,0
876660,0.0139999999999872,0
876690,0.2449999999999818,0
876720,0.136999999999989,0
876750,0.0115000000000236,0
876780,0.0080000000000381,0
876810,0.0135000000000218,0
876840,0.0205000000000381,0
876870,0.0070000000000163,0
876900,0.0199999999999818,0
876930,0.2070000000000618,0
876960,0.1059999999999945,0
876990,0.0299999999999272,0
877020,0.0115000000000236,0
877050,0.0115000000000691,0
877080,0.0180000000000291,0
877110,0.0159999999999854,0
877140,0.012499999999909,0
877170,0.0140000000000782,0
877200,0.0144999999999527,0
877230,0.0149999999999636,0
877260,0.0050000000000181,0
877290,0.0195000000000618,0
877320,0.0065000000000509,0
877350,0.0229999999999108,0
877380,0.0195000000001073,0
877410,0.0224999999999909,0
877440,0.0149999999999636,0
877470,0.0205000000000382,0
877500,0.2480000000000927,0
877530,0.1139999999999872,0
877560,0.2355000000000472,0
877590,0.0240000000000236,0
877620,0.0074999999999818,0
877650,0.218499999999949,0
877680,0.1409999999999854,0
877710,0.0105000000000018,0
877740,0.00600000000004,0
877770,0.22150000000006,0
877800,0.2005000000000109,0
877830,0.2360000000000127,0
877860,0.2030000000000655,0
877890,0.0259999999999763,0
877920,0.0554999999999836,0
877950,0.1754999999999654,0
877980,0.0689999999999599,0
878010,0.1555000000000745,0
878040,0.0605000000000473,0
878070,0.2364999999999781,0
878100,0.2079999999999472,0
878130,0.0255000000001018,0
878160,0.0219999999999799,0
878190,0.2759999999999764,0
878220,0.0535000000000309,0
878250,0.2860000000000582,0
878280,0.0459999999999581,0
878310,0.25949999999998,0
878340,0.0580000000000382,0
878370,0.2429999999998927,0
878400,0.043499999999949,0
878430,0.2235000000000128,0
878460,0.0874999999999545,0
878490,0.1610000000000127,0
878520,0.1315000000000054,0
878550,0.027999999999929,0
878580,0.0259999999999763,0
878610,0.0270000000000436,0
878640,0.0294999999999618,0
878670,0.0075000000000272,0
878700,0.0079999999999472,0
878730,0.0065000000000509,0
878760,0.0879999999999199,0
878790,0.0210000000000036,0
878820,0.0114999999999781,0
878850,0.0059999999999945,0
878880,0.0090000000000145,0
878910,0.0305000000000291,0
878940,0.1954999999999927,0
878970,0.1119999999999891,0
879000,0.1469999999999799,0
879030,0.1099999999999909,0
879060,0.0255000000000109,0
879090,0.0105000000000472,0
879120,0.0254999999999654,0
879150,0.1909999999999399,0
879180,0.1120000000000345,0
879210,0.0104999999999563,0
879240,0.0070000000000163,0
879270,0.2294999999999618,0
879300,0.1100000000000363,0
879330,0.0244999999999436,0
879360,0.0110000000001491,0
879390,0.25,0
879420,0.0974999999998999,0
879450,0.50699999999988,0
879480,0.2530000000000655,0
879510,0.0870000000000345,0
879540,0.2270000000000436,0
879570,0.0554999999999381,0
879600,0.2099999999999909,0
879630,0.1105000000000018,0
879660,0.2439999999999145,0
879690,0.2110000000000127,0
879720,0.4739999999999782,0
879750,0.2330000000000837,0
879780,0.0815000000000509,0
879810,0.2295000000000072,0
879840,0.1079999999999927,0
879870,0.5930000000000292,0
879900,0.2300000000000182,0
879930,0.0610000000000127,0
879960,0.4850000000000364,0
879990,0.2515000000000782,0
880020,0.0899999999999181,0
880050,0.3450000000000728,0
880080,0.2259999999999764,0
880110,0.30600000000004,0
880140,0.2240000000000236,0
880170,0.0920000000000527,0
880200,0.2199999999999363,0
880230,0.1135000000000673,0
880260,0.4284999999999855,0
880290,0.1069999999999709,0
880320,0.4335000000000036,0
880350,0.1184999999999945,0
880380,0.4079999999999927,0
880410,0.1614999999999782,0
880440,0.4554999999999837,0
880470,0.2435000000000855,0
880500,0.0879999999999654,0
880530,0.2470000000000255,0
880560,0.1260000000001127,0
880590,0.6339999999999691,0
880620,0.2440000000000054,0
880650,0.1090000000000145,0
880680,0.5364999999999327,0
880710,0.24050000000002,0
880740,0.09950000000008,0
880770,0.2079999999999017,0
880800,0.10900000000006,0
880830,0.5119999999999436,0
880860,0.1129999999999654,0
880890,0.3789999999999964,0
880920,0.1429999999999381,0
880950,0.3920000000000073,0
880980,0.2425000000000182,0
881010,0.183999999999969,0
881040,0.2469999999999345,0
881070,0.0569999999999709,0
881100,0.3765000000000328,0
881130,0.2424999999999272,0
881160,0.0929999999999836,0
881190,0.2380000000000564,0
881220,0.0824999999999818,0
881250,0.252999999999929,0
881280,0.2010000000001128,0
881310,0.5474999999999455,0
881340,0.2565000000000509,0
881370,0.1010000000000673,0
881400,0.2620000000000346,0
881430,0.1184999999999036,0
881460,0.2170000000000073,0
881490,0.1105000000000018,0
881520,0.2674999999999727,0
881550,0.1149999999999636,0
881580,0.4075000000000273,0
881610,0.1114999999999781,0
881640,0.4575000000000728,0
881670,0.1934999999999945,0
881700,0.3850000000000363,0
881730,0.2309999999999945,0
881760,0.0930000000000291,0
881790,0.2159999999999854,0
881820,0.0934999999999945,0
881850,0.1529999999999745,0
881880,0.1240000000000691,0
881910,0.14350000000004,0
881940,0.0375,0
881970,0.0164999999999963,0
882000,0.0519999999999981,0
882030,0.0284999999999854,0
882060,0.0054999999999381,0
882090,0.0365000000001146,0
882120,0.2340000000000145,0
882150,0.1024999999999181,0
882180,0.0200000000000727,0
882210,0.0065000000000054,0
882240,0.0110000000000127,0
882270,0.0095000000000254,0
882300,0.0049999999999727,0
882330,0.1564999999999599,0
882360,0.1779999999999745,0
882390,0.0285000000000309,0
882420,0.0125000000000454,0
882450,0.0409999999999854,0
882480,0.2065000000000509,0
882510,0.1230000000000018,0
882540,0.0170000000000072,0
882570,0.0065000000000054,0
882600,0.1769999999999982,0
882630,0.1634999999999763,0
882660,0.0154999999999745,0
882690,0.0134999999999763,0
882720,0.0150000000000545,0
882750,0.0090000000000145,0
882780,0.1849999999999454,0
882810,0.209499999999889,0
882840,0.0319999999999709,0
882870,0.0144999999999981,0
882900,0.0069999999999708,0
882930,0.1244999999999436,0
882960,0.1190000000000054,0
882990,0.0225000000000818,0
883020,0.0174999999999727,0
883050,0.0115000000000691,0
883080,0.0179999999999836,0
883110,0.0215000000000145,0
883140,0.02800000000002,0
883170,0.1880000000000564,0
883200,0.0744999999999891,0
883230,0.0090000000000145,0
883260,0.0070000000000163,0
883290,0.0074999999999818,0
883320,0.0074999999999818,0
883350,0.0174999999999727,0
883380,0.209000000000151,0
883410,0.0485000000000582,0
883440,0.0210000000000036,0
883470,0.24050000000002,0
883500,0.0824999999999818,0
883530,0.0289999999999508,0
883560,0.2409999999999854,0
883590,0.1194999999998799,0
883620,0.0300000000000181,0
883650,0.1305000000000291,0
883680,0.0270000000000891,0
883710,0.2244999999999436,0
883740,0.1085000000000491,0
883770,0.01550000000002,0
883800,0.0269999999999981,0
883830,0.0290000000000418,0
883860,0.0094999999999799,0
883890,0.0495000000000345,0
883920,0.1349999999999909,0
883950,0.0280000000000654,0
883980,0.0204999999999927,0
884010,0.0189999999999599,0
884040,0.0164999999999508,0
884070,0.0139999999999872,0
884100,0.0194999999998799,0
884130,0.0304999999999836,0
884160,0.0215000000000145,0
884190,0.015000000000009,0
884220,0.1494999999999891,0
884250,0.1660000000000764,0
884280,0.0144999999999527,0
884310,0.0045000000000527,0
884340,0.0065000000000054,0
884370,0.0115000000000691,0
884400,0.0074999999999363,0
884430,0.0169999999999618,0
884460,0.0475000000000363,0
884490,0.1270000000000891,0
884520,0.0315000000000509,0
884550,0.0474999999999454,0
884580,0.0455000000000382,0
884610,0.0355000000000927,0
884640,0.0139999999999417,0
884670,0.0154999999999745,0
884700,0.0175000000000636,0
884730,0.1560000000000855,0
884760,0.1500000000000454,0
884790,0.0279999999999745,0
884820,0.0074999999999363,0
884850,0.0065000000000054,0
884880,0.2474999999999454,0
884910,0.1654999999999745,0
884940,0.0190000000000054,0
884970,0.2289999999999054,0
885000,0.1360000000000127,0
885030,0.01200000000008,0
885060,0.2355000000000018,0
885090,0.14050000000002,0
885120,0.0109999999999217,0
885150,0.0110000000000582,0
885180,0.0095000000000709,0
885210,0.0099999999999454,0
885240,0.0115000000000691,0
885270,0.0165000000000418,0
885300,0.0074999999999363,0
885330,0.0125,0
885360,0.0095000000000709,0
885390,0.011999999999989,0
885420,0.0135000000000218,0
885450,0.0099999999999909,0
885480,0.0090000000001055,0
885510,0.0109999999999217,0
885540,0.0124999999999545,0
885570,0.0440000000000054,0
885600,0.2134999999999763,0
885630,0.0784999999999854,0
885660,0.0319999999999254,0
885690,0.0124999999999999,0
885720,0.0199999999999363,0
885750,0.0330000000000382,0
885780,0.17800000000002,0
885810,0.0889999999999418,0
885840,0.1745000000000345,0
885870,0.1344999999999799,0
885900,0.0115000000000691,0
885930,0.04050000000002,0
885960,0.1265000000000327,0
885990,0.0244999999999436,0
886020,0.0394999999999072,0
886050,0.0294999999999618,0
886080,0.2164999999999509,0
886110,0.1639999999999873,0
886140,0.0255000000001018,0
886170,0.2555000000000745,0
886200,0.1815000000000055,0
886230,0.0139999999999872,0
886260,0.0059999999999945,0
886290,0.0049999999999272,0
886320,0.0055000000000291,0
886350,0.0064999999999145,0
886380,0.2439999999999145,0
886410,0.1400000000000091,0
886440,0.0065000000000509,0
886470,0.0064999999999599,0
886500,0.0059999999999035,0
886530,0.005999999999949,0
886560,0.0054999999999836,0
886590,0.2559999999999036,0
886620,0.0845000000000254,0
886650,0.0269999999999981,0
886680,0.1915000000000873,0
886710,0.07150000000006,0
886740,0.2539999999999964,0
886770,0.1074999999999818,0
886800,0.2514999999999417,0
886830,0.1484999999999672,0
886860,0.2150000000000091,0
886890,0.1240000000000236,0
886920,0.0554999999999836,0
886950,0.1599999999999909,0
886980,0.1055000000000291,0
887010,0.0764999999999872,0
887040,0.0969999999999345,0
887070,0.0469999999999345,0
887100,0.2524999999999182,0
887130,0.1235000000000127,0
887160,0.0175000000000636,0
887190,0.0470000000000254,0
887220,0.1939999999999599,0
887250,0.0670000000000072,0
887280,0.0164999999999963,0
887310,0.0189999999999599,0
887340,0.0194999999999708,0
887370,0.0230000000000472,0
887400,0.0149999999999636,0
887430,0.2440000000000964,0
887460,0.1805000000000291,0
887490,0.0085000000000036,0
887520,0.0119999999999436,0
887550,0.0129999999999199,0
887580,0.005999999999949,0
887610,0.2519999999999527,0
887640,0.0945000000000163,0
887670,0.0184999999999945,0
887700,0.0095000000000709,0
887730,0.0139999999999872,0
887760,0.02150000000006,0
887790,0.011999999999989,0
887820,0.2524999999999636,0
887850,0.0944999999999254,0
887880,0.0285000000000763,0
887910,0.0280000000000654,0
887940,0.2039999999999054,0
887970,0.1495000000000345,0
888000,0.0130000000000109,0
888030,0.0179999999998926,0
888060,0.015000000000009,0
888090,0.0079999999999927,0
888120,0.0139999999999872,0
888150,0.0135000000000673,0
888180,0.0179999999999381,0
888210,0.0125,0
888240,0.0229999999999563,0
888270,0.1265000000000327,0
888300,0.0200000000000272,0
888330,0.0080000000000381,0
888360,0.0149999999999181,0
888390,0.0144999999999981,0
888420,0.0144999999999527,0
888450,0.0105000000000472,0
888480,0.0134999999999763,0
888510,0.0139999999999872,0
888540,0.018499999999949,0
888570,0.2365000000000236,0
888600,0.0534999999999854,0
888630,0.0130000000000109,0
888660,0.0114999999999781,0
888690,0.0165000000000418,0
888720,0.0069999999999708,0
888750,0.0159999999999854,0
888780,0.0174999999999272,0
888810,0.0169999999999618,0
888840,0.0180000000000291,0
888870,0.2450000000000728,0
888900,0.043499999999949,0
888930,0.021499999999969,0
888960,0.0785000000000309,0
888990,0.8100000000000365,0
889020,0.1954999999999927,0
889050,0.0975000000000363,0
889080,0.5400000000000545,0
889110,0.1585000000000946,0
889140,0.0680000000000291,0
889170,0.0329999999999927,0
889200,0.0300000000000636,0
889230,0.2334999999999127,0
889260,0.0234999999999217,0
889290,0.0045000000000527,0
889320,0.0054999999999836,0
889350,0.0050000000000636,0
889380,0.0054999999999381,0
889410,0.0045000000000072,0
889440,0.0039999999999963,0
889470,0.0045000000000072,0
889500,0.0054999999999381,0
889530,0.002500000000009,0
889560,0.0080000000000836,0
889590,0.0039999999999963,0
889620,0.0034999999999854,0
889650,0.0055000000000745,0
889680,0.0039999999999054,0
889710,0.0070000000000163,0
889740,0.0049999999999727,0
889770,0.0050000000000636,0
889800,0.0045000000000527,0
889830,0.0094999999999345,0
889860,0.0075000000000272,0
889890,0.0070000000000163,0
889920,0.0050000000000181,0
889950,0.0055000000000745,0
889980,0.005999999999949,0
890010,0.0064999999999145,0
890040,0.0060000000000854,0
890070,0.0064999999999599,0
890100,0.0050000000000181,0
890130,0.0045000000000527,0
890160,0.0050000000000181,0
890190,0.0049999999998817,0
890220,0.0034999999999854,0
890250,0.0065000000000509,0
890280,0.00300000000002,0
890310,0.0059999999999945,0
890340,0.0055000000000291,0
890370,0.0065000000000054,0
890400,0.0045000000000527,0
890430,0.0069999999999708,0
890460,0.0054999999999836,0
890490,0.0045000000000072,0
890520,0.0044999999999163,0
890550,0.0059999999999945,0
890580,0.0044999999999618,0
890610,0.0055000000000291,0
890640,0.0045000000000527,0
890670,0.0049999999999727,0
890700,0.0039999999999963,0
890730,0.0099999999998999,0
890760,0.0029999999999745,0
890790,0.0029999999999745,0
890820,0.00300000000002,0
890850,0.0075000000000272,0
890880,0.0035000000000309,0
890910,0.008999999999969,0
890940,0.0080000000000381,0
890970,0.0065000000000054,0
891000,0.0034999999999854,0
891030,0.0065000000000054,0
891060,0.0039999999999963,0
891090,0.0054999999999836,0
891120,0.0035000000000763,0
891150,0.0039999999999508,0
891180,0.0050000000000181,0
891210,0.0050000000000181,0
891240,0.0055000000000745,0
891270,0.0064999999999599,0
891300,0.0045000000000072,0
891330,0.0065000000000054,0
891360,0.00600000000004,0
891390,0.0054999999999381,0
891420,0.0050000000000181,0
891450,0.0070000000000618,0
891480,0.00300000000002,0
891510,0.0080000000000381,0
891540,0.0044999999999163,0
891570,0.00300000000002,0
891600,0.0040000000000418,0
891630,0.0099999999999454,0
891660,0.0059999999999035,0
891690,0.0070000000000163,0
891720,0.0055000000000745,0
891750,0.0050000000000181,0
891780,0.002500000000009,0
891810,0.0064999999999599,0
891840,0.0059999999999945,0
891870,0.0070000000000163,0
891900,0.0050000000000181,0
891930,0.0044999999999163,0
891960,0.0045000000000072,0
891990,0.0080000000000836,0
892020,0.0064999999999145,0
892050,0.0065000000000964,0
892080,0.0070000000000163,0
892110,0.0070000000000618,0
892140,0.0055000000000291,0
892170,0.0059999999999945,0
892200,0.0050000000000181,0
892230,0.0085000000000036,0
892260,0.0049999999999727,0
892290,0.0039999999999963,0
892320,0.0045000000000072,0
892350,0.00900000000006,0
892380,0.1009999999999309,0
892410,0.005999999999949,0
892440,0.0054999999999836,0
892470,0.0044999999999618,0
892500,0.0039999999999963,0
892530,0.0094999999999799,0
892560,0.0019999999999981,0
892590,0.0070000000000163,0
892620,0.0069999999999254,0
892650,0.005999999999949,0
892680,0.00300000000002,0
892710,0.0074999999999818,0
892740,0.0074999999999363,0
892770,0.0040000000000418,0
892800,0.0035000000000309,0
892830,0.0059999999999945,0
892860,0.0045000000000072,0
892890,0.0039999999999508,0
892920,0.0039999999999963,0
892950,0.0050000000000181,0
892980,0.0035000000000309,0
893010,0.0059999999999945,0
893040,0.0065000000000964,0
893070,0.0044999999999618,0
893100,0.0054999999999381,0
893130,0.0065000000000054,0
893160,0.0064999999999599,0
893190,0.005999999999949,0
893220,0.0055000000000291,0
893250,0.0050000000000636,0
893280,0.0035000000000309,0
893310,0.0039999999999508,0
893340,0.0030000000000654,0
893370,0.0474999999999454,0
893400,0.0034999999999854,0
893430,0.0100000000000363,0
893460,0.00300000000002,0
893490,0.0049999999999272,0
893520,0.0050000000000636,0
893550,0.0049999999999727,0
893580,0.0034999999999854,0
893610,0.0050000000000181,0
893640,0.0039999999999963,0
893670,0.0055000000000291,0
893700,0.0039999999999963,0
893730,0.0040000000000418,0
893760,0.00600000000004,0
893790,0.005999999999949,0
893820,0.0054999999999836,0
893850,0.0039999999999508,0
893880,0.00300000000002,0
893910,0.0049999999999727,0
893940,0.0049999999999272,0
893970,0.0049999999999727,0
894000,0.0035000000000309,0
894030,0.0059999999999945,0
894060,0.0040000000000418,0
894090,0.0045000000000527,0
894120,0.0024999999999636,0
894150,0.0039999999999963,0
894180,0.0055000000000291,0
894210,0.0050000000000181,0
894240,0.0034999999999854,0
894270,0.0064999999999145,0
894300,0.0070000000000618,0
894330,0.0064999999999599,0
894360,0.0054999999999381,0
894390,0.0050000000000636,0
894420,0.0024999999999636,0
894450,0.0034999999998944,0
894480,0.0050000000000181,0
894510,0.00600000000004,0
894540,0.0034999999999399,0
894570,0.0045000000000072,0
894600,0.0040000000000418,0
894630,0.0050000000001091,0
894660,0.0064999999999599,0
894690,0.0025000000000545,0
894720,0.0029999999999745,0
894750,0.0055000000000745,0
894780,0.00300000000002,0
894810,0.0050000000000636,0
894840,0.0034999999999854,0
894870,0.0045000000000072,0
894900,0.00300000000002,0
894930,0.0035000000000309,0
894960,0.0054999999999836,0
894990,0.0070000000000618,0
895020,0.0045000000000072,0
895050,0.0044999999999618,0
895080,0.0045000000000982,0
895110,0.0059999999999035,0
895140,0.0054999999999836,0
895170,0.00600000000004,0
895200,0.0054999999999381,0
895230,0.0100000000000363,0
895260,0.00600000000004,0
895290,0.0034999999999854,0
895320,0.0065000000000054,0
895350,0.0074999999999818,0
895380,0.0034999999999399,0
895410,0.0059999999999945,0
895440,0.00600000000004,0
895470,0.0054999999999381,0
895500,0.00600000000004,0
895530,0.0054999999999836,0
895560,0.021499999999969,0
895590,0.0039999999999508,0
895620,0.00600000000004,0
895650,0.0065000000000054,0
895680,0.0064999999999599,0
895710,0.0075000000000272,0
895740,0.0050000000000181,0
895770,0.0085000000000036,0
895800,0.0075000000000272,0
895830,0.0084999999999126,0
895860,0.0070000000000163,0
895890,0.0049999999999727,0
895920,0.0054999999999381,0
895950,0.0064999999999599,0
895980,0.0045000000000527,0
896010,0.0065000000000509,0
896040,0.00600000000004,0
896070,0.0074999999998908,0
896100,0.0069999999999708,0
896130,0.0109999999999672,0
896160,0.0065000000000509,0
896190,0.0070000000000163,0
896220,0.0049999999999727,0
896250,0.0059999999999945,0
896280,0.005999999999949,0
896310,0.0059999999999945,0
896340,0.0055000000000291,0
896370,0.0039999999999963,0
896400,0.0049999999999272,0
896430,0.0069999999999708,0
896460,0.0039999999999508,0
896490,0.0085000000000491,0
896520,0.0045000000000072,0
896550,0.0069999999999708,0
896580,0.0049999999999272,0
896610,0.0070000000000618,0
896640,0.0055000000000291,0
896670,0.0069999999999708,0
896700,0.0074999999999818,0
896730,0.0065000000000509,0
896760,0.005999999999949,0
896790,0.0079999999999927,0
896820,0.0075000000000272,0
896850,0.0074999999999818,0
896880,0.0074999999999818,0
896910,0.0085000000000491,0
896940,0.0069999999999254,0
896970,0.00850000000014,0
897000,0.0059999999999945,0
897030,0.0094999999999799,0
897060,0.0074999999999363,0
897090,0.0065000000000054,0
897120,0.0064999999999145,0
897150,0.0075000000000272,0
897180,0.0075000000000272,0
897210,0.0074999999998908,0
897240,0.0065000000000054,0
897270,0.0064999999999599,0
897300,0.0080000000000381,0
897330,0.0059999999999945,0
897360,0.0059999999999945,0
897390,0.0070000000000163,0
897420,0.0050000000000636,0
897450,0.0059999999999945,0
897480,0.0069999999999708,0
897510,0.0090000000000145,0
897540,0.0075000000000272,0
897570,0.0079999999999472,0
897600,0.0065000000000054,0
897630,0.0069999999998799,0
897660,0.0059999999999945,0
897690,0.0075000000000727,0
897720,0.0080000000000381,0
897750,0.0069999999999708,0
897780,0.005999999999949,0
897810,0.0075000000000727,0
897840,0.0079999999999017,0
897870,0.0085000000000945,0
897900,0.0054999999999836,0
897930,0.0094999999999345,0
897960,0.0055000000000745,0
897990,0.0079999999999017,0
898020,0.00600000000004,0
898050,0.00600000000004,0
898080,0.0065000000000509,0
898110,0.0079999999999472,0
898140,0.0075000000000272,0
898170,0.0079999999999927,0
898200,0.0059999999999945,0
898230,0.0070000000001073,0
898260,0.0079999999999927,0
898290,0.0070000000000618,0
898320,0.0059999999999945,0
898350,0.0059999999999945,0
898380,0.0069999999999708,0
898410,0.0095000000000254,0
898440,0.0045000000000072,0
898470,0.0085000000000036,0
898500,0.0049999999999727,0
898530,0.0065000000000054,0
898560,0.0079999999999472,0
898590,0.0064999999999599,0
898620,0.00600000000004,0
898650,0.0079999999999927,0
898680,0.0059999999999945,0
898710,0.0090000000001055,0
898740,0.0070000000000163,0
898770,0.0074999999999363,0
898800,0.0065000000000054,0
898830,0.0085000000000036,0
898860,0.0065000000000509,0
898890,0.0049999999999727,0
898920,0.0050000000000636,0
898950,0.0089999999999236,0
898980,0.0075000000000272,0
899010,0.0045000000000072,0
899040,0.0054999999999836,0
899070,0.0074999999999818,0
899100,0.0054999999998472,0
899130,0.0085000000000036,0
899160,0.00600000000004,0
899190,0.0074999999999818,0
899220,0.0049999999999727,0
899250,0.0070000000000618,0
899280,0.0059999999999035,0
899310,0.0074999999999363,0
899340,0.0054999999999836,0
899370,0.0045000000000527,0
899400,0.0049999999999727,0
899430,0.0069999999999708,0
899460,0.0065000000000054,0
899490,0.0075000000000272,0
899520,0.0070000000000163,0
899550,0.0205000000000382,0
899580,0.0170000000000072,0
899610,0.0130000000001018,0
899640,0.0049999999999727,0
899670,0.0074999999999818,0
899700,0.0050000000000181,0
899730,0.0115000000000691,0
899760,0.0079999999999927,0
899790,0.0084999999999581,0
899820,0.0059999999999945,0
899850,0.0075000000000727,0
899880,0.0054999999999836,0
899910,0.0099999999999454,0
899940,0.0224999999999909,0
899970,0.0054999999999381,0
900000,0.0054999999999381,0
900030,0.0054999999999836,0
900060,0.0045000000000527,0
900090,0.0055000000000745,0
900120,0.006499999999869,0
900150,0.0065000000000509,0
900180,0.0094999999999799,0
900210,0.0075000000000727,0
900240,0.0045000000000072,0
900270,0.0074999999999818,0
900300,0.00300000000002,0
900330,0.0059999999999945,0
900360,0.0050000000000181,0
900390,0.0054999999999381,0
900420,0.0044999999999618,0
900450,0.0075000000000272,0
900480,0.002500000000009,0
900510,0.0074999999999818,0
900540,0.0045000000000072,0
900570,0.0059999999999035,0
900600,0.0049999999999727,0
900630,0.0049999999999727,0
900660,0.0050000000000181,0
900690,0.0050000000000181,0
900720,0.0024999999999636,0
900750,0.0059999999999945,0
900780,0.0039999999999963,0
900810,0.0074999999999818,0
900840,0.0070000000000163,0
900870,0.0065000000000509,0
900900,0.0034999999999854,0
900930,0.0034999999999854,0
900960,0.0049999999999272,0
900990,0.0074999999999818,0
901020,0.0049999999999727,0
901050,0.0065000000000509,0
901080,0.0045000000000527,0
901110,0.0079999999999017,0
901140,0.0045000000000527,0
901170,0.0049999999999727,0
901200,0.0034999999999854,0
901230,0.0065000000000054,0
901260,0.0059999999999945,0
901290,0.0064999999999599,0
901320,0.0070000000000163,0
901350,0.0050000000000636,0
901380,0.0034999999999399,0
901410,0.0075000000000272,0
901440,0.0045000000000072,0
901470,0.0065000000000054,0
901500,0.0034999999999854,0
901530,0.0090000000000145,0
901560,0.0035000000000309,0
901590,0.0075000000000272,0
901620,0.0040000000000418,0
901650,0.0034999999998944,0
901680,0.0035000000000309,0
901710,0.0059999999999945,0
901740,0.00600000000004,0
901770,0.0075000000000727,0
901800,0.0050000000000181,0
901830,0.0074999999999818,0
901860,0.0045000000000072,0
901890,0.0044999999999618,0
901920,0.0055000000000291,0
901950,0.0064999999999145,0
901980,0.0045000000000527,0
902010,0.0065000000000054,0
902040,0.0054999999999836,0
902070,0.0069999999999708,0
902100,0.00600000000004,0
902130,0.0049999999999272,0
902160,0.0049999999999727,0
902190,0.0064999999999599,0
902220,0.0039999999999963,0
902250,0.0180000000000745,0
902280,0.0029999999999745,0
902310,0.0039999999999963,0
902340,0.0045000000000072,0
902370,0.0055000000000291,0
902400,0.0044999999999163,0
902430,0.00600000000004,0
902460,0.0035000000000309,0
902490,0.0045000000000072,0
902520,0.00600000000004,0
902550,0.0055000000000291,0
902580,0.0059999999998581,0
902610,0.0055000000000291,0
902640,0.0050000000000636,0
902670,0.0049999999999727,0
902700,0.0049999999999272,0
902730,0.0070000000000618,0
902760,0.0054999999999836,0
902790,0.0059999999999945,0
902820,0.0039999999999963,0
902850,0.0060000000000854,0
902880,0.0045000000000527,0
902910,0.0075000000000272,0
902940,0.0055000000000291,0
902970,0.0069999999999254,0
903000,0.0059999999999945,0
903030,0.0044999999999163,0
903060,0.00600000000004,0
903090,0.0059999999999945,0
903120,0.0044999999999618,0
903150,0.0059999999999945,0
903180,0.0044999999999618,0
903210,0.0044999999999618,0
903240,0.0045000000000527,0
903270,0.0070007000699778,0
903300,0.0015000000000327,0
903330,0.0065000000000054,0
903360,0.0049999999999727,0
903390,0.0060000000000854,0
903420,0.0044999999999163,0
903450,0.0074999999999818,0
903480,0.0039999999999963,0
903510,0.0050000000000181,0
903540,0.0085000000000945,0
903570,0.0070000000000163,0
903600,0.0074999999999818,0
903630,0.0069999999999254,0
903660,0.025,0
903690,0.00600000000004,0
903720,0.0054999999999381,0
903750,0.0039999999999963,0
903780,0.0039999999999963,0
903810,0.0074999999999818,0
903840,0.0045000000000072,0
903870,0.00600000000004,0
903900,0.0039999999999963,0
903930,0.0070000000000163,0
903960,0.0075000000000272,0
903990,0.0065000000000054,0
904020,0.0065000000000509,0
904050,0.0070000000000163,0
904080,0.0055000000000291,0
904110,0.0080000000000381,0
904140,0.0064999999999599,0
904170,0.0075000000000272,0
904200,0.0055000000000291,0
904230,0.0114999999999781,0
904260,0.0050000000000181,0
904290,0.0094999999999799,0
904320,0.00600000000004,0
904350,0.0070000000000163,0
904380,0.0079999999999472,0
904410,0.008999999999969,0
904440,0.0070000000000618,0
904470,0.0075000000000272,0
904500,0.0055000000000745,0
904530,0.0075000000000272,0
904560,0.0074999999999818,0
904590,0.0070000000000163,0
904620,0.0064999999999599,0
904650,0.0085000000000945,0
904680,0.0059999999999945,0
904710,0.0075000000001637,0
904740,0.0039999999999508,0
904770,0.0085000000000036,0
904800,0.00600000000004,0
904830,0.0070000000000163,0
904860,0.0079999999999927,0
904890,0.00600000000004,0
904920,0.00600000000004,0
904950,0.0065000000000054,0
904980,0.0055000000000291,0
905010,0.0069999999999254,0
905040,0.0079999999999927,0
905070,0.0075000000000272,0
905100,0.0055000000000745,0
905130,0.0110000000000127,0
905160,0.0069999999999708,0
905190,0.0070000000000618,0
905220,0.0070000000000163,0
905250,0.0074999999999818,0
905280,0.0059999999999945,0
905310,0.00900000000006,0
905340,0.0069999999999254,0
905370,0.0064999999999599,0
905400,0.0059999999999945,0
905430,0.0074999999999818,0
905460,0.008999999999969,0
905490,0.0074999999999363,0
905520,0.0065000000000054,0
905550,0.0079999999999472,0
905580,0.0069999999999708,0
905610,0.0079999999999472,0
905640,0.0059999999999945,0
905670,0.0084999999999581,0
905700,0.005499175123715,0
905730,0.0079999999999017,0
905760,0.00600000000004,0
905790,0.0085000000000036,0
905820,0.0064999999999599,0
905850,0.0099999999999454,0
905880,0.0065000000000054,0
905910,0.0085000000000491,0
905940,0.0070000000000163,0
905970,0.0074999999999363,0
906000,0.0055000000000745,0
906030,0.0109999999999672,0
906060,0.00600000000004,0
906090,0.0059999999999035,0
906120,0.0065000000000509,0
906150,0.0084999999999581,0
906180,0.00600000000004,0
906210,0.0239999999999781,0
906240,0.0059999999999945,0
906270,0.0054999999999836,0
906300,0.0049999999999727,0
906330,0.0085000000000036,0
906360,0.0034999999999854,0
906390,0.0055000000000291,0
906420,0.0065000000000054,0
906450,0.0064999999999145,0
906480,0.0059999999999945,0
906510,0.0085000000000491,0
906540,0.0055000000000291,0
906570,0.0079999999999472,0
906600,0.0055000000000291,0
906630,0.0074999999998908,0
906660,0.0070000000000618,0
906690,0.0070000000000618,0
906720,0.0065000000000509,0
906750,0.0065000000000054,0
906780,0.005999999999949,0
906810,0.0129999999998744,0
906840,0.0210000000000036,0
906870,0.027999999999929,0
906900,0.0070000000000618,0
906930,0.0100000000000363,0
906960,0.0050000000000181,0
906990,0.0049999999999727,0
907020,0.0069999999999708,0
907050,0.0070000000000163,0
907080,0.0059999999999945,0
907110,0.0160000000000309,0
907140,0.0079999999999472,0
907170,0.0085000000000491,0
907200,0.0079999999999927,0
907230,0.0059999999999945,0
907260,0.0074999999999818,0
907290,0.0070000000000163,0
907320,0.0065000000000054,0
907350,0.0074999999999818,0
907380,0.005999999999949,0
907410,0.0070000000001073,0
907440,0.0069999999999708,0
907470,0.005999999999949,0
907500,0.0059999999999945,0
907530,0.0070000000000163,0
907560,0.0064999999999599,0
907590,0.00600000000004,0
907620,0.0054999999999836,0
907650,0.0065000000001418,0
907680,0.0064999999999145,0
907710,0.0045000000000072,0
907740,0.0054999999999836,0
907770,0.0079999999999927,0
907800,0.0024999999999636,0
907830,0.00600000000004,0
907860,0.0049999999999727,0
907890,0.0070000000000618,0
907920,0.0060000000000854,0
907950,0.0054999999998926,0
907980,0.0070000000000163,0
908010,0.0074999999999818,0
908040,0.00600000000004,0
908070,0.0080000000000381,0
908100,0.0045000000000072,0
908130,0.0084999999999126,0
908160,0.0034999999999854,0
908190,0.0055000000000291,0
908220,0.0030000000000654,0
908250,0.0055000000000291,0
908280,0.0064999999999599,0
908310,0.0065000000000964,0
908340,0.0065000000000054,0
908370,0.0059999999999945,0
908400,0.0050000000000636,0
908430,0.0070000000000163,0
908460,0.0059999999999945,0
908490,0.0049999999999727,0
908520,0.0054999999999836,0
908550,0.0054999999999836,0
908580,0.0049999999999727,0
908610,0.0070000000000163,0
908640,0.0099999999999909,0
908670,0.0069999999999708,0
908700,0.0065000000000054,0
908730,0.0125000000000909,0
908760,0.0059999999999945,0
908790,0.0064999999999145,0
908820,0.0045000000000072,0
908850,0.0070000000000163,0
908880,0.0044999999999618,0
908910,0.0085000000000036,0
908940,0.0075000000000727,0
908970,0.0050000000000181,0
909000,0.0040000000000418,0
909030,0.0074999999999363,0
909060,0.0054999999999836,0
909090,0.0080000000000381,0
909120,0.0079999999999927,0
909150,0.0055000000000291,0
909180,0.0054999999999836,0
909210,0.0065000000000509,0
909240,0.0044999999999163,0
909270,0.0065000000000054,0
909300,0.0040000000000873,0
909330,0.0054999999998926,0
909360,0.00600000000004,0
909390,0.0069999999999708,0
909420,0.0070000000000163,0
909450,0.0079999999999927,0
909480,0.0045000000000527,0
909510,0.0054999999999381,0
909540,0.0054999999999381,0
909570,0.0080000000000836,0
909600,0.0054999999999381,0
909630,0.0099999999999909,0
909660,0.0055000000000291,0
909690,0.0074999999999818,0
909720,0.0050000000000636,0
909750,0.0075000000000272,0
909780,0.0065000000000054,0
909810,0.00600000000004,0
909840,0.00600000000004,0
909870,0.0079999999999927,0
909900,0.0040000000000418,0
909930,0.0050000000000181,0
909960,0.00600000000004,0
909990,0.0064999999999599,0
910020,0.0049999999999727,0
910050,0.0085000000000036,0
910080,0.00300000000002,0
910110,0.0085000000000036,0
910140,0.0065000000000054,0
910170,0.005999999999949,0
910200,0.0045000000000072,0
910230,0.0059999999999945,0
910260,0.0044999999999618,0
910290,0.0065000000000054,0
910320,0.0045000000000072,0
910350,0.0084999999999581,0
910380,0.0075000000000272,0
910410,0.0054999999999381,0
910440,0.0070000000000163,0
910470,0.0075000000000272,0
910500,0.0054999999999836,0
910530,0.0099999999999909,0
910560,0.0049999999999727,0
910590,0.0059999999999945,0
910620,0.0039999999999963,0
910650,0.0065000000000054,0
910680,0.0039999999999508,0
910710,0.0059999999999945,0
910740,0.0019999999999981,0
910770,0.0065000000000054,0
910800,0.0059999999999945,0
910830,0.0070000000000163,0
910860,0.0049999999999727,0
910890,0.0079999999999472,0
910920,0.0039999999999963,0
910950,0.0075000000001182,0
910980,0.0035000000000309,0
911010,0.0054999999999381,0
911040,0.0065000000000054,0
911070,0.0059999999999945,0
911100,0.0055000000000291,0
911130,0.0035000000000763,0
911160,0.0034999999999854,0
911190,0.0050000000000181,0
911220,0.0050000000000181,0
911250,0.00600000000004,0
911280,0.0040000000000418,0
911310,0.0059999999999945,0
911340,0.0045000000000072,0
911370,0.00600000000004,0
911400,0.0044999999999618,0
911430,0.0089999999999236,0
911460,0.0065000000000054,0
911490,0.0060000000000854,0
911520,0.0049999999999727,0
911550,0.0054999999999836,0
911580,0.002500000000009,0
911610,0.0065000000000054,0
911640,0.0045000000000072,0
911670,0.0070000000000163,0
911700,0.0050000000000181,0
911730,0.0054999999999836,0
911760,0.0049999999999727,0
911790,0.0080000000000836,0
911820,0.0059999999999945,0
911850,0.0045000000000072,0
911880,0.0055000000000745,0
911910,0.0064999999999145,0
911940,0.0045000000000527,0
911970,0.0049999999999727,0
912000,0.0045000000000527,0
912030,0.0045000000000072,0
912060,0.0040000000000418,0
912090,0.0044999999999618,0
912120,0.0035000000000309,0
912150,0.0070000000000163,0
912180,0.0045000000000072,0
912210,0.0079999999999927,0
912240,0.0045000000000527,0
912270,0.0065000000000054,0
912300,0.0050000000000181,0
912330,0.0119999999999436,0
912360,0.0059999999999945,0
912390,0.0055000000000291,0
912420,0.0059999999999945,0
912450,0.0059999999999945,0
912480,0.0059999999999945,0
912510,0.0074999999999363,0
912540,0.0054999999999836,0
912570,0.0065000000000054,0
912600,0.0059999999999945,0
912630,0.0054999999998926,0
912660,0.0065000000000054,0
912690,0.0070000000000618,0
912720,0.0055000000000291,0
912750,0.0044999999999618,0
912780,0.0050000000000181,0
912810,0.0064999999999599,0
912840,0.00600000000004,0
912870,0.0059999999999945,0
912900,0.0049999999998817,0
912930,0.00600000000004,0
912960,0.0069999999999254,0
912990,0.0080000000000381,0
913020,0.0049999999999272,0
913050,0.0080000000000381,0
913080,0.0070000000000163,0
913110,0.0075000000000272,0
913140,0.0124999999999999,0
913170,0.0064999999999599,0
913200,0.0059999999999945,0
913230,0.0105000000000472,0
913260,0.0064999999999599,0
913290,0.00600000000004,0
913320,0.0069999999999254,0
913350,0.0079999999999927,0
913380,0.0049999999999727,0
913410,0.0095000000001164,0
913440,0.0059999999999945,0
913470,0.0074999999999363,0
913500,0.0065000000000964,0
913530,0.0054999999999836,0
913560,0.0054999999999836,0
913590,0.0089999999999236,0
913620,0.0059999999999945,0
913650,0.0095000000000709,0
913680,0.0054999999999836,0
913710,0.0095000000000254,0
913740,0.0069999999999254,0
913770,0.0074999999999818,0
913800,0.005999999999949,0
913830,0.0050000000000181,0
913860,0.0050000000000636,0
913890,0.0079999999999472,0
913920,0.0049999999999727,0
913950,0.0089999999999236,0
913980,0.0074999999999363,0
914010,0.0080000000000836,0
914040,0.0080000000000381,0
914070,0.0064999999999599,0
914100,0.0044999999999618,0
914130,0.0085000000000036,0
914160,0.0069999999999708,0
914190,0.0094999999999799,0
914220,0.0065000000000054,0
914250,0.0079999999999472,0
914280,0.0054999999999381,0
914310,0.0090000000000145,0
914340,0.0064999999999599,0
914370,0.0079999999999472,0
914400,0.0085000000000036,0
914430,0.0080000000000381,0
914460,0.0069999999999254,0
914490,0.008999999999969,0
914520,0.0059999999999945,0
914550,0.0059999999999945,0
914580,0.0079999999999927,0
914610,0.0095000000000254,0
914640,0.0075000000000272,0
914670,0.0084999999999581,0
914700,0.0054999999999381,0
914730,0.0085000000000491,0
914760,0.0059999999999945,0
914790,0.0074999999999818,0
914820,0.0065000000000509,0
914850,0.0099999999999909,0
914880,0.0050000000000181,0
914910,0.0100000000000363,0
914940,0.0065000000000509,0
914970,0.0070000000000163,0
915000,0.0075000000000272,0
915030,0.0094999999999799,0
915060,0.0065000000000509,0
915090,0.0070000000000163,0
915120,0.0070000000000163,0
915150,0.0085000000000945,0
915180,0.0069999999999708,0
915210,0.0089999999999236,0
915240,0.0069999999999708,0
915270,0.0070000000000163,0
915300,0.0080000000000381,0
915330,0.0090000000000145,0
915360,0.0069999999999708,0
915390,0.0080000000000381,0
915420,0.0065000000000054,0
915450,0.0070000000000618,0
915480,0.0074999999999818,0
915510,0.0099999999999454,0
915540,0.00600000000004,0
915570,0.0079999999999472,0
915600,0.0084999999999581,0
915630,0.0090000000000145,0
915660,0.0064999999999145,0
915690,0.0079999999999472,0
915720,0.0085000000000945,0
915750,0.0085000000000036,0
915780,0.0079999999999472,0
915810,0.0099999999999909,0
915840,0.0079999999999927,0
915870,0.0074999999999818,0
915900,0.0079999999999472,0
915930,0.0079999999999927,0
915960,0.0060000000000854,0
915990,0.0085000000000491,0
916020,0.0085000000000036,0
916050,0.0065000000000054,0
916080,0.0049999999999727,0
916110,0.008999999999969,0
916140,0.0074999999999818,0
916170,0.0079999999999927,0
916200,0.0045000000000072,0
916230,0.0045000000000072,0
916260,0.0070000000000618,0
916290,0.0050000000000181,0
916320,0.005999999999949,0
916350,0.0040000000000418,0
916380,0.0060000000000854,0
916410,0.0149999999999636,0
916440,0.0055000000000291,0
916470,0.0065000000000054,0
916500,0.0049999999999727,0
916530,0.0094999999999345,0
916560,0.0040000000000418,0
916590,0.0065000000000964,0
916620,0.0055000000000291,0
916650,0.0054999999999381,0
916680,0.0054999999999836,0
916710,0.0079999999999472,0
916740,0.0065000000000509,0
916770,0.0055000000000291,0
916800,0.0059999999999945,0
916830,0.0065000000000509,0
916860,0.0055000000000291,0
916890,0.00600000000004,0
916920,0.0064999999999599,0
916950,0.0079999999999927,0
916980,0.0050000000000181,0
917010,0.0069999999999254,0
917040,0.0059999999999945,0
917070,0.027500000000009,0
917100,0.0134999999999763,0
917130,0.011999999999989,0
917160,0.0145000000000436,0
917190,0.008999999999969,0
917220,0.0059999999999945,0
917250,0.0200000000000727,0
917280,0.0049999999999727,0
917310,0.0074999999999818,0
917340,0.0079999999999472,0
917370,0.0055000000000291,0
917400,0.0065000000000509,0
917430,0.0060000000000854,0
917460,0.0065000000000054,0
917490,0.0075000000000727,0
917520,0.0050000000000181,0
917550,0.008999999999969,0
917580,0.0059999999999945,0
917610,0.0055000000000291,0
917640,0.0055000000000291,0
917670,0.0049999999999727,0
917700,0.00600000000004,0
917730,0.0099999999999909,0
917760,0.0039999999999963,0
917790,0.0049999999999727,0
917820,0.00600000000004,0
917850,0.0065000000000054,0
917880,0.005999999999949,0
917910,0.0050000000000181,0
917940,0.0050000000000181,0
917970,0.0065000000000964,0
918000,0.0045000000000072,0
918030,0.005999999999949,0
918060,0.0059999999999945,0
918090,0.0049999999999727,0
918120,0.0049999999999727,0
918150,0.0045000000000072,0
918180,0.0045000000000072,0
918210,0.0079999999999927,0
918240,0.0045000000000072,0
918270,0.0070000000000618,0
918300,0.0039999999999963,0
918330,0.0074999999999363,0
918360,0.0050000000000636,0
918390,0.0075000000000727,0
918420,0.0064999999999599,0
918450,0.0079999999999927,0
918480,0.0054999999999836,0
918510,0.0039999999999508,0
918540,0.0074999999999818,0
918570,0.0049999999999727,0
918600,0.0059999999999945,0
918630,0.0085000000000036,0
918660,0.0065000000000054,0
918690,0.0059999999999945,0
918720,0.0050000000000181,0
918750,0.0079999999999927,0
918780,0.0054999999999836,0
918810,0.0075000000000272,0
918840,0.0055000000000291,0
918870,0.0070000000000163,0
918900,0.005999999999949,0
918930,0.0085000000000491,0
918960,0.0270000000000436,0
918990,0.0034999999999399,0
919020,0.0044999999999618,0
919050,0.0044999999999618,0
919080,0.00300000000002,0
919110,0.0055000000000291,0
919140,0.0050000000000636,0
919170,0.0074999999999818,0
919200,0.0070000000000618,0
919230,0.0064999999999599,0
919260,0.0050000000000636,0
919290,0.0049999999999727,0
919320,0.0049999999999272,0
919350,0.0055000000000745,0
919380,0.0055000000000745,0
919410,0.0269999999999527,0
919440,0.0059999999999945,0
919470,0.0075000000000272,0
919500,0.0034999999999854,0
919530,0.0095000000000254,0
919560,0.0044999999999618,0
919590,0.0045000000000527,0
919620,0.0065000000000054,0
919650,0.0054999999999381,0
919680,0.0069999999999708,0
919710,0.0074999999999818,0
919740,0.0054999999999836,0
919770,0.0059999999999945,0
919800,0.0055000000000291,0
919830,0.0050000000000181,0
919860,0.0054999999999836,0
919890,0.0065000000000054,0
919920,0.00300000000002,0
919950,0.0049999999999727,0
919980,0.0045000000000072,0
920010,0.0090000000000145,0
920040,0.0029999999999745,0
920070,0.0050000000000181,0
920100,0.0054999999999836,0
920130,0.0064999999999599,0
920160,0.0054999999999836,0
920190,0.0049999999999727,0
920220,0.0110000000000582,0
920250,0.0144999999999527,0
920280,0.0170000000000072,0
920310,0.0075000000000272,0
920340,0.0049999999999727,0
920370,0.0055000000000291,0
920400,0.0055000000000745,0
920430,0.0075000000000272,0
920460,0.0070000000000618,0
920490,0.006499999999869,0
920520,0.0055000000000745,0
920550,0.0065000000000054,0
920580,0.0050000000000181,0
920610,0.0050000000000636,0
920640,0.0039999999999963,0
920670,0.0055000000000291,0
920700,0.0074999999999818,0
920730,0.0059999999999945,0
920760,0.0055000000000745,0
920790,0.0064999999999145,0
920820,0.00600000000004,0
920850,0.0065000000000054,0
920880,0.0055000000000291,0
920910,0.0109999999999672,0
920940,0.00600000000004,0
920970,0.0079999999999472,0
921000,0.0065000000000964,0
921030,0.0069999999999708,0
921060,0.0075000000000727,0
921090,0.0079999999999927,0
921120,0.0054999999999836,0
921150,0.0089999999998781,0
921180,0.0044999999999618,0
921210,0.0100000000000818,0
921240,0.0054999999999836,0
921270,0.0074999999998908,0
921300,0.0070000000000163,0
921330,0.0074999999999818,0
921360,0.00600000000004,0
921390,0.0079999999999472,0
921420,0.0054999999999836,0
921450,0.0094999999999799,0
921480,0.0070000000000163,0
921510,0.0074999999999818,0
921540,0.0064999999999599,0
921570,0.0079999999999472,0
921600,0.0059999999999945,0
921630,0.0099999999998999,0
921660,0.0074999999999818,0
921690,0.0085000000000036,0
921720,0.0065000000000054,0
921750,0.008999999999969,0
921780,0.0090000000000145,0
921810,0.0075000000000272,0
921840,0.0079999999999927,0
921870,0.0074999999999818,0
921900,0.0064999999999145,0
921930,0.0079999999999927,0
921960,0.0080000000000381,0
921990,0.0079999999999472,0
922020,0.0069999999999708,0
922050,0.00900000000006,0
922080,0.0055000000000291,0
922110,0.0079999999999927,0
922140,0.0059999999999945,0
922170,0.00900000000006,0
922200,0.0055000000000291,0
922230,0.0125,0
922260,0.0080000000000381,0
922290,0.0104999999999563,0
922320,0.0054999999999836,0
922350,0.008999999999969,0
922380,0.0060000000000854,0
922410,0.0079999999999927,0
922440,0.0069999999999708,0
922470,0.0079999999999927,0
922500,0.0090000000001055,0
922530,0.0084999999999581,0
922560,0.0080000000000836,0
922590,0.0059999999999945,0
922620,0.0059999999999945,0
922650,0.0065000000000054,0
922680,0.0089999999999236,0
922710,0.0094999999999799,0
922740,0.0055000000000291,0
922770,0.0080000000000381,0
922800,0.0074999999999818,0
922830,0.0090000000000145,0
922860,0.0055000000000291,0
922890,0.0064999999999599,0
922920,0.0065000000000054,0
922950,0.0084999999999581,0
922980,0.0065000000000509,0
923010,0.0065000000000054,0
923040,0.0069999999999708,0
923070,0.0064999999999145,0
923100,0.0075000000000727,0
923130,0.0099999999999454,0
923160,0.0095000000000709,0
923190,0.0090000000000145,0
923220,0.0065000000000509,0
923250,0.0105000000000018,0
923280,0.0074999999999818,0
923310,0.0099999999999909,0
923340,0.0074999999999363,0
923370,0.00600000000004,0
923400,0.0069999999999708,0
923430,0.008999999999969,0
923460,0.0085000000000036,0
923490,0.0065000000000964,0
923520,0.0064999999999599,0
923550,0.008999999999969,0
923580,0.0085000000000036,0
923610,0.0085000000000036,0
923640,0.0079999999999472,0
923670,0.0085000000000036,0
923700,0.005999999999949,0
923730,0.0079999999999927,0
923760,0.0070000000000618,0
923790,0.0080000000000381,0
923820,0.0049999999999727,0
923850,0.0090000000000145,0
923880,0.0049999999999272,0
923910,0.0080000000000836,0
923940,0.0064999999999599,0
923970,0.0085000000000036,0
924000,0.0069999999999708,0
924030,0.0180000000000291,0
924060,0.0054999999999381,0
924090,0.0064999999999599,0
924120,0.0075000000000272,0
924150,0.0065000000000054,0
924180,0.0065000000000509,0
924210,0.0084999999999581,0
924240,0.0080000000000381,0
924270,0.0074999999999818,0
924300,0.0059999999999945,0
924330,0.0099999999999454,0
924360,0.0070000000000163,0
924390,0.0059999999999945,0
924420,0.0080000000000381,0
924450,0.0104999999999108,0
924480,0.0090000000000145,0
924510,0.0100000000000363,0
924540,0.0070000000000163,0
924570,0.0080000000000381,0
924600,0.0070000000000163,0
924630,0.0090000000000145,0
924660,0.0069999999999708,0
924690,0.0075000000000727,0
924720,0.0070000000000163,0
924750,0.0079999999999927,0
924780,0.0070000000000163,0
924810,0.0070000000000163,0
924840,0.0074999999999818,0
924870,0.0065000000000054,0
924900,0.0065000000000509,0
924930,0.0105000000000018,0
924960,0.0074999999999363,0
924990,0.0089999999998781,0
925020,0.0050000000000181,0
925050,0.0080000000000836,0
925080,0.0055000000000745,0
925110,0.0080000000000836,0
925140,0.0079999999999017,0
925170,0.0085000000000945,0
925200,0.0059999999999945,0
925230,0.0079999999999017,0
925260,0.00600000000004,0
925290,0.0055000000000291,0
925320,0.0059999999999945,0
925350,0.0059999999999945,0
925380,0.0045000000000072,0
925410,0.00600000000004,0
925440,0.0054999999999836,0
925470,0.0069999999999254,0
925500,0.0065000000000509,0
925530,0.0085000000000036,0
925560,0.0064999999999599,0
925590,0.0085000000000491,0
925620,0.0070000000000163,0
925650,0.0075000000000272,0
925680,0.0055000000000745,0
925710,0.0090000000000145,0
925740,0.0085000000000036,0
925770,0.0045000000000072,0
925800,0.0050000000000181,0
925830,0.0100000000000363,0
925860,0.0069999999999708,0
925890,0.0050000000000181,0
925920,0.0039999999999963,0
925950,0.0065000000000964,0
925980,0.0059999999999035,0
926010,0.0050000000000181,0
926040,0.0055000000000291,0
926070,0.0070000000000618,0
926100,0.0059999999999945,0
926130,0.0064999999999599,0
926160,0.0034999999999854,0
926190,0.0064999999999599,0
926220,0.0054999999999836,0
926250,0.0099999999999909,0
926280,0.0034999999999854,0
926310,0.0075000000000272,0
926340,0.0075000000000727,0
926370,0.0074999999999818,0
926400,0.0029999999999745,0
926430,0.0080000000000381,0
926460,0.0055000000000291,0
926490,0.0050000000000181,0
926520,0.0059999999999945,0
926550,0.0069999999999254,0
926580,0.0049999999999727,0
926610,0.0059999999999945,0
926640,0.0065000000000054,0
926670,0.005999999999949,0
926700,0.0060000000000854,0
926730,0.0110000000001036,0
926760,0.0070000000000163,0
926790,0.0069999999999708,0
926820,0.0045000000000072,0
926850,0.0049999999999727,0
926880,0.0039999999999508,0
926910,0.0054999999999381,0
926940,0.0029999999999745,0
926970,0.0055000000000291,0
927000,0.0065000000000964,0
927030,0.0064999999999599,0
927060,0.0049999999999727,0
927090,0.0079999999999472,0
927120,0.0054999999999836,0
927150,0.0050000000000181,0
927180,0.00300000000002,0
927210,0.0085000000000036,0
927240,0.0045000000000072,0
927270,0.0070000000000618,0
927300,0.0045000000000527,0
927330,0.0054999999999381,0
927360,0.0050000000000181,0
927390,0.0074999999999818,0
927420,0.0049999999999272,0
927450,0.0060000000000854,0
927480,0.0054999999999836,0
927510,0.0070000000000618,0
927540,0.0064999999999145,0
927570,0.0059999999999945,0
927600,0.0055000000000745,0
927630,0.0104999999999563,0
927660,0.0079999999999927,0
927690,0.0074999999999818,0
927720,0.0050000000000181,0
927750,0.0090000000000145,0
927780,0.0045000000000072,0
927810,0.0044999999999618,0
927840,0.005999999999949,0
927870,0.0040000000000418,0
927900,0.0050000000000181,0
927930,0.0049999999999727,0
927960,0.0044999999999618,0
927990,0.0050000000000181,0
928020,0.0045000000000527,0
928050,0.0050000000000181,0
928080,0.0029999999999745,0
928110,0.0049999999999727,0
928140,0.0059999999999945,0
928170,0.0050000000000181,0
928200,0.0064999999999599,0
928230,0.0040000000000418,0
928260,0.0034999999999399,0
928290,0.0064999999999599,0
928320,0.0044999999999618,0
928350,0.0060000000000854,0
928380,0.0055000000000291,0
928410,0.008999999999969,0
928440,0.0044999999999618,0
928470,0.0064999999999145,0
928500,0.0054999999999836,0
928530,0.0100000000000363,0
928560,0.0070000000000618,0
928590,0.0045000000000072,0
928620,0.0045000000000072,0
928650,0.0059999999999035,0
928680,0.0039999999999508,0
928710,0.0065000000000964,0
928740,0.0039999999999963,0
928770,0.006499999999869,0
928800,0.0040000000000418,0
928830,0.0054999999999836,0
928860,0.0020000000000436,0
928890,0.0050000000000181,0
928920,0.0034999999999854,0
928950,0.0055000000000291,0
928980,0.0034999999999399,0
929010,0.0080000000000381,0
929040,0.0039999999999963,0
929070,0.0045000000000527,0
929100,0.0040000000000418,0
929130,0.0064999999999145,0
929160,0.0040000000000418,0
929190,0.0040000000000418,0
929220,0.0039999999999963,0
929250,0.0045000000000527,0
929280,0.0024999999999636,0
929310,0.00900000000006,0
929340,0.0035000000000309,0
929370,0.0045000000000072,0
929400,0.0045000000000527,0
929430,0.0050000000000181,0
929460,0.0039999999999508,0
929490,0.0055000000000291,0
929520,0.0045000000000072,0
929550,0.0045000000000072,0
929580,0.0055000000000291,0
929610,0.0094999999999799,0
929640,0.0040000000000873,0
929670,0.0069999999999708,0
929700,0.0039999999999508,0
929730,0.0050000000000181,0
929760,0.0034999999999854,0
929790,0.0045000000000527,0
929820,0.0044999999999618,0
929850,0.0065000000000509,0
929880,0.0055000000000291,0
929910,0.0040000000000418,0
929940,0.0029999999999745,0
929970,0.0074999999999818,0
930000,0.0044999999999618,0
930030,0.0074999999999818,0
930060,0.0045000000000072,0
930090,0.0079999999999927,0
930120,0.0054999999999836,0
930150,0.0065000000000054,0
930180,0.0054999999999381,0
930210,0.0070000000000163,0
930240,0.0060000000000854,0
930270,0.0074999999999363,0
930300,0.0055000000000291,0
930330,0.0105000000000472,0
930360,0.0059999999999945,0
930390,0.0064999999999145,0
930420,0.00550000000012,0
930450,0.0075000000000272,0
930480,0.0035000000000309,0
930510,0.0099999999999909,0
930540,0.0065000000000054,0
930570,0.0059999999999945,0
930600,0.0080000000000381,0
930630,0.0064999999999145,0
930660,0.0080000000000836,0
930690,0.0075000000000272,0
930720,0.0054999999999836,0
930750,0.0070000000000163,0
930780,0.0054999999999381,0
930810,0.0075000000000272,0
930840,0.0035000000000309,0
930870,0.0075000000000272,0
930900,0.0070000000000163,0
930930,0.0074999999999818,0
930960,0.0080000000000381,0
930990,0.0074999999999818,0
931020,0.005999999999949,0
931050,0.0075000000000272,0
931080,0.0059999999999945,0
931110,0.0080000000000381,0
931140,0.005999999999949,0
931170,0.0069999999999708,0
931200,0.0049999999999727,0
931230,0.0105000000000927,0
931260,0.0064999999998235,0
931290,0.0080000000000381,0
931320,0.0055000000000291,0
931350,0.0064999999999145,0
931380,0.0054999999999381,0
931410,0.0065000000000054,0
931440,0.0055000000000291,0
931470,0.0054999999999836,0
931500,0.0059999999998581,0
931530,0.0065000000000509,0
931560,0.0075000000000272,0
931590,0.0059999999999945,0
931620,0.00600000000004,0
931650,0.0075000000000272,0
931680,0.0050000000000181,0
931710,0.0069999999999708,0
931740,0.0049999999999727,0
931770,0.0070000000000163,0
931800,0.0054999999999381,0
931830,0.0075000000000727,0
931860,0.0059999999999945,0
931890,0.0075000000000727,0
931920,0.0039999999999963,0
931950,0.0085000000000945,0
931980,0.0045000000000527,0
932010,0.0099999999998999,0
932040,0.0055000000000745,0
932070,0.0070000000000618,0
932100,0.0064999999999599,0
932130,0.0099999999998999,0
932160,0.0069999999999708,0
932190,0.0070000000000163,0
932220,0.0080000000000836,0
932250,0.0079999999999017,0
932280,0.0075000000000272,0
932310,0.0065000000000054,0
932340,0.0049999999999272,0
932370,0.00600000000004,0
932400,0.0045000000000072,0
932430,0.0069999999999708,0
932460,0.0065000000000054,0
932490,0.0070000000000163,0
932520,0.0045000000000072,0
932550,0.0069999999999254,0
932580,0.0069999999999708,0
932610,0.0084999999999581,0
932640,0.0054999999999836,0
932670,0.0055000000000745,0
932700,0.0050000000000181,0
932730,0.0070000000000163,0
932760,0.0069999999999708,0
932790,0.0064999999999599,0
932820,0.0075000000000272,0
932850,0.0065000000000054,0
932880,0.0049999999999727,0
932910,0.0080000000000836,0
932940,0.0059999999999945,0
932970,0.0074999999999818,0
933000,0.0049999999999727,0
933030,0.00900000000006,0
933060,0.0065000000000054,0
933090,0.0085000000000036,0
933120,0.0050000000000636,0
933150,0.0059999999999945,0
933180,0.0050000000000181,0
933210,0.0095000000000254,0
933240,0.0035000000000309,0
933270,0.0069999999999254,0
933300,0.0039999999999963,0
933330,0.005999999999949,0
933360,0.0040000000000418,0
933390,0.0044999999999618,0
933420,0.0045000000000072,0
933450,0.005999999999949,0
933480,0.0064999999999145,0
933510,0.0070000000000163,0
933540,0.0044999999999163,0
933570,0.0065000000000509,0
933600,0.005999999999949,0
933630,0.0050000000000636,0
933660,0.0059999999999945,0
933690,0.0059999999999945,0
933720,0.0055000000000291,0
933750,0.00600000000004,0
933780,0.0055000000000291,0
933810,0.005999999999949,0
933840,0.0050000000000181,0
933870,0.0044999999999618,0
933900,0.0055000000000745,0
933930,0.0094999999999799,0
933960,0.0040000000000418,0
933990,0.0055000000000291,0
934020,0.0054999999999836,0
934050,0.0054999999999381,0
934080,0.0050000000000181,0
934110,0.0074999999998908,0
934140,0.0055000000000291,0
934170,0.0070000000000618,0
934200,0.0054999999999836,0
934230,0.0039999999999963,0
934260,0.0039999999999963,0
934290,0.0065000000000509,0
934320,0.0034999999999854,0
934350,0.0044999999999618,0
934380,0.0039999999999508,0
934410,0.00600000000004,0
934440,0.0039999999999963,0
934470,0.0039999999999963,0
934500,0.00300000000002,0
934530,0.0039999999999508,0
934560,0.00600000000004,0
934590,0.0050000000000181,0
934620,0.0050000000000181,0
934650,0.0039999999999963,0
934680,0.0059999999999945,0
934710,0.14050000000002,0
934740,0.0050000000000181,0
934770,0.0055000000000291,0
934800,0.0044999999999618,0
934830,0.0104999999999108,0
934860,0.0055000000000291,0
934890,0.0050000000000181,0
934920,0.0039999999998599,0
934950,0.0039999999999963,0
934980,0.0025000000000545,0
935010,0.0074999999999818,0
935040,0.0059999999999945,0
935070,0.0019999999999981,0
935100,0.0035000000000763,0
935130,0.002500000000009,0
935160,0.0034999999999399,0
935190,0.0045000000000072,0
935220,0.0045000000000072,0
935250,0.0024999999999636,0
935280,0.0045000000000527,0
935310,0.0060000000001309,0
935340,0.002999999999929,0
935370,0.0055000000000291,0
935400,0.0045000000000982,0
935430,0.0064999999999145,0
935460,0.0050000000000636,0
935490,0.0044999999999163,0
935520,0.0049999999999727,0
935550,0.0065000000000054,0
935580,0.0049999999999727,0
935610,0.0070000000000163,0
935640,0.0050000000000181,0
935670,0.0035000000000309,0
935700,0.0049999999999727,0
935730,0.0065000000000509,0
935760,0.0050000000001091,0
935790,0.0034999999999399,0
935820,0.0044999999999618,0
935850,0.0045000000000527,0
935880,0.0065000000000509,0
935910,0.0050000000000181,0
935940,0.00300000000002,0
935970,0.0034999999999854,0
936000,0.0045000000000072,0
936030,0.0044999999999618,0
936060,0.0050000000000636,0
936090,0.0035000000000309,0
936120,0.0034999999999399,0
936150,0.0040000000000418,0
936180,0.0034999999999399,0
936210,0.0050000000000181,0
936240,0.0050000000000181,0
936270,0.0039999999999963,0
936300,0.0039999999999963,0
936330,0.0045000000000072,0
936360,0.0039999999999508,0
936390,0.0054999999999836,0
936420,0.0030000000000654,0
936450,0.0035000000000309,0
936480,0.0040000000000418,0
936510,0.0049999999999727,0
936540,0.0040000000000418,0
936570,0.0050000000000636,0
936600,0.0029999999999745,0
936630,0.008999999999969,0
936660,0.002500000000009,0
936690,0.0045000000000982,0
936720,0.0034999999999854,0
936750,0.0029999999999745,0
936780,0.0044999999999618,0
936810,0.0034999999999854,0
936840,0.0050000000000181,0
936870,0.0059999999999945,0
936900,0.0035000000000309,0
936930,0.0049999999999272,0
936960,0.0050000000000181,0
936990,0.0975000000000363,0
937020,0.0059999999999945,0
937050,0.0084999999999126,0
937080,0.0065000000000054,0
937110,0.0034999999999854,0
937140,0.0040000000000873,0
937170,0.002999999999929,0
937200,0.0045000000000072,0
937230,0.0060000000000854,0
937260,0.0034999999999854,0
937290,0.0045000000000527,0
937320,0.0045000000000072,0
937350,0.002500000000009,0
937380,0.0034999999999854,0
937410,0.0034999999999399,0
937440,0.0045000000000527,0
937470,0.0035000000000309,0
937500,0.0024999999999181,0
937530,0.0085000000000491,0
937560,0.0040000000000873,0
937590,0.00300000000002,0
937620,0.0039999999999963,0
937650,0.0065000000000509,0
937680,0.00300000000002,0
937710,0.0040000000000418,0
937740,0.0044999999999618,0
937770,0.0044999999999618,0
937800,0.0034999999999854,0
937830,0.0035000000000309,0
937860,0.0034999999998944,0
937890,0.0039999999999963,0
937920,0.0034999999999854,0
937950,0.0055000000000291,0
937980,0.0035000000000763,0
938010,0.0069999999999254,0
938040,0.0045000000000072,0
938070,0.0054999999999836,0
938100,0.0035000000000309,0
938130,0.0050000000000181,0
938160,0.0029999999999745,0
938190,0.0055000000000291,0
938220,0.0039999999999963,0
938250,0.0049999999999272,0
938280,0.0040000000000418,0
938310,0.0040000000000873,0
938340,0.0029999999999745,0
938370,0.0049999999999272,0
938400,0.0050000000000636,0
938430,0.0070000000000618,0
938460,0.0034999999999854,0
938490,0.0045000000000072,0
938520,0.0065000000000054,0
938550,0.005999999999949,0
938580,0.0049999999999272,0
938610,0.0070000000000163,0
938640,0.00550000000012,0
938670,0.0034999999999854,0
938700,0.0064999999999599,0
938730,0.0070000000000163,0
938760,0.005999999999949,0
938790,0.0055000000000745,0
938820,0.0034999999999854,0
938850,0.0055000000000291,0
938880,0.0035000000000309,0
938910,0.005999999999949,0
938940,0.0050000000000636,0
938970,0.0055000000000291,0
939000,0.0039999999999508,0
939030,0.55949999999998,0
939060,0.183999999999969,0
939090,0.2105000000000018,0
939120,0.2325000000000273,0
939150,0.1894999999999981,0
939180,0.1895000000000436,0
939210,0.2164999999999963,0
939240,0.2395000000000891,0
939270,0.2094999999999799,0
939300,0.578999999999951,0
939330,0.2394999999999072,0
939360,0.0129999999999654,0
939390,0.01550000000002,0
939420,0.0144999999999527,0
939450,0.5955000000000382,0
939480,0.1854999999999563,0
939510,0.0174999999999272,0
939540,0.0835000000000491,0
939570,0.0549999999999727,0
939600,0.0510000000000218,0
939630,0.0660000000000309,0
939660,0.0809999999999945,0
939690,0.0685068506851085,0
939720,0.1045000000000527,0
939750,0.0689999999999599,0
939780,0.0834999999999581,0
939810,0.06550000000002,0
939840,0.3139999999999873,0
939870,0.2324999999999817,0
939900,0.03400000000006,0
939930,0.3044999999999163,0
939960,0.2100000000000818,0
939990,0.0384999999999763,0
940020,0.5870000000000801,0
940050,0.0210000000000491,0
940080,0.3644999999999982,0
940110,0.1124999999999545,0
940140,0.16850000000004,0
940170,0.3954999999999473,0
940200,0.0135000000000673,0
940230,0.0495000000000345,0
940260,0.1279999999998836,0
940290,0.2559999999999945,0
940320,0.0320000000000163,0
940350,0.0159999999999399,0
940380,0.0160000000001218,0
940410,0.0160000000000764,0
940440,0.0150000000000545,0
940470,0.0709999999999126,0
940500,0.1059999999999945,0
940530,0.211999999999989,0
940560,0.1180000000000291,0
940590,0.0179999999999381,0
940620,0.0205000000000381,0
940650,0.2469999999999345,0
940680,0.0534999999999854,0
940710,0.0269999999999072,0
940740,0.025,0
940770,0.0289999999999508,0
940800,0.20600000000004,0
940830,0.0349999999999909,0
940860,0.0204999999999472,0
940890,0.0215000000000145,0
940920,0.0120000000000345,0
940950,0.0190000000000054,0
940980,0.0125000000000454,0
941010,0.1884999999999763,0
941040,0.1445000000000163,0
941070,0.0130000000000109,0
941100,0.0160000000000309,0
941130,0.0160000000000309,0
941160,0.0144999999999981,0
941190,0.2424999999999272,0
941220,0.1984999999999672,0
941250,0.0284999999999399,0
941280,0.0884999999999763,0
941310,0.0289999999999963,0
941340,0.0109999999999217,0
941370,0.0080000000000381,0
941400,0.0065000000000509,0
941430,0.0194999999999708,0
941460,0.0800000000000636,0
941490,0.031499999999869,0
941520,0.0100000000000363,0
941550,0.0065000000000054,0
941580,0.0080000000000381,0
941610,0.2089999999999691,0
941640,0.2474999999999909,0
941670,0.0224999999998999,0
941700,0.2965000000000146,0
941730,0.1255000000000564,0
941760,0.1295000000000072,0
941790,0.1259999999999309,0
941820,0.0144999999999981,0
941850,0.0115000000000236,0
941880,0.0100000000000363,0
941910,0.0100000000000363,0
941940,0.0130000000000109,0
941970,0.2400000000000091,0
942000,0.075,0
942030,0.0144999999999981,0
942060,0.22549999999992,0
942090,0.0410000000000309,0
942120,0.0145000000000891,0
942150,0.0164999999998599,0
942180,0.2269999999999527,0
942210,0.0370000000000345,0
942240,0.021999999999889,0
942270,0.2665000000000418,0
942300,0.0945000000000163,0
942330,0.3589999999999691,0
942360,0.1300000000000181,0
942390,0.5945000000000165,0
942420,0.2359999999999673,0
942450,0.3400000000001,0
942480,0.2419999999999618,0
942510,0.1440000000001419,0
942540,0.0199999999999363,0
942570,0.0130000000000563,0
942600,0.058999999999969,0
942630,0.1320000000000618,0
942660,0.0394999999999527,0
942690,0.0090000000001055,0
942720,0.1179999999999836,0
942750,0.1200000000000273,0
942780,0.08100000000004,0
942810,0.0094999999999799,0
942840,0.0084999999999581,0
942870,0.0160000000000309,0
942900,0.0210000000000036,0
942930,0.0124999999999999,0
942960,0.0415000000000873,0
942990,0.2190000000000055,0
943020,0.1129999999999654,0
943050,0.0074999999999818,0
943080,0.1275000000000091,0
943110,0.10949999999998,0
943140,0.1730000000000018,0
943170,0.171999999999889,0
943200,0.0384999999999763,0
943230,0.0069999999999708,0
943260,0.0179999999999836,0
943290,0.1780000000000655,0
943320,0.1750000000000909,0
943350,0.0244999999998981,0
943380,0.2420000000000527,0
943410,0.1355000000000018,0
943440,0.2240000000000236,0
943470,0.1415000000000418,0
943500,0.0364999999999781,0
943530,0.240499999999929,0
943560,0.1210000000000945,0
943590,0.2135000000000673,0
943620,0.1225000000000818,0
943650,0.1100000000001273,0
943680,0.0249999999999545,0
943710,0.0130000000000563,0
943740,0.1725000000000363,0
943770,0.0249999999999545,0
943800,0.0175000000000636,0
943830,0.2295000000000072,0
943860,0.1290000000000873,0
943890,0.2224999999999909,0
943920,0.1515000000000782,0
943950,0.0734999999999672,0
943980,0.24699999999998,0
944010,0.1399999999999636,0
944040,0.2539999999999963,0
944070,0.0499999999999545,0
944100,0.2155000000000654,0
944130,0.2144999999999982,0
944160,0.0759999999999308,0
944190,0.1784999999999855,0
944220,0.0790000000000418,0
944250,0.0485000000000127,0
944280,0.1980000000000928,0
944310,0.1119999999999436,0
944340,0.2395000000000436,0
944370,0.1369999999998526,0
944400,0.2515000000000327,0
944430,0.1575000000000272,0
944460,0.19099999999994,0
944490,0.1164999999999508,0
944520,0.2159999999999854,0
944550,0.1400000000000545,0
944580,0.0389999999999872,0
944610,0.1414999999999509,0
944640,0.0649999999999636,0
944670,0.0149999999999636,0
944700,0.0065000000000054,0
944730,0.0114999999999781,0
944760,0.2849999999999454,0
944790,0.0809999999999945,0
944820,0.0164999999999963,0
944850,0.2325000000000727,0
944880,0.1334999999999127,0
944910,0.0295000000000072,0
944940,0.0335000000000036,0
944970,0.2405000000000199,0
945000,0.1269999999999982,0
945030,0.0585000000000036,0
945060,0.2179999999999381,0
945090,0.0804999999999836,0
945120,0.1759999999999308,0
945150,0.2909999999999854,0
945180,0.2390000000000782,0
945210,0.0524999999999636,0
945240,0.2530000000000655,0
945270,0.1745000000000345,0
945300,0.0324999999999363,0
945330,0.0520000000000436,0
945360,0.1385000000000673,0
945390,0.0334999999999127,0
945420,0.0615000000000236,0
945450,0.0335000000000036,0
945480,0.2170000000000982,0
945510,0.20300000000002,0
945540,0.1244999999998981,0
945570,0.2760000000000218,0
945600,0.0849999999998999,0
945630,0.2814999999999145,0
945660,0.1825000000000273,0
945690,0.0490000000000691,0
945720,0.2964999999999691,0
945750,0.0724999999999909,0
945780,0.1900000000000545,0
945810,0.065499999999929,0
945840,0.2130000000000109,0
945870,0.0599999999999909,0
945900,0.2494999999998526,0
945930,0.1640000000000327,0
945960,0.0694999999999254,0
945990,0.2764999999999873,0
946020,0.0894999999999981,0
946050,0.2865000000000236,0
946080,0.1880000000000564,0
946110,0.1225000000000363,0
946140,0.03700000000008,0
946170,0.0554999999999836,0
946200,0.2110000000000127,0
946230,0.0404999999999745,0
946260,0.0225000000000363,0
946290,0.1174999999999727,0
946320,0.15649999999996,0
946350,0.1345000000000254,0
946380,0.0084999999999581,0
946410,0.011999999999989,0
946440,0.0980000000000927,0
946470,0.1700000000001637,0
946500,0.1170000000000072,0
946530,0.0315000000000054,0
946560,0.1225000000000363,0
946590,0.0219999999999799,0
946620,0.2329999999999927,0
946650,0.1115000000000236,0
946680,0.0184999999999035,0
946710,0.0064999999999599,0
946740,0.2324999999999818,0
946770,0.1414999999999963,0
946800,0.0165000000000418,0
946830,0.0059999999999945,0
946860,0.1859999999999217,0
946890,0.1805000000000291,0
946920,0.0344999999999799,0
946950,0.0140000000000327,0
946980,0.027500000000009,0
947010,0.2365000000000236,0
947040,0.1375,0
947070,0.0174999999999727,0
947100,0.0084999999999581,0
947130,0.0190000000000509,0
947160,0.2339999999999691,0
947190,0.1464999999999236,0
947220,0.0190000000000054,0
947250,0.04050000000002,0
947280,0.1734999999999218,0
947310,0.3929999999999836,0
947340,0.0129999999999199,0
947370,0.162499999999909,0
947400,0.2650000000000546,0
947430,0.1130000000000109,0
947460,0.0215000000001055,0
947490,0.0075000000000272,0
947520,0.2464999999999691,0
947550,0.1264999999999873,0
947580,0.0220000000000709,0
947610,0.0120000000000345,0
947640,0.1329999999999927,0
947670,0.1129999999999199,0
947700,0.0059999999999945,0
947730,0.0069999999999254,0
947760,0.0099999999999454,0
947790,0.1699999999999363,0
947820,0.1200000000000272,0
947850,0.3859999999999672,0
947880,0.1225000000000363,0
947910,0.59099999999994,0
947940,0.2425000000000182,0
947970,0.11550000000002,0
948000,0.4174999999999727,0
948030,0.2269999999999982,0
948060,0.3110000000000582,0
948090,0.2414999999999963,0
948120,0.0830000000000382,0
948150,0.2630000000000109,0
948180,0.1054999999999381,0
948210,0.5225000000000364,0
948240,0.1670000000000527,0
948270,0.3495000000000346,0
948300,0.2320000000000164,0
948330,0.0585000000000036,0
948360,0.2815000000000509,0
948390,0.0910000000000309,0
948420,0.0099999999999454,0
948450,0.2345000000001164,0
948480,0.12199999999998,0
948510,0.6554999999999837,0
948540,0.263000000000011,0
948570,0.1519999999999982,0
948600,0.0240000000000236,0
948630,0.0355000000000472,0
948660,0.2369999999999436,0
948690,0.10300000000002,0
948720,0.0245000000001255,0
948750,0.0199999999999818,0
948780,0.0164999999999963,0
948810,0.0105000000000018,0
948840,0.0304999999999381,0
948870,0.2345000000000254,0
948900,0.1194999999999709,0
948930,0.0114999999999326,0
948960,0.0154999999999745,0
948990,0.0089999999999236,0
949020,0.0975000000000363,0
949050,0.2384999999998854,0
949080,0.1130000000000109,0
949110,0.0190000000000509,0
949140,0.0215000000000145,0
949170,0.0169999999999618,0
949200,0.0164999999999963,0
949230,0.0315000000000509,0
949260,0.1570000000000618,0
949290,0.1400000000000091,0
949320,0.0320000000001073,0
949350,0.0095000000000254,0
949380,0.0099999999999454,0
949410,0.0114999999998872,0
949440,0.0084999999999581,0
949470,0.0454999999999927,0
949500,0.1285000000000764,0
949530,0.0210000000000491,0
949560,0.0235000000000582,0
949590,0.2294999999999163,0
949620,0.0780000000000654,0
949650,0.0279999999999745,0
949680,0.2279999999999291,0
949710,0.08100000000004,0
949740,0.1054999999999836,0
949770,0.1325000000000273,0
949800,0.0260000000001582,0
949830,0.2069999999999254,0
949860,0.1079999999999472,0
949890,0.0209999999999581,0
949920,0.0265000000000327,0
949950,0.0260000000000218,0
949980,0.0125,0
950010,0.0570000000001073,0
950040,0.1265000000000327,0
950070,0.0230000000000018,0
950100,0.0224999999999909,0
950130,0.0254999999999199,0
950160,0.0179999999999836,0
950190,0.0119964010797106,0
950220,0.0164999999999508,0
950250,0.0275000000000545,0
950280,0.0279999999999745,0
950310,0.0134999999999308,0
950340,0.1714999999998781,0
950370,0.1860000000000127,0
950400,0.0114999999999326,0
950430,0.0105000000000018,0
950460,0.011999999999989,0
950490,0.0120000000000345,0
950520,0.0095000000000254,0
950550,0.00600000000004,0
950580,0.0690000000000054,0
950610,0.1180000000000745,0
950640,0.0245000000000345,0
950670,0.0404999999998835,0
950700,0.0440000000000054,0
950730,0.0445000000000618,0
950760,0.0189999999999599,0
950790,0.0164999999999508,0
950820,0.0144999999999981,0
950850,0.0229999999999563,0
950880,0.2289999999999054,0
950910,0.1484999999999218,0
950940,0.0334999999999581,0
950970,0.2364999999999327,0
951000,0.1544999999999163,0
951030,0.0285000000000309,0
951060,0.2375000000000455,0
951090,0.1444999999999254,0
951120,0.0194999999999708,0
951150,0.0164999999999054,0
951180,0.01550000000002,0
951210,0.0144999999999981,0
951240,0.015000000000009,0
951270,0.0179999999999836,0
951300,0.0175000000000181,0
951330,0.0204999999999472,0
951360,0.0185000000000854,0
951390,0.0204999999999927,0
951420,0.0184999999999035,0
951450,0.0174999999999727,0
951480,0.0200000000000272,0
951510,0.0234999999999672,0
951540,0.0169999999999163,0
951570,0.0130000000000563,0
951600,0.0755000000000109,0
951630,0.1234999999999672,0
951660,0.0200000000000272,0
951690,0.0229999999999108,0
951720,0.01550000000002,0
951750,0.0140000000000327,0
951780,0.1805000000000291,0
951810,0.1959999999999581,0
951840,0.0514999999999417,0
951870,0.1289999999999963,0
951900,0.0500000000000454,0
951930,0.230999999999949,0
951960,0.080999999999949,0
951990,0.2470000000000709,0
952020,0.05900000000006,0
952050,0.0904999999999745,0
952080,0.2394999999999526,0
952110,0.1555000000000746,0
952140,0.0249999999999545,0
952170,0.0180000000000291,0
952200,0.0114999999999326,0
952230,0.0130000000000563,0
952260,0.0130000000001018,0
952290,0.0370000000000345,0
952320,0.2190000000000509,0
952350,0.1400000000000091,0
952380,0.0865000000000691,0
952410,0.1869999999999436,0
952440,0.2125,0
952470,0.0280000000000654,0
952500,0.1914999999999509,0
952530,0.1520000000000436,0
952560,0.0149999999998726,0
952590,0.1460000000000036,0
952620,0.1559999999999945,0
952650,0.018499999999949,0
952680,0.0149999999999636,0
952710,0.0119999999999436,0
952740,0.0259999999999308,0
952770,0.0099999999999909,0
952800,0.011999999999989,0
952830,0.0150000000000545,0
952860,0.0095000000000254,0
952890,0.0229999999999563,0
952920,0.0085000000000491,0
952950,0.0070000000000618,0
952980,0.0105000000000018,0
953010,0.0079999999999017,0
953040,0.0085000000000945,0
953070,0.01550000000002,0
953100,0.005999999999949,0
953130,0.0170000000000527,0
953160,0.1009999999999763,0
953190,0.1730000000000018,0
953220,0.2394999999999982,0
953250,0.0745000000000345,0
953280,0.0074999999999363,0
953310,0.2420000000000072,0
953340,0.1409999999999399,0
953370,0.0329999999999927,0
953400,0.0124999999999545,0
953430,0.0850000000000364,0
953460,0.1734999999999218,0
953490,0.06550000000002,0
953520,0.1305000000000291,0
953550,0.0260000000000673,0
953580,0.0240000000000236,0
953610,0.2394999999999982,0
953640,0.1430000000000291,0
953670,0.2464999999999691,0
953700,0.1174999999999727,0
953730,0.0560000000000854,0
953760,0.1350000000000364,0
953790,0.04050000000002,0
953820,0.0134999999999763,0
953850,0.25300000000002,0
953880,0.158999999999969,0
953910,0.0269999999999527,0
953940,0.1830000000000382,0
953970,0.0824999999999818,0
954000,0.2584999999999127,0
954030,0.0900000000000545,0
954060,0.2164999999999509,0
954090,0.0979999999999563,0
954120,0.1505000000001018,0
954150,0.1090000000000145,0
954180,0.0085000000000036,0
954210,0.0080000000000381,0
954240,0.0195000000000163,0
954270,0.1900000000001,0
954300,0.124499999999989,0
954330,0.2420000000000527,0
954360,0.15300000000002,0
954390,0.0690000000000054,0
954420,0.2295000000000072,0
954450,0.1370000000000345,0
954480,0.2399999999999636,0
954510,0.1244999999999436,0
954540,0.0219999999999799,0
954570,0.1565000000000509,0
954600,0.0814999999999599,0
954630,0.1045000000000072,0
954660,0.4215000000000146,0
954690,0.149499999999989,0
954720,0.055999999999949,0
954750,0.1099999999999454,0
954780,0.4374999999999091,0
954810,0.2235000000000127,0
954840,0.0470000000000709,0
954870,0.2359999999999672,0
954900,0.1784999999999399,0
954930,0.0810000000000855,0
954960,0.1319999999999709,0
954990,0.0669999999999617,0
955020,0.2274999999999636,0
955050,0.0950000000000272,0
955080,0.0239999999999781,0
955110,0.2384999999999763,0
955140,0.0869999999999436,0
955170,0.0155000000001109,0
955200,0.0095000000000709,0
955230,0.0139999999999417,0
955260,0.0115000000000236,0
955290,0.0150000000000545,0
955320,0.0124999999999545,0
955350,0.0109999999999217,0
955380,0.0125,0
955410,0.0965000000000145,0
955440,0.1309999999999945,0
955470,0.0184999999999945,0
955500,0.0149999999999636,0
955530,0.2269999999999981,0
955560,0.0819999999999709,0
955590,0.011999999999989,0
955620,0.0114999999999781,0
955650,0.0125,0
955680,0.2135000000000218,0
955710,0.1815000000000509,0
955740,0.0105000000000018,0
955770,0.0099999999999454,0
955800,0.0135000000000673,0
955830,0.0099999999999909,0
955860,0.0120000000000345,0
955890,0.0089999999998781,0
955920,0.0095000000000254,0
955950,0.0124999999999999,0
955980,0.0309999999999945,0
956010,0.0140000000000327,0
956040,0.2420000000000073,0
956070,0.14399999999996,0
956100,0.2519999999999981,0
956130,0.0815000000000054,0
956160,0.0654999999999745,0
956190,0.1455000000000382,0
956220,0.0605000000000018,0
956250,0.0774999999999636,0
956280,0.1405000000000654,0
956310,0.0260000000000218,0
956340,0.1245000000000345,0
956370,0.0684999999999945,0
956400,0.0115000000000691,0
956430,0.0204999999999472,0
956460,0.2549999999999727,0
956490,0.2889999999999872,0
956520,0.2299999999999727,0
956550,0.0945000000000163,0
956580,0.2270000000000436,0
956610,0.0669999999999618,0
956640,0.2670000000000527,0
956670,0.1090000000000145,0
956700,0.8005000000000564,0
956730,0.2349999999999908,0
956760,0.1,0
956790,0.3525000000000545,0
956820,0.1184999999999945,0
956850,0.3485000000000127,0
956880,0.0134999999999763,0
956910,0.2360000000000127,0
956940,0.0899999999999636,0
956970,0.1200000000000727,0
957000,0.0704999999999472,0
957030,0.1190000000000054,0
957060,0.2180000000000746,0
957090,0.5909999999999854,0
957120,0.2389999999999872,0
957150,0.0279999999999745,0
957180,0.4929999999998927,0
957210,0.2644999999998618,0
957240,0.0234999999999672,0
957270,0.0319999999999709,0
957300,0.0315000000000509,0
957330,0.3049999999999273,0
957360,0.1970000000000254,0
957390,0.2929999999999836,0
957420,0.19950000000008,0
957450,0.2079999999999472,0
957480,0.3134999999999763,0
957510,0.2385000000000218,0
957540,0.4359999999999673,0
957570,0.2225000000000364,0
957600,0.2504999999999654,0
957630,0.2400000000000091,0
957660,0.1930000000000745,0
957690,0.0169999999999163,0
957720,0.0144999999999981,0
957750,0.0124999999999545,0
957780,0.4230000000000473,0
957810,0.2304999999999836,0
957840,0.0175000000000636,0
957870,0.0485000000000127,0
957900,0.0545000000000072,0
957930,0.0549999999999727,0
957960,0.0555000000000745,0
957990,0.0630000000000109,0
958020,0.0665000000000873,0
958050,0.1204999999999927,0
958080,0.0784999999999854,0
958110,0.0860000000000127,0
958140,0.1929999999999381,0
958170,0.2059999999999945,0
958200,0.1925000000000636,0
958230,0.143499999999949,0
958260,0.2194999999999254,0
958290,0.19699999999998,0
958320,0.0324999999999363,0
958350,0.550000000000091,0
958380,0.043499999999949,0
958410,0.2590000000000145,0
958440,0.130999999999949,0
958470,0.1205000000000382,0
958500,0.6715000000000602,0
958530,0.2424999999999727,0
958560,0.3074999999999818,0
958590,0.1570000000000618,0
958620,0.1190000000000964,0
958650,0.4549999999999727,0
958680,0.1510000000000673,0
958710,0.2315000000000054,0
958740,0.0175000000000181,0
958770,0.1360000000000127,0
958800,0.2104999999999563,0
958830,0.24350000000004,0
958860,0.0199999999998908,0
958890,0.0224999999999454,0
958920,0.0210000000000945,0
958950,0.0184999999999945,0
958980,0.0174999999999727,0
959010,0.2300000000000636,0
959040,0.0909999999999854,0
959070,0.2294999999999163,0
959100,0.0549999999998817,0
959130,0.0269999999999981,0
959160,0.0210000000000036,0
959190,0.1664999999999054,0
959220,0.028499999999849,0
959250,0.0204999999999927,0
959280,0.0189999999999599,0
959310,0.1055000000000291,0
959340,0.1179999999999836,0
959370,0.0195000000000163,0
959400,0.0169999999998253,0
959430,0.03050000000012,0
959460,0.0250000000000454,0
959490,0.0279999999998835,0
959520,0.0180000000000291,0
959550,0.2359999999999218,0
959580,0.0594999999999345,0
959610,0.0210000000000491,0
959640,0.0170000000000072,0
959670,0.0184999999999945,0
959700,0.0314999999999599,0
959730,0.3370000000000346,0
959760,0.0855000000000018,0
959790,0.2350000000000819,0
959820,0.0475000000000363,0
959850,0.0069999999999254,0
959880,0.0085000000000036,0
959910,0.0079999999999927,0
959940,0.00900000000006,0
959970,0.15300000000002,0
960000,0.1224999999999909,0
960030,0.0130000000000109,0
960060,0.1275000000000091,0
960090,0.1130000000000109,0
960120,0.0110000000000582,0
960150,0.0250000000000454,0
960180,0.025,0
960210,0.1749999999999545,0
960240,0.0259999999999308,0
960270,0.0240000000000236,0
960300,0.2445000000000164,0
960330,0.14050000000002,0
960360,0.0204999999999472,0
960390,0.0284999999999854,0
960420,0.1914999999999509,0
960450,0.1170000000000072,0
960480,0.0254999999999654,0
960510,0.2335000000000491,0
960540,0.1315000000000509,0
960570,0.0110000000001036,0
960600,0.0085000000000036,0
960630,0.0094999999999799,0
960660,0.0115000000000691,0
960690,0.0105000000000018,0
960720,0.0114999999999781,0
960750,0.0099999999999909,0
960780,0.0109999999999672,0
960810,0.0550000000000181,0
960840,0.1119999999999891,0
960870,0.0309999999999945,0
960900,0.23449999999998,0
960930,0.1549999999999272,0
960960,0.0750000000001364,0
960990,0.1235000000000127,0
961020,0.0790000000000873,0
961050,0.2309999999999491,0
961080,0.1345000000000709,0
961110,0.0650000000000545,0
961140,0.175,0
961170,0.1940000000000964,0
961200,0.011999999999989,0
961230,0.2190000000000054,0
961260,0.1460000000000036,0
961290,0.0184999999999945,0
961320,0.1480000000000018,0
961350,0.1324999999999818,0
961380,0.0305000000000291,0
961410,0.0480000000000472,0
961440,0.2474999999999454,0
961470,0.0495000000000345,0
961500,0.0109999999998308,0
961530,0.2075000000001182,0
961560,0.1875000000000454,0
961590,0.0220000000000254,0
961620,0.0264999999998963,0
961650,0.2115000000000691,0
961680,0.0745000000000345,0
961710,0.0075000000000272,0
961740,0.2454999999999927,0
961770,0.1399999999999636,0
961800,0.046499999999969,0
961830,0.224999999999909,0
961860,0.1379999999999654,0
961890,0.0065000000000054,0
961920,0.0079999999999927,0
961950,0.0080000000000381,0
961980,0.0069999999999708,0
962010,0.0099999999999909,0
962040,0.08100000000004,0
962070,0.1179999999999381,0
962100,0.08100000000004,0
962130,0.0110000000000127,0
962160,0.0109999999999217,0
962190,0.2399999999999181,0
962220,0.2194999999999254,0
962250,0.0360000000000582,0
962280,0.2229999999999563,0
962310,0.1979999999999563,0
962340,0.0380000000000109,0
962370,0.0535000000000309,0
962400,0.0795000000000527,0
962430,0.1789999999999963,0
962460,0.0759999999999308,0
962490,0.0854999999999563,0
962520,0.0170000000000527,0
962550,0.0324999999999818,0
962580,0.0324999999999818,0
962610,0.2284999999999854,0
962640,0.1570000000000163,0
962670,0.0170000000000527,0
962700,0.0584999999999581,0
962730,0.2480000000000473,0
962760,0.2370000000000346,0
962790,0.0284999999999854,0
962820,0.0054999999999381,0
962850,0.0139999999999872,0
962880,0.0149999999999636,0
962910,0.0099999999999909,0
962940,0.0165000000000418,0
962970,0.2519999999999527,0
963000,0.2095000000000254,0
963030,0.0314999999999599,0
963060,0.0070000000000163,0
963090,0.0109999999999672,0
963120,0.0180000000000291,0
963150,0.0115000000000236,0
963180,0.0150000000000545,0
963210,0.2389999999999872,0
963240,0.1904999999999745,0
963270,0.0185000000000854,0
963300,0.0054999999999381,0
963330,0.0144999999999981,0
963360,0.0244999999999436,0
963390,0.0175000000000181,0
963420,0.0159999999999854,0
963450,0.0230000000000472,0
963480,0.011999999999989,0
963510,0.0199999999998908,0
963540,0.0105000000000018,0
963570,0.0114999999999781,0
963600,0.0095000000000254,0
963630,0.0115000000000236,0
963660,0.0125,0
963690,0.0240000000000691,0
963720,0.0079999999999017,0
963750,0.0170000000000072,0
963780,0.1855000000000473,0
963810,0.1974999999999454,0
963840,0.2244999999999436,0
963870,0.0414999999999508,0
963900,0.0035000000000763,0
963930,0.2344999999999345,0
963960,0.15,0
963990,0.0220000000001164,0
964020,0.0094999999999799,0
964050,0.1855000000000018,0
964080,0.2075000000000273,0
964110,0.2000000000000909,0
964140,0.1619999999999891,0
964170,0.0304999999999836,0
964200,0.0344999999999799,0
964230,0.2205000000000382,0
964260,0.1014999999999418,0
964290,0.2374999999999545,0
964320,0.0900000000000545,0
964350,0.1980000000000018,0
964380,0.1730000000000472,0
964410,0.0259999999999308,0
964440,0.0149999999999181,0
964470,0.2665000000000418,0
964500,0.0669999999998708,0
964530,0.3114999999999781,0
964560,0.0850000000000818,0
964590,0.2429999999999836,0
964620,0.1084999999999581,0
964650,0.2485000000000582,0
964680,0.0744999999999436,0
964710,0.2065000000000963,0
964740,0.1125000000000454,0
964770,0.0960000000000491,0
964800,0.1379999999999199,0
964830,0.0745000000000345,0
964860,0.0309999999999945,0
964890,0.05300000000002,0
964920,0.02800000000002,0
964950,0.0064999999999599,0
964980,0.0080000000000381,0
965010,0.0079999999999927,0
965040,0.0874999999999545,0
965070,0.025,0
965100,0.0105000000000472,0
965130,0.0040000000000418,0
965160,0.0075000000000272,0
965190,0.0159999999999854,0
965220,0.2324999999999818,0
965250,0.1344999999999799,0
965280,0.0559999999999036,0
965310,0.1234999999999218,0
965340,0.0665000000000418,0
965370,0.0074999999999818,0
965400,0.0284999999999854,0
965430,0.1739999999998872,0
965460,0.0954999999999927,0
965490,0.0135000000000218,0
965520,0.0079999999999927,0
965550,0.0084999999999581,0
965580,0.0245000000000345,0
965610,0.20600000000004,0
965640,0.1105000000000018,0
965670,0.0145000000000436,0
965700,0.0104999999999108,0
965730,0.2510000000000219,0
965760,0.0685000000000854,0
965790,0.5314999999999145,0
965820,0.2450000000000273,0
965850,0.2259999999999764,0
965880,0.2289999999999963,0
965910,0.0920000000000527,0
965940,0.23149999999996,0
965970,0.0869999999999436,0
966000,0.2290000000000418,0
966030,0.2100000000000819,0
966060,0.4704999999999473,0
966090,0.2459999999999582,0
966120,0.0899999999999636,0
966150,0.1954999999998563,0
966180,0.1039999999999963,0
966210,0.6044999999999618,0
966240,0.2284999999999854,0
966270,0.0555000000000291,0
966300,0.52800000000002,0
966330,0.2545000000000527,0
966360,0.0889999999999872,0
966390,0.3294999999999618,0
966420,0.1764999999999872,0
966450,0.4090000000000146,0
966480,0.2359999999999673,0
966510,0.3670000000000072,0
966540,0.2459999999999582,0
966570,0.0925000000000181,0
966600,0.2160000000000309,0
966630,0.1094999999999799,0
966660,0.4834999999999582,0
966690,0.1114999999998872,0
966720,0.4305000000000291,0
966750,0.1114999999999781,0
966780,0.4889999999999872,0
966810,0.2459999999999581,0
966840,0.0940000000000509,0
966870,0.2474999999999909,0
966900,0.1110000000000127,0
966930,0.6280000000000654,0
966960,0.2325000000000272,0
966990,0.30949999999998,0
967020,0.6030000000001565,0
967050,0.2390000000000327,0
967080,0.0960000000000491,0
967110,0.2255000000000109,0
967140,0.1040000000000418,0
967170,0.32450000000008,0
967200,0.1235000000000582,0
967230,0.4190000000000055,0
967260,0.1130000000000563,0
967290,0.3959999999999127,0
967320,0.190499999999929,0
967350,0.5579999999999019,0
967380,0.2510000000000218,0
967410,0.0859999999999672,0
967440,0.4239999999999327,0
967470,0.2559999999999945,0
967500,0.2555000000000291,0
967530,0.2375,0
967560,0.0899999999999636,0
967590,0.2545000000000073,0
967620,0.1299999999999727,0
967650,0.5150000000000091,0
967680,0.2219999999999345,0
967710,0.3450000000000273,0
967740,0.2434999999999036,0
967770,0.0764999999999872,0
967800,0.2200000000000273,0
967830,0.0884999999999308,0
967860,0.2350000000000363,0
967890,0.0880000000000109,0
967920,0.2805000000000291,0
967950,0.1254999999999654,0
967980,0.4014999999998508,0
968010,0.1119999999998981,0
968040,0.4255000000000564,0
968070,0.21599999999994,0
968100,0.4075000000000273,0
968130,0.2449999999999818,0
968160,0.0910000000000309,0
968190,0.0454999999999927,0
968220,0.2395000000000436,0
968250,0.1544999999999618,0
968280,0.0290000000000873,0
968310,0.0175000000000181,0
968340,0.033999999999969,0
968370,0.0170000000000072,0
968400,0.0104999999999108,0
968430,0.0494999999999436,0
968460,0.2444999999999709,0
968490,0.105999999999949,0
968520,0.0300000000000181,0
968550,0.0220000000000254,0
968580,0.0164999999999963,0
968610,0.0074999999999818,0
968640,0.0115000000000691,0
968670,0.1150000000000091,0
968700,0.1525000000000091,0
968730,0.02800000000002,0
968760,0.0165000000000418,0
968790,0.0389999999999872,0
968820,0.2450000000000272,0
968850,0.1354999999999563,0
968880,0.0195000000000163,0
968910,0.0095000000000254,0
968940,0.1135000000000218,0
968970,0.1524999999999636,0
969000,0.0205000000000382,0
969030,0.0255000000000109,0
969060,0.0169999999999618,0
969090,0.0130000000000563,0
969120,0.1945000000000163,0
969150,0.1550000000000182,0
969180,0.0360000000000127,0
969210,0.0209999999999581,0
969240,0.011999999999989,0
969270,0.0085000000000036,0
969300,0.1845000000000254,0
969330,0.1639999999999872,0
969360,0.0175000000000181,0
969390,0.0115000000000236,0
969420,0.01550000000002,0
969450,0.0139999999999872,0
969480,0.0219999999999799,0
969510,0.0365000000000691,0
969540,0.24050000000002,0
969570,0.1109999999998763,0
969600,0.011999999999989,0
969630,0.0079999999999472,0
969660,0.0119999999999436,0
969690,0.0080000000000381,0
969720,0.0085000000000491,0
969750,0.240499999999929,0
969780,0.0819999999999708,0
969810,0.0124999999999545,0
969840,0.0909999999999854,0
969870,0.1135000000000218,0
969900,0.03100000000004,0
969930,0.0414999999999054,0
969960,0.1395000000000891,0
969990,0.0484999999999217,0
970020,0.2465000000000145,0
970050,0.09350000000004,0
970080,0.2035000000000309,0
970110,0.1525000000000091,0
970140,0.0230000000000473,0
970170,0.0250000000000909,0
970200,0.0339999999998781,0
970230,0.0274999999999636,0
970260,0.0124999999999545,0
970290,0.2384999999999763,0
970320,0.1580000000000382,0
970350,0.0170000000000527,0
970380,0.0239999999999326,0
970410,0.0235000000000582,0
970440,0.0255000000000109,0
970470,0.0184999999999945,0
970500,0.0225000000000363,0
970530,0.0279999999999745,0
970560,0.0299999999999272,0
970590,0.0294999999999618,0
970620,0.24650000000006,0
970650,0.0860000000000127,0
970680,0.0114999999999327,0
970710,0.0125,0
970740,0.0115000000000236,0
970770,0.0119999999998981,0
970800,0.0144999999999981,0
970830,0.0129999999999654,0
970860,0.2330000000000382,0
970890,0.1464999999999236,0
970920,0.0350000000001273,0
970950,0.0465000000000145,0
970980,0.0440000000000054,0
971010,0.0129999999999654,0
971040,0.0134999999999763,0
971070,0.0160000000000763,0
971100,0.0180000000000745,0
971130,0.2375,0
971160,0.1654999999999291,0
971190,0.01850000000004,0
971220,0.0180000000000291,0
971250,0.0659999999999854,0
971280,0.1324999999999818,0
971310,0.0779999999999745,0
971340,0.0945000000000163,0
971370,0.1215000000000145,0
971400,0.0240000000000236,0
971430,0.1209999999999581,0
971460,0.1210000000000491,0
971490,0.0255000000000109,0
971520,0.0145000000000436,0
971550,0.015499999999929,0
971580,0.0120000000000345,0
971610,0.0164999999999508,0
971640,0.0209999999999581,0
971670,0.0115000000000236,0
971700,0.0134999999999763,0
971730,0.0190000000000509,0
971760,0.0149999999999636,0
971790,0.0145000000000436,0
971820,0.0170000000000527,0
971850,0.01200000000008,0
971880,0.0160000000000763,0
971910,0.0165000000000418,0
971940,0.0125,0
971970,0.1539999999999964,0
972000,0.1319999999999709,0
972030,0.0184999999999945,0
972060,0.0259999999999763,0
972090,0.0254999999999654,0
972120,0.0240000000000691,0
972150,0.2224999999999909,0
972180,0.2169999999999163,0
972210,0.0414999999999963,0
972240,0.2464999999999691,0
972270,0.1125,0
972300,0.0130000000000109,0
972330,0.2169999999999618,0
972360,0.2070000000000164,0
972390,0.0455000000000382,0
972420,0.0420000000000527,0
972450,0.0650000000000545,0
972480,0.1319999999999254,0
972510,0.0735000000000127,0
972540,0.1279999999999745,0
972570,0.1069999999999709,0
972600,0.0180000000000291,0
972630,0.0110000000000127,0
972660,0.0075000000000727,0
972690,0.0075000000000272,0
972720,0.0095000000000254,0
972750,0.2390000000000328,0
972780,0.2104999999999563,0
972810,0.011999999999989,0
972840,0.0095000000000709,0
972870,0.0065000000000509,0
972900,0.0080000000000381,0
972930,0.0065000000000509,0
972960,0.2244999999999891,0
972990,0.1360000000000582,0
973020,0.0194999999999708,0
973050,0.2490000000000691,0
973080,0.1014999999999872,0
973110,0.2610000000000128,0
973140,0.14050000000002,0
973170,0.2410000000000309,0
973200,0.1744999999999436,0
973230,0.1604999999999563,0
973260,0.1089999999999236,0
973290,0.0660000000000309,0
973320,0.171499999999969,0
973350,0.1340000000000145,0
973380,0.0695000000000163,0
973410,0.1164999999999508,0
973440,0.0499999999998635,0
973470,0.1650000000000546,0
973500,0.0855000000000473,0
973530,0.0254999999999199,0
973560,0.1230000000000018,0
973590,0.1170000000000072,0
973620,0.021499999999969,0
973650,0.0260000000000673,0
973680,0.0159999999999854,0
973710,0.0205000000000382,0
973740,0.0199999999999363,0
973770,0.0505000000000563,0
973800,0.1440000000000054,0
973830,0.0604999999999108,0
973860,0.0240000000001145,0
973890,0.0130000000000109,0
973920,0.0224999999999909,0
973950,0.1014999999999418,0
973980,0.1175000000000636,0
974010,0.0299999999999727,0
974040,0.0175000000000181,0
974070,0.0204999999999927,0
974100,0.0134999999999763,0
974130,0.0134999999999763,0
974160,0.0449999999999818,0
974190,0.1164999999999963,0
974220,0.0629999999998744,0
974250,0.0285000000000309,0
974280,0.0255000000000109,0
974310,0.1980000000000928,0
974340,0.0210000000000491,0
974370,0.0179999999999836,0
974400,0.0189999999999599,0
974430,0.0195000000000618,0
974460,0.0160000000000309,0
974490,0.0155000000000654,0
974520,0.0209999999999581,0
974550,0.0124999999999545,0
974580,0.0115000000000691,0
974610,0.2320000000000163,0
974640,0.0595000000000254,0
974670,0.0144999999999527,0
974700,0.0135000000000673,0
974730,0.0204999999999927,0
974760,0.0174999999999727,0
974790,0.0105000000000018,0
974820,0.0144999999999527,0
974850,0.0144999999999981,0
974880,0.0105000000000018,0
974910,0.1335000000000036,0
974940,0.1205000000000381,0
974970,0.0114999999999326,0
975000,0.0160000000000309,0
975030,0.0220000000000254,0
975060,0.0164999999999508,0
975090,0.01550000000002,0
975120,0.0135000000000218,0
975150,0.0209999999999581,0
975180,0.0164999999999508,0
975210,0.1734999999999217,0
975240,0.1315000000000054,0
975270,0.0350000000000363,0
975300,0.0304999999999381,0
975330,0.6129999999999199,0
975360,0.2230000000000473,0
975390,0.2034999999999854,0
975420,0.2105000000000473,0
975450,0.2164999999999963,0
975480,0.1989999999999326,0
975510,0.0290000000000418,0
975540,0.0289999999999054,0
975570,0.0380000000000563,0
975600,0.0635000000000218,0
975630,0.0035000000000309,0
975660,0.0085000000000036,0
975690,0.0049999999999727,0
975720,0.0050000000000181,0
975750,0.0049999999999727,0
975780,0.0045000000000527,0
975810,0.0065000000000509,0
975840,0.0050000000000181,0
975870,0.0054999999999836,0
975900,0.0054999999999836,0
975930,0.0074999999999363,0
975960,0.0080000000000381,0
975990,0.0054999999999836,0
976020,0.0064999999999599,0
976050,0.00600000000004,0
976080,0.0064999999999145,0
976110,0.0060000000000854,0
976140,0.0064999999999599,0
976170,0.0065000000000964,0
976200,0.005999999999949,0
976230,0.0055000000000291,0
976260,0.0080000000000381,0
976290,0.0044999999999618,0
976320,0.0049999999999272,0
976350,0.0064999999999599,0
976380,0.0065000000000509,0
976410,0.0085000000000036,0
976440,0.0194999999999708,0
976470,0.0049999999999727,0
976500,0.0080000000000381,0
976530,0.0050000000000181,0
976560,0.0074999999999818,0
976590,0.00550000000012,0
976620,0.0074999999999363,0
976650,0.0075000000000272,0
976680,0.0070000000000163,0
976710,0.0074999999999363,0
976740,0.0070000000000163,0
976770,0.0079999999999927,0
976800,0.0065000000000964,0
976830,0.00600000000004,0
976860,0.0079999999998563,0
976890,0.0044999999999618,0
976920,0.0054999999999381,0
976950,0.0050000000000181,0
976980,0.0069999999999708,0
977010,0.0069999999999708,0
977040,0.0075000000000727,0
977070,0.0040000000000418,0
977100,0.0054999999999836,0
977130,0.0110000000000582,0
977160,0.0045000000000072,0
977190,0.0050000000000181,0
977220,0.0074999999999363,0
977250,0.0045000000000072,0
977280,0.0069999999999708,0
977310,0.00600000000004,0
977340,0.0065000000000509,0
977370,0.0080000000000381,0
977400,0.0050000000000636,0
977430,0.0055000000000291,0
977460,0.008999999999969,0
977490,0.0054999999999381,0
977520,0.0049999999999727,0
977550,0.0059999999999945,0
977580,0.0069999999999708,0
977610,0.0085000000000036,0
977640,0.0079999999999927,0
977670,0.0079999999999927,0
977700,0.0084999999999581,0
977730,0.0055000000000745,0
977760,0.0054999999999836,0
977790,0.0040000000000418,0
977820,0.0070000000000618,0
977850,0.0055000000000291,0
977880,0.0065000000000054,0
977910,0.0044999999999163,0
977940,0.0074999999999363,0
977970,0.0055000000000291,0
978000,0.0065000000000054,0
978030,0.0074999999999818,0
978060,0.0069999999999254,0
978090,0.0054999999999836,0
978120,0.0065000000000054,0
978150,0.0055000000000291,0
978180,0.0074999999998908,0
978210,0.0070000000000618,0
978240,0.0065000000000509,0
978270,0.0069999999999708,0
978300,0.0075000000000272,0
978330,0.0064999999999599,0
978360,0.0085000000000491,0
978390,0.00600000000004,0
978420,0.0084999999999581,0
978450,0.0065000000000054,0
978480,0.0074999999999363,0
978510,0.0075000000000272,0
978540,0.0074999999999818,0
978570,0.0054999999999836,0
978600,0.0054999999999381,0
978630,0.0065000000000054,0
978660,0.0084999999999581,0
978690,0.00600000000004,0
978720,0.0069999999999708,0
978750,0.0065000000000964,0
978780,0.0065000000000054,0
978810,0.0069999999999708,0
978840,0.0079999999999472,0
978870,0.00600000000004,0
978900,0.0055000000000291,0
978930,0.0059999999999945,0
978960,0.0054999999999381,0
978990,0.0035000000000309,0
979020,0.0074999999999818,0
979050,0.00300000000002,0
979080,0.0064999999999145,0
979110,0.0065000000000054,0
979140,0.0080000000000836,0
979170,0.0054999999999836,0
979200,0.005999999999949,0
979230,0.0054999999999836,0
979260,0.0099999999999909,0
979290,0.0065000000000054,0
979320,0.0064999999999599,0
979350,0.0059999999999945,0
979380,0.0070000000000163,0
979410,0.0059999999999945,0
979440,0.0050000000000181,0
979470,0.0054999999999381,0
979500,0.0055000000000745,0
979530,0.0039999999999963,0
979560,0.0085000000000945,0
979590,0.0065000000000054,0
979620,0.0054999999999836,0
979650,0.0054999999999836,0
979680,0.0054999999999836,0
979710,0.0050000000000636,0
979740,0.0070000000000163,0
979770,0.0085000000000036,0
979800,0.0064999999999599,0
979830,0.0094999999999799,0
979860,0.0074999999999818,0
979890,0.0054999999999836,0
979920,0.0074999999999363,0
979950,0.0019999999999981,0
979980,0.0049999999999272,0
980010,0.0059999999999945,0
980040,0.0064999999999599,0
980070,0.0034999999999399,0
980100,0.00600000000004,0
980130,0.0080000000000381,0
980160,0.0079999999999472,0
980190,0.0044999999999163,0
980220,0.0115000000000236,0
980250,0.0064999999999599,0
980280,0.0065000000000054,0
980310,0.0060000000000854,0
980340,0.0070000000000163,0
980370,0.0159999999999854,0
980400,0.0075000000000272,0
980430,0.0054999999999836,0
980460,0.005999999999949,0
980490,0.0059999999999945,0
980520,0.0075000000000272,0
980550,0.0069999999999708,0
980580,0.0074999999999818,0
980610,0.00600000000004,0
980640,0.0044999999999163,0
980670,0.0045000000000072,0
980700,0.00600000000004,0
980730,0.0114999999999326,0
980760,0.0130000000000563,0
980790,0.0135000000000218,0
980820,0.0034999999999854,0
980850,0.0304999999999381,0
980880,0.0054999999999836,0
980910,0.0055000000000291,0
980940,0.0194999999999709,0
980970,0.00600000000004,0
981000,0.0195000000000163,0
981030,0.005999999999949,0
981060,0.0099999999999909,0
981090,0.0109999999999672,0
981120,0.0055000000000291,0
981150,0.005999999999949,0
981180,0.005999999999949,0
981210,0.0074999999999818,0
981240,0.0085000000000036,0
981270,0.0044999999999618,0
981300,0.0079999999999927,0
981330,0.0064999999999145,0
981360,0.0054999999999836,0
981390,0.0054999999999381,0
981420,0.0095000000000254,0
981450,0.0054999999999836,0
981480,0.0054999999999836,0
981510,0.0050000000000181,0
981540,0.00600000000004,0
981570,0.0054999999999381,0
981600,0.0040000000000418,0
981630,0.0085000000000036,0
981660,0.0055000000000291,0
981690,0.0055000000000291,0
981720,0.0064999999999145,0
981750,0.0029999999999745,0
981780,0.0045000000000072,0
981810,0.0040000000000418,0
981840,0.0054999999999381,0
981870,0.0039999999999963,0
981900,0.0069999999999254,0
981930,0.0075000000000727,0
981960,0.0050000000000181,0
981990,0.0055000000000291,0
982020,0.0050000000000636,0
982050,0.0044999999999618,0
982080,0.0055000000000745,0
982110,0.0050000000000181,0
982140,0.0070000000000618,0
982170,0.0069999999999708,0
982200,0.0069999999999254,0
982230,0.0069999999999254,0
982260,0.0085000000000491,0
982290,0.0054999999999836,0
982320,0.0054999999999836,0
982350,0.0045000000000072,0
982380,0.0070000000000163,0
982410,0.0054999999999836,0
982440,0.0085000000000491,0
982470,0.0029999999999745,0
982500,0.0065000000000054,0
982530,0.0050000000000181,0
982560,0.005999999999949,0
982590,0.0079999999999927,0
982620,0.0160000000000309,0
982650,0.0055000000000291,0
982680,0.0039999999999508,0
982710,0.00300000000002,0
982740,0.0064999999999599,0
982770,0.00600000000004,0
982800,0.0054999999999836,0
982830,0.0055000000000291,0
982860,0.0054999999999836,0
982890,0.0054999999999836,0
982920,0.0065000000000054,0
982950,0.0035000000000309,0
982980,0.00600000000004,0
983010,0.00600000000004,0
983040,0.0054999999999836,0
983070,0.0035000000000763,0
983100,0.0070000000000618,0
983130,0.0049999999999727,0
983160,0.0050000000000181,0
983190,0.0054999999999381,0
983220,0.0045000000000072,0
983250,0.0075000000000727,0
983280,0.0049999999998817,0
983310,0.0050000000000181,0
983340,0.0065000000000054,0
983370,0.0045000000000527,0
983400,0.0054999999999836,0
983430,0.0079999999999927,0
983460,0.0084999999999581,0
983490,0.005999999999949,0
983520,0.0039999999999963,0
983550,0.0049999999999272,0
983580,0.0074999999999818,0
983610,0.0080000000000836,0
983640,0.0049999999999272,0
983670,0.0054999999999836,0
983700,0.0045000000000072,0
983730,0.0050000000000181,0
983760,0.0069999999999708,0
983790,0.0039999999999508,0
983820,0.0069999999999708,0
983850,0.0074999999999818,0
983880,0.0065000000000054,0
983910,0.0039999999999508,0
983940,0.0140000000000327,0
983970,0.0104999999999563,0
984000,0.005999999999949,0
984030,0.0054999999999836,0
984060,0.0075000000000272,0
984090,0.0125000000000454,0
984120,0.0184999999999945,0
984150,0.0064999999999599,0
984180,0.0085000000000491,0
984210,0.0234999999999217,0
984240,0.0140000000000327,0
984270,0.0235000000000127,0
984300,0.0230000000000473,0
984330,0.0094999999999799,0
984360,0.0130000000000109,0
984390,0.0070000000000618,0
984420,0.0069999999999708,0
984450,0.0050000000000636,0
984480,0.0069999999999708,0
984510,0.0054999999999836,0
984540,0.0075000000000272,0
984570,0.00900000000006,0
984600,0.0070000000000163,0
984630,0.0114999999999326,0
984660,0.0159999999999854,0
984690,0.0064999999999599,0
984720,0.0079999999999472,0
984750,0.0075000000001182,0
984780,0.0069999999999254,0
984810,0.0055000000000291,0
984840,0.015000000000009,0
984870,0.0055000000000291,0
984900,0.0080000000000836,0
984930,0.0070000000000163,0
984960,0.0085000000000036,0
984990,0.0059999999999945,0
985020,0.024499999999989,0
985050,0.0145000000000436,0
985080,0.0099999999999909,0
985110,0.0064999999999599,0
985140,0.0085000000000036,0
985170,0.0085000000000491,0
985200,0.0049999999999727,0
985230,0.0079999999999927,0
985260,0.0095000000000254,0
985290,0.0069999999999254,0
985320,0.0065000000000509,0
985350,0.00900000000006,0
985380,0.0075000000000727,0
985410,0.0074999999999818,0
985440,0.0065000000000054,0
985470,0.0074999999999363,0
985500,0.0085000000000491,0
985530,0.0089999999998326,0
985560,0.0075000000000272,0
985590,0.0070000000000618,0
985620,0.0075000000000272,0
985650,0.0074999999999818,0
985680,0.0090000000000145,0
985710,0.0065000000000509,0
985740,0.0089999999999236,0
985770,0.0069999999999708,0
985800,0.0054999999999836,0
985830,0.0065000000000509,0
985860,0.0159999999999854,0
985890,0.0149999999999636,0
985920,0.0080000000000381,0
985950,0.0065000000000509,0
985980,0.0079999999999927,0
986010,0.0079999999999472,0
986040,0.0074999999999818,0
986070,0.005999999999949,0
986100,0.0070000000000618,0
986130,0.0105000000000472,0
986160,0.0065000000000054,0
986190,0.0054999999999836,0
986220,0.0079999999999017,0
986250,0.0099999999999909,0
986280,0.0065000000000509,0
986310,0.0209999999999581,0
986340,0.0079999999999472,0
986370,0.0074999999999818,0
986400,0.0075000000000727,0
986430,0.0074999999999818,0
986460,0.008999999999969,0
986490,0.0080000000000836,0
986520,0.0065000000000054,0
986550,0.0070000000000163,0
986580,0.0054999999999381,0
986610,0.0080000000000381,0
986640,0.0065000000000054,0
986670,0.0054999999999836,0
986700,0.0085000000000491,0
986730,0.0075000000000727,0
986760,0.0145000000000436,0
986790,0.005999999999949,0
986820,0.0079999999999472,0
986850,0.0085000000000945,0
986880,0.0080000000000381,0
986910,0.0079999999999927,0
986940,0.0079999999999927,0
986970,0.0074999999999363,0
987000,0.0135000000000673,0
987030,0.0175000000000181,0
987060,0.0205000000000382,0
987090,0.0084999999999581,0
987120,0.0079999999999927,0
987150,0.0085000000000491,0
987180,0.0095000000000254,0
987210,0.0070000000000618,0
987240,0.0079999999999017,0
987270,0.0059999999999945,0
987300,0.0080000000000381,0
987330,0.0069999999999708,0
987360,0.0074999999999818,0
987390,0.0054999999999836,0
987420,0.0095000000000709,0
987450,0.0094999999999799,0
987480,0.0074999999999818,0
987510,0.0069999999999708,0
987540,0.0085000000000945,0
987570,0.0085000000000036,0
987600,0.0069999999999254,0
987630,0.0070000000000618,0
987660,0.0070000000000163,0
987690,0.00600000000004,0
987720,0.0070000000000163,0
987750,0.0055000000000291,0
987780,0.0084999999999581,0
987810,0.0054999999999381,0
987840,0.0065000000000509,0
987870,0.0084999999999581,0
987900,0.0070000000000163,0
987930,0.0255000000000563,0
987960,0.0079999999999927,0
987990,0.0045000000000072,0
988020,0.0084999999999126,0
988050,0.0074999999999818,0
988080,0.0050000000000181,0
988110,0.0094999999999799,0
988140,0.0084999999999581,0
988170,0.0080000000000381,0
988200,0.0059999999999945,0
988230,0.00600000000004,0
988260,0.0105000000000018,0
988290,0.0079999999999927,0
988320,0.0060000000000854,0
988350,0.0074999999999818,0
988380,0.0094999999999345,0
988410,0.008999999999969,0
988440,0.0070000000000163,0
988470,0.0050000000000636,0
988500,0.0094999999999345,0
988530,0.0080000000001291,0
988560,0.0084999999999581,0
988590,0.00600000000004,0
988620,0.0079999999999472,0
988650,0.0094999999999799,0
988680,0.0079999999999472,0
988710,0.0160000000000763,0
988740,0.0134999999999763,0
988770,0.0069999999999254,0
988800,0.0055000000000291,0
988830,0.0094999999999799,0
988860,0.0094999999999799,0
988890,0.00300000000002,0
988920,0.0080000000000836,0
988950,0.0054999999999381,0
988980,0.0065000000000054,0
989010,0.0084999999999581,0
989040,0.0074999999999818,0
989070,0.0085000000000036,0
989100,0.0059999999999945,0
989130,0.0065000000000509,0
989160,0.0084999999999581,0
989190,0.0045000000000072,0
989220,0.0079999999999927,0
989250,0.0074999999999818,0
989280,0.0064999999999599,0
989310,0.00600000000004,0
989340,0.0070000000000163,0
989370,0.0059999999999945,0
989400,0.0074999999999818,0
989430,0.0039999999999963,0
989460,0.0074999999999818,0
989490,0.0074999999999818,0
989520,0.00600000000004,0
989550,0.0075000000000272,0
989580,0.0084999999999126,0
989610,0.0070000000000163,0
989640,0.0059999999999945,0
989670,0.005999999999949,0
989700,0.0065000000000509,0
989730,0.0095000000000709,0
989760,0.006499999999869,0
989790,0.0054999999999836,0
989820,0.0084999999999581,0
989850,0.0065000000000054,0
989880,0.0070000000000163,0
989910,0.0055000000000745,0
989940,0.0070000000000618,0
989970,0.0070000000000163,0
990000,0.0045000000000072,0
990030,0.0054999999999836,0
990060,0.0079999999999927,0
990090,0.00600000000004,0
990120,0.0044999999999163,0
990150,0.0050000000000636,0
990180,0.0075000000000727,0
990210,0.0054999999999836,0
990240,0.0080000000000381,0
990270,0.0045000000000072,0
990300,0.0080000000000381,0
990330,0.0065000000000054,0
990360,0.0065000000000509,0
990390,0.0049999999999727,0
990420,0.0070000000000163,0
990450,0.005999999999949,0
990480,0.0080000000000836,0
990510,0.0064999999999599,0
990540,0.0079999999999927,0
990570,0.0059999999999945,0
990600,0.0065000000000509,0
990630,0.0099999999999909,0
990660,0.008999999999969,0
990690,0.0079999999999472,0
990720,0.0085000000000036,0
990750,0.0079999999999927,0
990780,0.0059999999999945,0
990810,0.0054999999999381,0
990840,0.0055000000000291,0
990870,0.0045000000000527,0
990900,0.0099999999998544,0
990930,0.00600000000004,0
990960,0.0085000000000036,0
990990,0.0064999999999599,0
991020,0.00600000000004,0
991050,0.0074999999999363,0
991080,0.0049999999999727,0
991110,0.0065000000000509,0
991140,0.0070000000000163,0
991170,0.0055000000000291,0
991200,0.0069999999999254,0
991230,0.0070000000000618,0
991260,0.0070000000000163,0
991290,0.0080000000000381,0
991320,0.0064999999999599,0
991350,0.0050000000000636,0
991380,0.0059999999999945,0
991410,0.0069999999999708,0
991440,0.0054999999999836,0
991470,0.0044999999999618,0
991500,0.0044999999999618,0
991530,0.008999999999969,0
991560,0.0074999999999818,0
991590,0.0055000000000291,0
991620,0.0049999999999727,0
991650,0.0060000000000854,0
991680,0.008999999999969,0
991710,0.0049999999999727,0
991740,0.0070000000000163,0
991770,0.0055000000000291,0
991800,0.0070000000000163,0
991830,0.0054999999999836,0
991860,0.0079999999999472,0
991890,0.0070000000000163,0
991920,0.0055000000000745,0
991950,0.0084999999999581,0
991980,0.0049999999999727,0
992010,0.0080000000000836,0
992040,0.0050000000000181,0
992070,0.0059999999999945,0
992100,0.0055000000000291,0
992130,0.0044999999999618,0
992160,0.0069999999999254,0
992190,0.0035000000000309,0
992220,0.0075000000000272,0
992250,0.0065000000000509,0
992280,0.0069999999999708,0
992310,0.0069999999999708,0
992340,0.00600000000004,0
992370,0.0049999999999727,0
992400,0.0065000000000054,0
992430,0.0100000000000363,0
992460,0.0075000000000272,0
992490,0.0050000000000181,0
992520,0.0090000000000145,0
992550,0.0054999999999381,0
992580,0.0064999999999145,0
992610,0.0095000000000709,0
992640,0.0054999999999836,0
992670,0.0064999999999145,0
992700,0.008999999999969,0
992730,0.0074999999999363,0
992760,0.0079999999999472,0
992790,0.0055000000000745,0
992820,0.0090000000001055,0
992850,0.0075000000000272,0
992880,0.0084999999999581,0
992910,0.009499999999889,0
992940,0.0075000000000272,0
992970,0.0064999999999599,0
993000,0.0090000000001055,0
993030,0.0069999999999254,0
993060,0.0105000000000472,0
993090,0.0074999999999818,0
993120,0.0079999999999927,0
993150,0.0059999999999945,0
993180,0.0095000000000709,0
993210,0.0079999999999927,0
993240,0.008999999999969,0
993270,0.0069999999999708,0
993300,0.0090000000000145,0
993330,0.0109999999999672,0
993360,0.0095000000000709,0
993390,0.0090000000000145,0
993420,0.0080000000000381,0
993450,0.0085000000000036,0
993480,0.0080000000000381,0
993510,0.0065000000000509,0
993540,0.0079999999999472,0
993570,0.0079999999999927,0
993600,0.0079999999998563,0
993630,0.0080000000000836,0
993660,0.0090000000000145,0
993690,0.0095000000001164,0
993720,0.0075000000000272,0
993750,0.0069999999999708,0
993780,0.0105000000000472,0
993810,0.0079999999999017,0
993840,0.0054999999999836,0
993870,0.0079999999999927,0
993900,0.0095000000000254,0
993930,0.0074999999999818,0
993960,0.0119999999999436,0
993990,0.0054999999999836,0
994020,0.0079999999999472,0
994050,0.0069999999999708,0
994080,0.0090000000000145,0
994110,0.0095000000000254,0
994140,0.0064999999999599,0
994170,0.0080000000000381,0
994200,0.0074999999999363,0
994230,0.0085000000000491,0
994260,0.0074999999999363,0
994290,0.0065000000000054,0
994320,0.0074999999999818,0
994350,0.005999999999949,0
994380,0.0079999999999017,0
994410,0.008999999999969,0
994440,0.0075000000000272,0
994470,0.005999999999949,0
994500,0.0080000000000381,0
994530,0.0084999999999581,0
994560,0.0090000000000145,0
994590,0.0080000000000381,0
994620,0.0065000000000054,0
994650,0.0074999999999818,0
994680,0.0070000000001073,0
994710,0.0054999999999381,0
994740,0.0080000000000381,0
994770,0.0159999999999854,0
994800,0.01550000000002,0
994830,0.0044999999999163,0
994860,0.0105000000000927,0
994890,0.0069999999998799,0
994920,0.0059999999999945,0
994950,0.0075000000000272,0
994980,0.0079999999999472,0
995010,0.0114999999999781,0
995040,0.0085000000000945,0
995070,0.0065000000000509,0
995100,0.0079999999999927,0
995130,0.0080000000000381,0
995160,0.0085000000000491,0
995190,0.0070000000000163,0
995220,0.0074999999999818,0
995250,0.0100000000000363,0
995280,0.0069999999999708,0
995310,0.0074999999999818,0
995340,0.0070000000000618,0
995370,0.0075000000000727,0
995400,0.0074999999999363,0
995430,0.0080000000000836,0
995460,0.0074999999998908,0
995490,0.0074999999999818,0
995520,0.0079999999999927,0
995550,0.0069999999999708,0
995580,0.0090000000000145,0
995610,0.0079999999999017,0
995640,0.0090000000000145,0
995670,0.005999999999949,0
995700,0.0080000000000381,0
995730,0.0074999999999818,0
995760,0.0074999999999818,0
995790,0.0069999999999708,0
995820,0.0070000000000163,0
995850,0.0084999999999581,0
995880,0.0060000000000854,0
995910,0.005999999999949,0
995940,0.0075000000000727,0
995970,0.0144999999999981,0
996000,0.0070000000000163,0
996030,0.0085000000000036,0
996060,0.0070000000000163,0
996090,0.0075000000000727,0
996120,0.0079999999999927,0
996150,0.0059999999999945,0
996180,0.0074999999999363,0
996210,0.008999999999969,0
996240,0.0064999999999599,0
996270,0.0065000000000054,0
996300,0.0075000000000272,0
996330,0.0065000000000054,0
996360,0.0050000000000181,0
996390,0.0054999999999836,0
996420,0.0069999999999254,0
996450,0.0074992500750652,0
996480,0.0074999999998908,0
996510,0.0099999999999454,0
996540,0.0059999999999945,0
996570,0.0085000000000491,0
996600,0.0059999999999945,0
996630,0.0064999999999145,0
996660,0.0064999999999599,0
996690,0.0069999999999708,0
996720,0.0065000000000054,0
996750,0.0059999999999945,0
996780,0.0064999999999599,0
996810,0.0074999999999818,0
996840,0.0080000000000836,0
996870,0.0069999999999254,0
996900,0.0075000000000272,0
996930,0.0110000000001036,0
996960,0.0065000000000054,0
996990,0.0060000000000854,0
997020,0.0055000000000291,0
997050,0.0059999999999945,0
997080,0.0054999999999836,0
997110,0.005999999999949,0
997140,0.0059999999999945,0
997170,0.0090000000000145,0
997200,0.0034999999999854,0
997230,0.00600000000004,0
997260,0.0065000000000054,0
997290,0.0044999999999618,0
997320,0.0055000000000291,0
997350,0.0059999999999945,0
997380,0.0070000000000618,0
997410,0.0055000000000745,0
997440,0.005999999999949,0
997470,0.002500000000009,0
997500,0.0045000000000527,0
997530,0.0045000000000072,0
997560,0.0045000000000072,0
997590,0.0065000000000054,0
997620,0.0069999999999708,0
997650,0.0054999999999381,0
997680,0.0070000000000163,0
997710,0.0054999999999836,0
997740,0.0070000000000618,0
997770,0.0060000000000854,0
997800,0.0059999999999945,0
997830,0.0085000000000491,0
997860,0.0049999999999272,0
997890,0.0055000000000291,0
997920,0.0050000000000636,0
997950,0.0069999999999708,0
997980,0.0045000000000072,0
998010,0.0034999999999399,0
998040,0.00300000000002,0
998070,0.0064999999999599,0
998100,0.0049999999999727,0
998130,0.0050000000001091,0
998160,0.0079999999999927,0
998190,0.0059999999999035,0
998220,0.0039999999999963,0
998250,0.0034999999999854,0
998280,0.0050000000000181,0
998310,0.0065000000000964,0
998340,0.0065000000000054,0
998370,0.0059999999999945,0
998400,0.0044999999999618,0
998430,0.0049999999999727,0
998460,0.0085000000000945,0
998490,0.0049999999999727,0
998520,0.0049999999999727,0
998550,0.0045000000000527,0
998580,0.0069999999999708,0
998610,0.0045000000000072,0
998640,0.0045000000000527,0
998670,0.0060000000000854,0
998700,0.0065000000000509,0
998730,0.00900000000006,0
998760,0.0059999999999945,0
998790,0.0034999999999399,0
998820,0.0049999999999727,0
998850,0.0050000000000181,0
998880,0.0050000000000181,0
998910,0.0034999999999854,0
998940,0.0054999999999836,0
998970,0.0050000000000181,0
999000,0.0054999999999836,0
999030,0.00300000000002,0
999060,0.005999999999949,0
999090,0.0045000000000072,0
999120,0.0044999999999618,0
999150,0.0040000000000418,0
999180,0.0035000000000309,0
999210,0.0055000000000291,0
999240,0.0055000000000291,0
999270,0.0039999999999963,0
999300,0.0045000000000072,0
999330,0.0054999999999836,0
999360,0.0049999999999727,0
999390,0.0055000000000291,0
999420,0.002500000000009,0
999450,0.0045000000000527,0
999480,0.005999999999949,0
999510,0.002999999999929,0
999540,0.0059999999999945,0
999570,0.0055000000000745,0
999600,0.0054999999999836,0
999630,0.008999999999969,0
999660,0.0070000000000163,0
999690,0.0065000000000054,0
999720,0.0045000000000527,0
999750,0.0034999999999854,0
999780,0.0039999999999963,0
999810,0.0044999999999618,0
999840,0.0049999999999727,0
999870,0.00600000000004,0
999900,0.0039999999999508,0
999930,0.0070000000000163,0
999960,0.0054999999999836,0
999990,0.0054999999999836,0
1000020,0.0039999999999963,0
1000050,0.0045000000000527,0
1000080,0.0039999999999054,0
1000110,0.0055000000000291,0
1000140,0.0055000000000291,0
1000170,0.0054999999999381,0
1000200,0.0039999999999963,0
1000230,0.002999999999929,0
1000260,0.0044999999999618,0
1000290,0.0065000000000964,0
1000320,0.0044999999999163,0
1000350,0.0065000000000509,0
1000380,0.0044999999999618,0
1000410,0.0075000000001182,0
1000440,0.0049999999999727,0
1000470,0.0039999999999508,0
1000500,0.0044999999999618,0
1000530,0.0090000000000145,0
1000560,0.0029999999999745,0
1000590,0.0015000000000327,0
1000620,0.0034999999999854,0
1000650,0.0055000000000745,0
1000680,0.0040000000000418,0
1000710,0.0069999999999708,0
1000740,0.0050000000001091,0
1000770,0.0054999999998926,0
1000800,0.0050000000000181,0
1000830,0.0049999999999727,0
1000860,0.0035000000000309,0
1000890,0.0039999999999054,0
1000920,0.0045000000000072,0
1000950,0.0054999999999836,0
1000980,0.0045000000000072,0
1001010,0.0064999999999599,0
1001040,0.0039999999999508,0
1001070,0.0045000000000527,0
1001100,0.0034999999999854,0
1001130,0.0079999999999927,0
1001160,0.0034999999999854,0
1001190,0.0044999999999163,0
1001220,0.0055000000000291,0
1001250,0.0049999999999727,0
1001280,0.0040000000000418,0
1001310,0.0069999999999708,0
1001340,0.0074999999999818,0
1001370,0.0074999999999818,0
1001400,0.0070000000000163,0
1001430,0.0114999999999781,0
1001460,0.0075000000000727,0
1001490,0.0059999999999945,0
1001520,0.0070000000000163,0
1001550,0.0064999999999599,0
1001580,0.0060000000000854,0
1001610,0.0085000000000491,0
1001640,0.0064999999999599,0
1001670,0.0064999999999145,0
1001700,0.0065000000000054,0
1001730,0.0079999999998563,0
1001760,0.0065000000000054,0
1001790,0.0065000000000509,0
1001820,0.0074999999999818,0
1001850,0.0069999999999254,0
1001880,0.0054999999999836,0
1001910,0.0074999999999818,0
1001940,0.0050000000000636,0
1001970,0.0079999999999927,0
1002000,0.0065000000000054,0
1002030,0.0055000000000745,0
1002060,0.0050000000000181,0
1002090,0.0065000000000509,0
1002120,0.0064999999999599,0
1002150,0.0039999999999508,0
1002180,0.0074999999999818,0
1002210,0.0075000000000272,0
1002240,0.0050000000000181,0
1002270,0.0065000000000509,0
1002300,0.005999999999949,0
1002330,0.0080000000000381,0
1002360,0.005999999999949,0
1002390,0.0044999999999163,0
1002420,0.0070000000000618,0
1002450,0.0074999999999818,0
1002480,0.0069999999999254,0
1002510,0.0065000000000509,0
1002540,0.0059999999999945,0
1002570,0.00600000000004,0
1002600,0.0074999999999363,0
1002630,0.0069999999999708,0
1002660,0.0065000000000054,0
1002690,0.0060000000000854,0
1002720,0.0065000000000054,0
1002750,0.0050000000000636,0
1002780,0.0064999999999599,0
1002810,0.0074999999999818,0
1002840,0.005999999999949,0
1002870,0.0065000000000509,0
1002900,0.0049999999999727,0
1002930,0.0065000000000509,0
1002960,0.0095000000000254,0
1002990,0.0064999999999599,0
1003020,0.0054999999999836,0
1003050,0.0074999999999818,0
1003080,0.0050000000000636,0
1003110,0.0054999999999836,0
1003140,0.0069999999999708,0
1003170,0.0074999999999363,0
1003200,0.0075000000000272,0
1003230,0.0065000000000509,0
1003260,0.0050000000000181,0
1003290,0.0064999999999599,0
1003320,0.0050000000000181,0
1003350,0.0065000000000054,0
1003380,0.0055000000000291,0
1003410,0.0069999999999708,0
1003440,0.0059999999999945,0
1003470,0.0049999999999727,0
1003500,0.0065000000000509,0
1003530,0.0070000000000163,0
1003560,0.0055000000000291,0
1003590,0.0065000000000509,0
1003620,0.0074999999999818,0
1003650,0.0069999999999254,0
1003680,0.0065000000000054,0
1003710,0.0055000000000291,0
1003740,0.0054999999999381,0
1003770,0.00600000000004,0
1003800,0.0059999999999945,0
1003830,0.0039999999999963,0
1003860,0.0070000000000163,0
1003890,0.0074999999999363,0
1003920,0.0059999999999945,0
1003950,0.0070000000000163,0
1003980,0.0065000000000054,0
1004010,0.0064999999999145,0
1004040,0.0075000000000272,0
1004070,0.0065000000000054,0
1004100,0.0064999999999599,0
1004130,0.0075000000000272,0
1004160,0.0090000000000145,0
1004190,0.0055000000000291,0
1004220,0.0040000000000418,0
1004250,0.0069999999999708,0
1004280,0.0069999999999708,0
1004310,0.00600000000004,0
1004340,0.00600000000004,0
1004370,0.0054999999999836,0
1004400,0.0065000000000054,0
1004430,0.0069999999999254,0
1004460,0.0050000000000181,0
1004490,0.0050000000000181,0
1004520,0.0070000000000163,0
1004550,0.00600000000004,0
1004580,0.0070000000000163,0
1004610,0.0045000000000072,0
1004640,0.0065000000000054,0
1004670,0.0049999999999727,0
1004700,0.0055000000000291,0
1004730,0.0054999999998926,0
1004760,0.0065000000000509,0
1004790,0.0045000000000072,0
1004820,0.0065000000000054,0
1004850,0.0059999999999945,0
1004880,0.0050000000000636,0
1004910,0.0065000000000054,0
1004940,0.0070000000000163,0
1004970,0.0055000000000291,0
1005000,0.011999999999989,0
1005030,0.0074999999999363,0
1005060,0.0215000000000145,0
1005090,0.0065000000000054,0
1005120,0.0064999999999599,0
1005150,0.0050000000000181,0
1005180,0.00600000000004,0
1005210,0.0064999999999599,0
1005240,0.0050000000000181,0
1005270,0.0034999999999854,0
1005300,0.0055000000000291,0
1005330,0.0044999999999618,0
1005360,0.0045000000000527,0
1005390,0.0039999999999054,0
1005420,0.0059999999999945,0
1005450,0.0059999999999945,0
1005480,0.0050000000000181,0
1005510,0.0055000000000291,0
1005540,0.0050000000000181,0
1005570,0.0055000000000291,0
1005600,0.0050000000000636,0
1005630,0.0050000000000636,0
1005660,0.0045000000000072,0
1005690,0.0044999999999618,0
1005720,0.0045000000000527,0
1005750,0.0039999999999963,0
1005780,0.0049999999999727,0
1005810,0.0049999999999727,0
1005840,0.0055000000000291,0
1005870,0.0050000000000636,0
1005900,0.0059999999999945,0
1005930,0.0095000000000254,0
1005960,0.0054999999999836,0
1005990,0.002999999999929,0
1006020,0.0064999999999599,0
1006050,0.0075000000000272,0
1006080,0.0049999999999727,0
1006110,0.0040000000000418,0
1006140,0.0040000000000418,0
1006170,0.0059999999999945,0
1006200,0.0055000000000291,0
1006230,0.0045000000000072,0
1006260,0.0055000000000291,0
1006290,0.0045000000000072,0
1006320,0.0059999999999945,0
1006350,0.0049999999999272,0
1006380,0.0055000000000291,0
1006410,0.0074999999999363,0
1006440,0.0049999999999727,0
1006470,0.0054999999999836,0
1006500,0.0059999999999945,0
1006530,0.0054999999999836,0
1006560,0.0039999999999054,0
1006590,0.0040000000000418,0
1006620,0.0059999999999035,0
1006650,0.0050000000000181,0
1006680,0.0049999999999727,0
1006710,0.0049999999999727,0
1006740,0.0054999999999381,0
1006770,0.0070000000000163,0
1006800,0.0030000000000654,0
1006830,0.0079999999999927,0
1006860,0.0054999999999836,0
1006890,0.0059999999999945,0
1006920,0.0029999999999745,0
1006950,0.0045000000000072,0
1006980,0.0039999999999963,0
1007010,0.00600000000004,0
1007040,0.0029999999999745,0
1007070,0.0125,0
1007100,0.0045000000000072,0
1007130,0.0055000000000291,0
1007160,0.0075000000000272,0
1007190,0.0034999999999854,0
1007220,0.0044999999999163,0
1007250,0.0055000000000291,0
1007280,0.0050000000000636,0
1007310,0.0045000000000072,0
1007340,0.0039999999999508,0
1007370,0.0055000000000291,0
1007400,0.0040000000000418,0
1007430,0.0045000000000527,0
1007460,0.0034999999999399,0
1007490,0.00550000000012,0
1007520,0.0029999999999745,0
1007550,0.0049999999999727,0
1007580,0.0040000000000873,0
1007610,0.0064999999999599,0
1007640,0.0050000000000181,0
1007670,0.0049999999999727,0
1007700,0.0054999999999836,0
1007730,0.0085000000000491,0
1007760,0.0049999999999727,0
1007790,0.00600000000004,0
1007820,0.0039999999999508,0
1007850,0.0040000000000418,0
1007880,0.0034999999999399,0
1007910,0.0054999999999836,0
1007940,0.0045000000000527,0
1007970,0.0035000000000309,0
1008000,0.0045000000000527,0
1008030,0.0034999999999399,0
1008060,0.0045000000000072,0
1008090,0.0054999999999836,0
1008120,0.0039999999999508,0
1008150,0.0044999999999618,0
1008180,0.021499999999969,0
1008210,0.0050000000000181,0
1008240,0.0059999999999945,0
1008270,0.0040000000000418,0
1008300,0.0049999999999727,0
1008330,0.0059999999999035,0
1008360,0.0044999999999618,0
1008390,0.0045000000000072,0
1008420,0.0045000000000982,0
1008450,0.0050000000000181,0
1008480,0.0034999999999854,0
1008510,0.0039999999999508,0
1008540,0.0040000000000418,0
1008570,0.0054999999999836,0
1008600,0.0044999999999163,0
1008630,0.0085000000000491,0
1008660,0.0054999999999836,0
1008690,0.005999999999949,0
1008720,0.00300000000002,0
1008750,0.0034999999999854,0
1008780,0.0039999999999508,0
1008810,0.0064999999999599,0
1008840,0.0039999999999508,0
1008870,0.0040000000000418,0
1008900,0.0054999999999381,0
1008930,0.0045000000000072,0
1008960,0.0045000000000982,0
1008990,0.0039999999999963,0
1009020,0.002999999999929,0
1009050,0.0039999999999508,0
1009080,0.002500000000009,0
1009110,0.00300000000002,0
1009140,0.0044999999999163,0
1009170,0.0064999999999599,0
1009200,0.0025000000000545,0
1009230,0.0045000000000072,0
1009260,0.0039999999999508,0
1009290,0.0075000000000272,0
1009320,0.0045000000000527,0
1009350,0.005999999999949,0
1009380,0.0054999999999836,0
1009410,0.0055000000000745,0
1009440,0.0064999999999599,0
1009470,0.0059999999999945,0
1009500,0.0040000000000418,0
1009530,0.0100000000000363,0
1009560,0.0049999999999272,0
1009590,0.0065000000000054,0
1009620,0.0049999999999727,0
1009650,0.0065000000000054,0
1009680,0.0054999999999836,0
1009710,0.0070000000000618,0
1009740,0.0045000000000072,0
1009770,0.0065000000000054,0
1009800,0.0065000000000509,0
1009830,0.0070000000000163,0
1009860,0.0064999999999599,0
1009890,0.0070000000000163,0
1009920,0.0075000000000727,0
1009950,0.0074999999999818,0
1009980,0.0065000000000054,0
1010010,0.0105000000000018,0
1010040,0.0079999999999472,0
1010070,0.0064999999999599,0
1010100,0.0055000000000745,0
1010130,0.0089999999999236,0
1010160,0.0079999999999927,0
1010190,0.0060000000000854,0
1010220,0.0065000000000054,0
1010250,0.0070000000000163,0
1010280,0.0064999999999599,0
1010310,0.0070000000000163,0
1010340,0.0075000000000727,0
1010370,0.011999999999989,0
1010400,0.0059999999999945,0
1010430,0.0085000000000491,0
1010460,0.0059999999999035,0
1010490,0.00600000000004,0
1010520,0.0070000000000163,0
1010550,0.0074999999999363,0
1010580,0.0074999999999363,0
1010610,0.0100000000000363,0
1010640,0.0069999999999254,0
1010670,0.0045000000000072,0
1010700,0.0059999999999945,0
1010730,0.0074999999999363,0
1010760,0.0069999999999254,0
1010790,0.0075000000000272,0
1010820,0.0070000000000618,0
1010850,0.0069999999999254,0
1010880,0.00600000000004,0
1010910,0.0070000000000618,0
1010940,0.0060000000000854,0
1010970,0.0065000000000054,0
1011000,0.0059999999999945,0
1011030,0.0049999999999727,0
1011060,0.0085000000000491,0
1011090,0.0074999999999363,0
1011120,0.0074999999999363,0
1011150,0.0079999999999472,0
1011180,0.0050000000000636,0
1011210,0.0069999999999708,0
1011240,0.0055000000000745,0
1011270,0.0055000000000291,0
1011300,0.00600000000004,0
1011330,0.0099999999999909,0
1011360,0.0074999999999818,0
1011390,0.0054999999999836,0
1011420,0.0049999999999727,0
1011450,0.005999999999949,0
1011480,0.0055000000000291,0
1011510,0.0074999999999818,0
1011540,0.0065000000000509,0
1011570,0.0059999999999945,0
1011600,0.0075000000000272,0
1011630,0.0070000000000163,0
1011660,0.0074999999999363,0
1011690,0.0070000000000163,0
1011720,0.0070000000000163,0
1011750,0.0070000000000163,0
1011780,0.0065000000000054,0
1011810,0.008999999999969,0
1011840,0.0074999999999818,0
1011870,0.0065000000000054,0
1011900,0.0060000000000854,0
1011930,0.0064999999999599,0
1011960,0.0074999999999818,0
1011990,0.0054999999999836,0
1012020,0.0064999999999599,0
1012050,0.00600000000004,0
1012080,0.0050000000000181,0
1012110,0.00900000000006,0
1012140,0.0110000000000127,0
1012170,0.0085000000000491,0
1012200,0.0039999999999963,0
1012230,0.0075000000000272,0
1012260,0.0065000000000509,0
1012290,0.0064999999999599,0
1012320,0.0070000000000163,0
1012350,0.0054999999999381,0
1012380,0.0055000000000291,0
1012410,0.0074999999999363,0
1012440,0.0065000000000509,0
1012470,0.0050000000000181,0
1012500,0.0064999999999145,0
1012530,0.0084999999999581,0
1012560,0.0069999999999708,0
1012590,0.0070000000001073,0
1012620,0.0074999999999363,0
1012650,0.0054999999999381,0
1012680,0.0069999999999708,0
1012710,0.0070000000000163,0
1012740,0.005999999999949,0
1012770,0.0075000000000727,0
1012800,0.0069999999999708,0
1012830,0.0065000000000964,0
1012860,0.0080000000000381,0
1012890,0.0065000000000054,0
1012920,0.005999999999949,0
1012950,0.0060000000000854,0
1012980,0.0055000000000291,0
1013010,0.0079999999999472,0
1013040,0.0044999999999618,0
1013070,0.0049999999999727,0
1013100,0.0065000000000509,0
1013130,0.0109999999999217,0
1013160,0.0080000000000836,0
1013190,0.0080000000000381,0
1013220,0.0055000000000745,0
1013250,0.0064999999999145,0
1013280,0.0055000000000291,0
1013310,0.0050000000000181,0
1013340,0.0054999999998926,0
1013370,0.0084999999999581,0
1013400,0.0054999999999836,0
1013430,0.00600000000004,0
1013460,0.0065000000000509,0
1013490,0.0075000000000727,0
1013520,0.0059999999999945,0
1013550,0.0084999999999581,0
1013580,0.0044999999999163,0
1013610,0.0074999999999818,0
1013640,0.0069999999998799,0
1013670,0.0045000000000072,0
1013700,0.0069999999999708,0
1013730,0.00600000000004,0
1013760,0.0045000000000072,0
1013790,0.0054999999999836,0
1013820,0.0045000000000072,0
1013850,0.0069999999999708,0
1013880,0.0055000000000291,0
1013910,0.0065000000000054,0
1013940,0.0045000000000072,0
1013970,0.0065000000000054,0
1014000,0.0065000000000054,0
1014030,0.0105000000001382,0
1014060,0.0094999999999799,0
1014090,0.0070000000000163,0
1014120,0.0049999999999272,0
1014150,0.0045000000000982,0
1014180,0.0074999999999363,0
1014210,0.0065000000000509,0
1014240,0.0020000000000436,0
1014270,0.0045000000000527,0
1014300,0.0039999999999963,0
1014330,0.0079999999999927,0
1014360,0.0065000000000054,0
1014390,0.0035000000000309,0
1014420,0.0044999999999618,0
1014450,0.0065000000000509,0
1014480,0.0054999999999836,0
1014510,0.005999999999949,0
1014540,0.0059999999999945,0
1014570,0.0049999999999727,0
1014600,0.0039999999999963,0
1014630,0.0035000000000309,0
1014660,0.0040000000000418,0
1014690,0.0039999999999508,0
1014720,0.0054999999999836,0
1014750,0.0044999999999618,0
1014780,0.0050000000000636,0
1014810,0.0074999999999818,0
1014840,0.0049999999999727,0
1014870,0.0055000000000291,0
1014900,0.0054999999999836,0
1014930,0.011999999999989,0
1014960,0.0064999999999599,0
1014990,0.00600000000004,0
1015020,0.0044999999999618,0
1015050,0.0085000000000036,0
1015080,0.00600000000004,0
1015110,0.0049999999998817,0
1015140,0.0050000000000181,0
1015170,0.0065000000000054,0
1015200,0.0035000000000309,0
1015230,0.0059999999999945,0
1015260,0.0059999999999945,0
1015290,0.0079999999999927,0
1015320,0.0059999999999035,0
1015350,0.0070000000000163,0
1015380,0.0054999999999836,0
1015410,0.0065000000000509,0
1015440,0.0064999999999145,0
1015470,0.00600000000004,0
1015500,0.0055000000000291,0
1015530,0.0055000000000291,0
1015560,0.0045000000000527,0
1015590,0.0039999999999508,0
1015620,0.0055000000000745,0
1015650,0.0049999999999727,0
1015680,0.0040000000000418,0
1015710,0.0065000000000054,0
1015740,0.0065000000000509,0
1015770,0.00550000000012,0
1015800,0.0044999999999618,0
1015830,0.00900000000006,0
1015860,0.0070000000000618,0
1015890,0.0050000000000181,0
1015920,0.0039999999999508,0
1015950,0.0019999999999981,0
1015980,0.0040000000000418,0
1016010,0.0050000000000181,0
1016040,0.0059999999999945,0
1016070,0.0069999999999254,0
1016100,0.0035000000000309,0
1016130,0.0054999999999381,0
1016160,0.0050000000000181,0
1016190,0.0065000000000054,0
1016220,0.0039999999999963,0
1016250,0.0055000000000291,0
1016280,0.0064999999999145,0
1016310,0.0059999999999945,0
1016340,0.0055000000000745,0
1016370,0.0050000000000636,0
1016400,0.0045000000000072,0
1016430,0.0049999999999272,0
1016460,0.0039999999999508,0
1016490,0.0045000000000072,0
1016520,0.0049999999999727,0
1016550,0.00300000000002,0
1016580,0.0039999999999963,0
1016610,0.0044999999999163,0
1016640,0.0035000000000309,0
1016670,0.0039999999999508,0
1016700,0.0034999999999854,0
1016730,0.0105000000000472,0
1016760,0.0035000000000309,0
1016790,0.0040000000000418,0
1016820,0.0054999999999836,0
1016850,0.0144999999999981,0
1016880,0.0054999999999836,0
1016910,0.0055000000000291,0
1016940,0.0069999999999708,0
1016970,0.0269999999999981,0
1017000,0.0049999999999727,0
1017030,0.0054999999999836,0
1017060,0.0059999999999945,0
1017090,0.0034999999999854,0
1017120,0.0044999999999618,0
1017150,0.0064999999999599,0
1017180,0.0039999999999963,0
1017210,0.0065000000000054,0
1017240,0.0029999999999745,0
1017270,0.0049999999999272,0
1017300,0.0034999999999399,0
1017330,0.0059999999999945,0
1017360,0.0039999999999963,0
1017390,0.0045000000000527,0
1017420,0.0044999999999618,0
1017450,0.0035000000000309,0
1017480,0.0049999999999272,0
1017510,0.0019999999999981,0
1017540,0.0029999999999745,0
1017570,0.0055000000000291,0
1017600,0.0045000000000072,0
1017630,0.0065000000000509,0
1017660,0.0050000000000181,0
1017690,0.0025000000000545,0
1017720,0.0059999999999945,0
1017750,0.0035000000000309,0
1017780,0.0044999999999618,0
1017810,0.0070000000000163,0
1017840,0.00600000000004,0
1017870,0.0059999999999945,0
1017900,0.0065000000000054,0
1017930,0.0079999999999472,0
1017960,0.00550000000012,0
1017990,0.0059999999999945,0
1018020,0.0044999999999618,0
1018050,0.0084999999999581,0
1018080,0.0045000000000072,0
1018110,0.0070000000000618,0
1018140,0.0055000000000291,0
1018170,0.0069999999999254,0
1018200,0.0049999999999727,0
1018230,0.0059999999999945,0
1018260,0.0114999999999781,0
1018290,0.0085000000000491,0
1018320,0.0054999999999836,0
1018350,0.0079999999999927,0
1018380,0.0074999999999818,0
1018410,0.008999999999969,0
1018440,0.0049999999999727,0
1018470,0.0079999999999472,0
1018500,0.0059999999999945,0
1018530,0.0115000000000236,0
1018560,0.0075000000000272,0
1018590,0.00600000000004,0
1018620,0.005999999999949,0
1018650,0.0085000000000036,0
1018680,0.0050000000000636,0
1018710,0.0045000000000527,0
1018740,0.0059999999999945,0
1018770,0.0085000000000036,0
1018800,0.00600000000004,0
1018830,0.0065000000000509,0
1018860,0.0074999999999818,0
1018890,0.0100000000000818,0
1018920,0.0049999999999727,0
1018950,0.0070000000000163,0
1018980,0.0045000000000072,0
1019010,0.0079999999999927,0
1019040,0.0054999999999836,0
1019070,0.0074999999999818,0
1019100,0.0050000000000181,0
1019130,0.0080000000000381,0
1019160,0.0079999999999472,0
1019190,0.0069999999999708,0
1019220,0.0059999999999945,0
1019250,0.0080000000000381,0
1019280,0.0054999999999836,0
1019310,0.0069999999999254,0
1019340,0.0074999999999363,0
1019370,0.0054999999999836,0
1019400,0.0045000000000527,0
1019430,0.0099999999999454,0
1019460,0.0065000000000054,0
1019490,0.0059999999999945,0
1019520,0.0069999999999708,0
1019550,0.0074999999999363,0
1019580,0.0060000000000854,0
1019610,0.0074992500750652,0
1019640,0.0050000000000181,0
1019670,0.0049999999999727,0
1019700,0.0055000000000291,0
1019730,0.0069999999999708,0
1019760,0.0049999999999727,0
1019790,0.0075000000000272,0
1019820,0.0049999999999727,0
1019850,0.0075000000000272,0
1019880,0.005999999999949,0
1019910,0.0090000000000145,0
1019940,0.00600000000004,0
1019970,0.0070000000000163,0
1020000,0.0045000000000072,0
1020030,0.0059999999999035,0
1020060,0.0049999999999727,0
1020090,0.0054999999999836,0
1020120,0.0050000000000636,0
1020150,0.0094999999999799,0
1020180,0.005999999999949,0
1020210,0.0089999999999236,0
1020240,0.0045000000000072,0
1020270,0.0065000000000054,0
1020300,0.0049999999999727,0
1020330,0.0085000000000036,0
1020360,0.0045000000000072,0
1020390,0.0075000000000272,0
1020420,0.0054999999999836,0
1020450,0.0069999999999708,0
1020480,0.0054999999999836,0
1020510,0.0055000000000291,0
1020540,0.0039999999999508,0
1020570,0.0075000000000272,0
1020600,0.0039999999999963,0
1020630,0.0049999999999727,0
1020660,0.0054999999999381,0
1020690,0.0065000000000054,0
1020720,0.0049999999999727,0
1020750,0.0049999999999727,0
1020780,0.0045000000000072,0
1020810,0.0065000000000054,0
1020840,0.0039999999999963,0
1020870,0.0075000000000727,0
1020900,0.0050000000000181,0
1020930,0.0069999999999708,0
1020960,0.0054999999999381,0
1020990,0.00550000000012,0
1021020,0.0065000000000964,0
1021050,0.0069999999999708,0
1021080,0.0055000000000291,0
1021110,0.1785000000000309,0
1021140,0.0065000000000054,0
1021170,0.0069999999999708,0
1021200,0.0059999999999945,0
1021230,0.0080000000000381,0
1021260,0.0059999999999945,0
1021290,0.0065000000000964,0
1021320,0.0059999999999945,0
1021350,0.0054999999998926,0
1021380,0.0054999999999381,0
1021410,0.0109999999999672,0
1021440,0.00600000000004,0
1021470,0.00600000000004,0
1021500,0.0059999999999945,0
1021530,0.0059999999999945,0
1021560,0.0064999999999599,0
1021590,0.00600000000004,0
1021620,0.0030000000000654,0
1021650,0.0054999999999381,0
1021680,0.0045000000000527,0
1021710,0.0084999999999581,0
1021740,0.0050000000000181,0
1021770,0.0065000000000054,0
1021800,0.0045000000000072,0
1021830,0.0065000000000054,0
1021860,0.0045000000000527,0
1021890,0.0074999999999818,0
1021920,0.0050000000000181,0
1021950,0.0064999999999599,0
1021980,0.0045000000000072,0
1022010,0.0085000000000491,0
1022040,0.0050000000000181,0
1022070,0.0084999999999126,0
1022100,0.0054999999999381,0
1022130,0.011999999999989,0
1022160,0.0085000000000036,0
1022190,0.0035000000000309,0
1022220,0.0045000000000072,0
1022250,0.0065000000000509,0
1022280,0.0039999999999508,0
1022310,0.0070000000000163,0
1022340,0.0044999999999163,0
1022370,0.0075000000000727,0
1022400,0.0044999999999618,0
1022430,0.0074999999999818,0
1022460,0.0065000000000054,0
1022490,0.0085000000000491,0
1022520,0.0054999999999836,0
1022550,0.0050000000000636,0
1022580,0.0055000000000291,0
1022610,0.0055000000000291,0
1022640,0.0034999999999399,0
1022670,0.00600000000004,0
1022700,0.00300000000002,0
1022730,0.0074999999999818,0
1022760,0.0075000000000272,0
1022790,0.0055000000000291,0
1022820,0.0044999999999618,0
1022850,0.0085000000000491,0
1022880,0.0039999999999963,0
1022910,0.0079999999999927,0
1022940,0.0050000000000636,0
1022970,0.0075000000000272,0
1023000,0.0049999999999272,0
1023030,0.0100000000000363,0
1023060,0.0085000000000491,0
1023090,0.0085000000000491,0
1023120,0.0045000000000527,0
1023150,0.0065000000000054,0
1023180,0.0034999999999854,0
1023210,0.0080000000000836,0
1023240,0.0039999999999963,0
1023270,0.0065000000000509,0
1023300,0.0049999999999727,0
1023330,0.0059999999998581,0
1023360,0.0055000000000745,0
1023390,0.0065000000000509,0
1023420,0.0050000000000636,0
1023450,0.0145000000000436,0
1023480,0.0094999999999799,0
1023510,0.0055000000000291,0
1023540,0.0049999999999727,0
1023570,0.0055000000000745,0
1023600,0.0044999999999618,0
1023630,0.0034999999999399,0
1023660,0.0065000000000509,0
1023690,0.0079999999999927,0
1023720,0.0045000000000072,0
1023750,0.0065000000000054,0
1023780,0.0055000000000291,0
1023810,0.0069999999999708,0
1023840,0.0049999999999727,0
1023870,0.0059999999999945,0
1023900,0.00300000000002,0
1023930,0.008999999999969,0
1023960,0.0040000000000418,0
1023990,0.0059999999999945,0
1024020,0.0050000000000636,0
1024050,0.00600000000004,0
1024080,0.0044999999999618,0
1024110,0.0039999999999508,0
1024140,0.0065000000000054,0
1024170,0.0070000000000618,0
1024200,0.0045000000000527,0
1024230,0.005999999999949,0
1024260,0.0039999999999508,0
1024290,0.0070000000000163,0
1024320,0.0045000000000072,0
1024350,0.0044999999999163,0
1024380,0.0025000000000545,0
1024410,0.0054999999999836,0
1024440,0.0054999999999381,0
1024470,0.0040000000000418,0
1024500,0.002500000000009,0
1024530,0.0054999999999836,0
1024560,0.0065000000000054,0
1024590,0.0039999999999508,0
1024620,0.0039999999999963,0
1024650,0.0054999999999836,0
1024680,0.0054999999999381,0
1024710,0.0070000000001073,0
1024740,0.0055000000000291,0
1024770,0.0065000000000054,0
1024800,0.0054999999999836,0
1024830,0.0070000000000163,0
1024860,0.0050000000000181,0
1024890,0.0074999999999818,0
1024920,0.0049999999999727,0
1024950,0.0039999999999963,0
1024980,0.0049999999999272,0
1025010,0.00600000000004,0
1025040,0.0019999999999981,0
1025070,0.0049999999999272,0
1025100,0.0034999999999854,0
1025130,0.0054999999999836,0
1025160,0.0054999999999836,0
1025190,0.0050000000000181,0
1025220,0.0024999999999636,0
1025250,0.0050000000000181,0
1025280,0.0045000000000527,0
1025310,0.0019999999999527,0
1025340,0.0029999999999745,0
1025370,0.0035000000000309,0
1025400,0.0035000000000309,0
1025430,0.0039999999999963,0
1025460,0.00300000000002,0
1025490,0.5014999999999419,0
1025520,0.1679999999999836,0
1025550,0.2949999999999364,0
1025580,0.39399999999996,0
1025610,0.3675000000000637,0
1025640,0.1544999999999163,0
1025670,0.2079999999999472,0
1025700,0.2580000000000382,0
1025730,0.2329999999999927,0
1025760,0.5690000000000055,0
1025790,0.1590000000000145,0
1025820,0.0100000000000363,0
1025850,0.0144999999999981,0
1025880,0.0135000000000218,0
1025910,0.4664999999999509,0
1025940,0.1495000000000345,0
1025970,0.0610000000000127,0
1026000,0.10600000000004,0
1026030,0.0619999999999436,0
1026060,0.0514999999999872,0
1026090,0.0545000000000072,0
1026120,0.07199999999998,0
1026150,0.061999999999989,0
1026180,0.1124999999999545,0
1026210,0.0914999999999963,0
1026240,0.0850000000000818,0
1026270,0.0539999999999508,0
1026300,0.5690000000000509,0
1026330,0.2839999999999236,0
1026360,0.0164999999999963,0
1026390,0.5460000000000036,0
1026420,0.2225000000000364,0
1026450,0.0200000000001182,0
1026480,0.48799999999992,0
1026510,0.0219999999999799,0
1026540,0.5170000000000528,0
1026570,0.1115000000000691,0
1026600,0.2954999999999927,0
1026630,0.2639999999999873,0
1026660,0.0225000000000363,0
1026690,0.0165000000000418,0
1026720,0.1390000000000782,0
1026750,0.2480000000000018,0
1026780,0.1084999999999581,0
1026810,0.0135000000000218,0
1026840,0.0155000000000654,0
1026870,0.0119999999999436,0
1026900,0.0100000000000363,0
1026930,0.0164999999999508,0
1026960,0.2355000000000472,0
1026990,0.0479999999999563,0
1027020,0.1589999999999236,0
1027050,0.0220000000000254,0
1027080,0.0165000000000873,0
1027110,0.1864999999999781,0
1027140,0.1285000000000309,0
1027170,0.0289999999999963,0
1027200,0.0260000000000218,0
1027230,0.0304999999999836,0
1027260,0.2364999999999781,0
1027290,0.0589999999999236,0
1027320,0.0144999999999981,0
1027350,0.0130000000000109,0
1027380,0.0129999999999654,0
1027410,0.0169999999998708,0
1027440,0.0125,0
1027470,0.0389999999999417,0
1027500,0.2294999999998708,0
1027530,0.0540000000000418,0
1027560,0.0125,0
1027590,0.0179999999999836,0
1027620,0.01850000000004,0
1027650,0.1845000000000254,0
1027680,0.1454999999999472,0
1027710,0.0249999999999545,0
1027740,0.0255000000000563,0
1027770,0.0319999999999709,0
1027800,0.0289999999999508,0
1027830,0.0050000000000181,0
1027860,0.0099999999998999,0
1027890,0.011999999999989,0
1027920,0.0889999999999417,0
1027950,0.024499999999989,0
1027980,0.0104999999999563,0
1028010,0.0084999999999126,0
1028040,0.0064999999999599,0
1028070,0.0259999999999763,0
1028100,0.1855000000000018,0
1028130,0.1169999999999163,0
1028160,0.1230000000000473,0
1028190,0.2760000000000218,0
1028220,0.0484999999999672,0
1028250,0.2059999999999945,0
1028280,0.0360000000000127,0
1028310,0.012499999999909,0
1028340,0.0105000000000018,0
1028370,0.0115000000000236,0
1028400,0.0125000000000909,0
1028430,0.0140000000000782,0
1028460,0.2270000000000437,0
1028490,0.0639999999999418,0
1028520,0.0080000000000381,0
1028550,0.0290000000000418,0
1028580,0.1144999999999527,0
1028610,0.0115000000000691,0
1028640,0.015000000000009,0
1028670,0.0209999999999126,0
1028700,0.1535000000000309,0
1028730,0.0159999999999399,0
1028760,0.0290000000000418,0
1028790,0.1875,0
1028820,0.5460000000000492,0
1028850,0.2309999999999036,0
1028880,0.0925000000000182,0
1028910,0.0695000000000163,0
1028940,0.1080000000000382,0
1028970,0.3990000000000237,0
1029000,0.13149999999996,0
1029030,0.0784999999998945,0
1029060,0.0175000000000636,0
1029090,0.021499999999969,0
1029120,0.2434999999999945,0
1029150,0.1695000000000618,0
1029180,0.0309999999999945,0
1029210,0.0170000000000527,0
1029240,0.2804999999999836,0
1029270,0.1584999999999581,0
1029300,0.0314999999999145,0
1029330,0.0134999999999308,0
1029360,0.0115000000000691,0
1029390,0.0134999999999308,0
1029420,0.0090000000001055,0
1029450,0.0139999999999417,0
1029480,0.2650000000000546,0
1029510,0.16200000000008,0
1029540,0.0220000000000254,0
1029570,0.0299999999999727,0
1029600,0.2500000000000454,0
1029630,0.0509999999999763,0
1029660,0.2425000000000636,0
1029690,0.1404999999999745,0
1029720,0.0105000000000018,0
1029750,0.0105000000000472,0
1029780,0.0335000000000036,0
1029810,0.2494999999999891,0
1029840,0.1454999999999472,0
1029870,0.1440000000000054,0
1029900,0.1314999999999599,0
1029930,0.0389999999999872,0
1029960,0.2349999999999909,0
1029990,0.0879999999999199,0
1030020,0.0499999999999545,0
1030050,0.1779999999999745,0
1030080,0.212499999999909,0
1030110,0.1184999999999945,0
1030140,0.2294999999999163,0
1030170,0.0465000000000145,0
1030200,0.0334999999999581,0
1030230,0.21550000000002,0
1030260,0.1409999999999399,0
1030290,0.0224999999999909,0
1030320,0.0189999999999599,0
1030350,0.1695000000000164,0
1030380,0.0570000000000163,0
1030410,0.2329999999999472,0
1030440,0.0830000000000382,0
1030470,0.2170000000000073,0
1030500,0.2075000000000728,0
1030530,0.2445000000000164,0
1030560,0.1190000000000054,0
1030590,0.0255000000000563,0
1030620,0.1635000000000218,0
1030650,0.0804999999999381,0
1030680,0.2349999999999454,0
1030710,0.1604999999999563,0
1030740,0.0154999999999745,0
1030770,0.2400000000000091,0
1030800,0.1620000000000345,0
1030830,0.2530000000001564,0
1030860,0.1909999999999854,0
1030890,0.1140000000000327,0
1030920,0.11850000000004,0
1030950,0.0809999999999945,0
1030980,0.2104999999999109,0
1031010,0.0564999999999599,0
1031040,0.1235000000000127,0
1031070,0.0169999999999618,0
1031100,0.2365000000000236,0
1031130,0.11550000000002,0
1031160,0.0230000000000472,0
1031190,0.0075000000000727,0
1031220,0.0065000000000054,0
1031250,0.1699999999999818,0
1031280,0.1255000000000109,0
1031310,0.0259999999999763,0
1031340,0.246499999999969,0
1031370,0.2269999999999981,0
1031400,0.0134999999999308,0
1031430,0.0239999999999781,0
1031460,0.0954999999999927,0
1031490,0.1360000000000127,0
1031520,0.1410000000000309,0
1031550,0.2224999999999909,0
1031580,0.1045000000000072,0
1031610,0.2504999999999654,0
1031640,0.2229999999999108,0
1031670,0.0635000000000673,0
1031700,0.0474999999999909,0
1031730,0.2384999999999763,0
1031760,0.1254999999999199,0
1031790,0.0480000000000472,0
1031820,0.1775000000000091,0
1031850,0.1139999999999872,0
1031880,0.0889999999999872,0
1031910,0.0425000000000182,0
1031940,0.0285000000000309,0
1031970,0.2589999999999691,0
1032000,0.1675000000001091,0
1032030,0.06550000000002,0
1032060,0.2694999999999709,0
1032090,0.0829999999999472,0
1032120,0.2190000000000054,0
1032150,0.1675000000001091,0
1032180,0.0549999999999727,0
1032210,0.1710000000000036,0
1032240,0.05900000000006,0
1032270,0.1930000000000291,0
1032300,0.0640000000000782,0
1032330,0.1070000000000163,0
1032360,0.0409999999998944,0
1032390,0.2250000000000455,0
1032420,0.16550000000002,0
1032450,0.0614999999999327,0
1032480,0.1245000000000345,0
1032510,0.065000000000009,0
1032540,0.1004999999999654,0
1032570,0.1920000000000072,0
1032600,0.1075000000000273,0
1032630,0.0349999999999454,0
1032660,0.15300000000002,0
1032690,0.1625,0
1032720,0.0230000000000018,0
1032750,0.0215000000000145,0
1032780,0.2334999999999127,0
1032810,0.108999999999969,0
1032840,0.034499999999889,0
1032870,0.0079999999999927,0
1032900,0.0109999999999672,0
1032930,0.1070000000000163,0
1032960,0.2409999999999854,0
1032990,0.0610000000000127,0
1033020,0.1960000000000491,0
1033050,0.1244999999999436,0
1033080,0.0334999999999581,0
1033110,0.1230000000000018,0
1033140,0.0294999999999618,0
1033170,0.0160000000000763,0
1033200,0.0304999999999836,0
1033230,0.2400000000000546,0
1033260,0.1139999999999417,0
1033290,0.0180000000000291,0
1033320,0.0125,0
1033350,0.2384999999999763,0
1033380,0.1675000000000181,0
1033410,0.025,0
1033440,0.0124999999999545,0
1033470,0.0450000000000272,0
1033500,0.158999999999969,0
1033530,0.0865000000000236,0
1033560,0.0154999999999745,0
1033590,0.0159999999999854,0
1033620,0.0425000000001091,0
1033650,0.2150000000001,0
1033680,0.1505000000000109,0
1033710,0.0110000000000582,0
1033740,0.0979999999999563,0
1033770,0.1385000000000673,0
1033800,0.2680000000000745,0
1033830,0.0300000000000636,0
1033860,0.2464999999999691,0
1033890,0.1255000000000109,0
1033920,0.0244999999999436,0
1033950,0.01550000000002,0
1033980,0.0245000000000345,0
1034010,0.2014999999999418,0
1034040,0.1164999999999509,0
1034070,0.0134999999999308,0
1034100,0.0109999999999672,0
1034130,0.2634999999999763,0
1034160,0.0854999999999563,0
1034190,0.0035000000000309,0
1034220,0.0055000000000291,0
1034250,0.0089999999999236,0
1034280,0.24950000000008,0
1034310,0.0750000000000909,0
1034340,0.2184999999999945,0
1034370,0.1239999999999781,0
1034400,0.5634999999999764,0
1034430,0.11850000000004,0
1034460,0.3059999999999945,0
1034490,0.1020000000000436,0
1034520,0.1269999999999982,0
1034550,0.3315000000000054,0
1034580,0.1234999999999217,0
1034610,0.2934999999999491,0
1034640,0.2299999999999272,0
1034670,0.0969999999999345,0
1034700,0.3350000000000364,0
1034730,0.1210000000000036,0
1034760,0.3399999999999636,0
1034790,0.2119999999999436,0
1034820,0.0400000000000545,0
1034850,0.2050000000000182,0
1034880,0.0835000000000036,0
1034910,0.061999999999989,0
1034940,0.1110000000000582,0
1034970,0.5465000000000146,0
1035000,0.1809999999999945,0
1035030,0.1425000000000181,0
1035060,0.0204999999999927,0
1035090,0.0125,0
1035120,0.2440000000000054,0
1035150,0.1234999999999672,0
1035180,0.01550000000002,0
1035210,0.0110000000000582,0
1035240,0.0190000000000964,0
1035270,0.0094999999999345,0
1035300,0.0094999999999799,0
1035330,0.2274999999999636,0
1035360,0.2040000000001327,0
1035390,0.015000000000009,0
1035420,0.0059999999999945,0
1035450,0.0120000000000345,0
1035480,0.006499999999869,0
1035510,0.2284999999999854,0
1035540,0.1755000000001018,0
1035570,0.0190000000000054,0
1035600,0.0144999999999527,0
1035630,0.0205000000000381,0
1035660,0.0130000000000563,0
1035690,0.0159999999999854,0
1035720,0.0115000000000236,0
1035750,0.2304999999998927,0
1035780,0.1709999999999582,0
1035810,0.0224999999999909,0
1035840,0.0100000000000818,0
1035870,0.0079999999999927,0
1035900,0.0120000000000345,0
1035930,0.0090000000000145,0
1035960,0.1885000000000673,0
1035990,0.1485000000000582,0
1036020,0.0175000000000181,0
1036050,0.0980000000000472,0
1036080,0.1100000000000364,0
1036110,0.024999999999909,0
1036140,0.0189999999999599,0
1036170,0.2345000000000254,0
1036200,0.0795000000000982,0
1036230,0.2160000000000764,0
1036260,0.1520000000000891,0
1036290,0.0359999999999672,0
1036320,0.2444999999999254,0
1036350,0.1085000000000036,0
1036380,0.0149999999999636,0
1036410,0.0284999999999854,0
1036440,0.0259999999999763,0
1036470,0.01850000000004,0
1036500,0.0419999999999618,0
1036530,0.1505000000000564,0
1036560,0.0799999999999727,0
1036590,0.0199999999999818,0
1036620,0.0154999999999745,0
1036650,0.0139999999999872,0
1036680,0.0180000000000291,0
1036710,0.0190000000000509,0
1036740,0.0275000000000545,0
1036770,0.024499999999989,0
1036800,0.0234999999999672,0
1036830,0.0660000000000764,0
1036860,0.1694999999999709,0
1036890,0.0210000000000491,0
1036920,0.0129999999999654,0
1036950,0.0104999999999563,0
1036980,0.0109999999999217,0
1037010,0.0110000000000127,0
1037040,0.0144999999999981,0
1037070,0.0294999999999618,0
1037100,0.1554999999999836,0
1037130,0.0849999999999454,0
1037160,0.0499999999999545,0
1037190,0.0380000000000109,0
1037220,0.0430000000000291,0
1037250,0.0150000000000545,0
1037280,0.0179999999999836,0
1037310,0.0145000000000891,0
1037340,0.0459999999999126,0
1037370,0.2009999999999763,0
1037400,0.1349999999999909,0
1037430,0.04050000000002,0
1037460,0.2324999999999818,0
1037490,0.137499999999909,0
1037520,0.0565000000000509,0
1037550,0.1844999999999799,0
1037580,0.1054999999999836,0
1037610,0.0175000000000181,0
1037640,0.0135000000000218,0
1037670,0.0164999999999508,0
1037700,0.0195000000000163,0
1037730,0.0154999999999745,0
1037760,0.0124999999999545,0
1037790,0.0139999999999872,0
1037820,0.0139999999999872,0
1037850,0.0139999999999872,0
1037880,0.0184999999999945,0
1037910,0.0200000000000272,0
1037940,0.0174999999999272,0
1037970,0.0175000000000181,0
1038000,0.0169999999999618,0
1038030,0.0179999999999836,0
1038060,0.0239999999999781,0
1038090,0.2465000000001055,0
1038120,0.1380000000000109,0
1038150,0.01550000000002,0
1038180,0.0184999999999945,0
1038210,0.0169999999998708,0
1038240,0.0124999999999545,0
1038270,0.2404999999999745,0
1038300,0.1235000000000582,0
1038330,0.2309999999999945,0
1038360,0.1940000000000054,0
1038390,0.1675000000000182,0
1038420,0.1580000000000382,0
1038450,0.0609999999998763,0
1038480,0.1264999999999873,0
1038510,0.0635000000000218,0
1038540,0.1495000000000345,0
1038570,0.1520000000000436,0
1038600,0.1009999999999763,0
1038630,0.0120000000000345,0
1038660,0.0134999999999763,0
1038690,0.0170000000000527,0
1038720,0.01550000000002,0
1038750,0.0165000000000418,0
1038780,0.2324999999998908,0
1038810,0.168499999999949,0
1038840,0.0359999999999672,0
1038870,0.2295000000000072,0
1038900,0.20900000000006,0
1038930,0.0245000000000345,0
1038960,0.2200000000000272,0
1038990,0.1730000000000018,0
1039020,0.0095000000000254,0
1039050,0.2164999999999054,0
1039080,0.1820000000000163,0
1039110,0.0230000000000018,0
1039140,0.0094999999999799,0
1039170,0.0134999999999308,0
1039200,0.0340000000000145,0
1039230,0.0174999999999272,0
1039260,0.0204999999999472,0
1039290,0.0209999999999581,0
1039320,0.0124999999999545,0
1039350,0.0224999999999909,0
1039380,0.0085000000000036,0
1039410,0.0119999999999436,0
1039440,0.0105000000000927,0
1039470,0.0095000000000254,0
1039500,0.0074999999999818,0
1039530,0.0174999999998817,0
1039560,0.0125000000000454,0
1039590,0.0224999999999909,0
1039620,0.086999999999989,0
1039650,0.1755000000000564,0
1039680,0.2479999999999563,0
1039710,0.0840000000000145,0
1039740,0.0079999999999927,0
1039770,0.2459999999999127,0
1039800,0.1395000000000891,0
1039830,0.0375,0
1039860,0.0104999999999563,0
1039890,0.0825000000000727,0
1039920,0.1679999999999381,0
1039950,0.0729999999999563,0
1039980,0.1385000000000218,0
1040010,0.02800000000002,0
1040040,0.0224999999999454,0
1040070,0.2424999999999272,0
1040100,0.1489999999999782,0
1040130,0.2484999999999217,0
1040160,0.1234999999999672,0
1040190,0.0520000000000891,0
1040220,0.1495000000000345,0
1040250,0.0435000000000855,0
1040280,0.0179999999999836,0
1040310,0.2455000000000382,0
1040340,0.1574999999999363,0
1040370,0.0315000000000054,0
1040400,0.1869999999999891,0
1040430,0.0770000000000436,0
1040460,0.2514999999999873,0
1040490,0.096499999999969,0
1040520,0.2240000000000691,0
1040550,0.1014999999998963,0
1040580,0.152999999999929,0
1040610,0.12150000000006,0
1040640,0.0094999999999799,0
1040670,0.0085000000000491,0
1040700,0.0159999999999399,0
1040730,0.22150000000006,0
1040760,0.1364999999999327,0
1040790,0.2545000000000073,0
1040820,0.1690000000000054,0
1040850,0.0735000000000127,0
1040880,0.1620000000000345,0
1040910,0.0829999999999472,0
1040940,0.2585000000000491,0
1040970,0.0755000000000109,0
1041000,0.075,0
1041030,0.1115000000000691,0
1041060,0.2004999999999654,0
1041090,0.1150000000000545,0
1041120,0.4559999999999491,0
1041150,0.0909999999999854,0
1041180,0.1674999999999727,0
1041210,0.1289999999999509,0
1041240,0.4124999999999545,0
1041270,0.1524999999999636,0
1041300,0.0180000000000291,0
1041330,0.2459999999999581,0
1041360,0.1384999999999763,0
1041390,0.2214999999999691,0
1041420,0.1759999999999308,0
1041450,0.0610000000000127,0
1041480,0.20300000000002,0
1041510,0.0914999999999508,0
1041540,0.0300000000001091,0
1041570,0.2454999999999018,0
1041600,0.0480000000000018,0
1041630,0.0114999999999781,0
1041660,0.0085000000000036,0
1041690,0.0130000000001018,0
1041720,0.0134999999999308,0
1041750,0.0110000000000127,0
1041780,0.0135000000000218,0
1041810,0.0179999999999836,0
1041840,0.0110000000000127,0
1041870,0.2119999999999891,0
1041900,0.1144999999999527,0
1041930,0.0404999999999745,0
1041960,0.0299999999999727,0
1041990,0.2144999999999527,0
1042020,0.0794999999999618,0
1042050,0.011999999999989,0
1042080,0.0114999999999781,0
1042110,0.0220000000000709,0
1042140,0.2519999999999981,0
1042170,0.1289999999999509,0
1042200,0.0115000000000691,0
1042230,0.0094999999999799,0
1042260,0.0104999999999563,0
1042290,0.0094999999999799,0
1042320,0.0119999999998981,0
1042350,0.0125000000000454,0
1042380,0.0125000000000454,0
1042410,0.0129999999999199,0
1042440,0.0195000000000618,0
1042470,0.0384999999999308,0
1042500,0.1800000000000182,0
1042530,0.083999999999969,0
1042560,0.2440000000000964,0
1042590,0.0489999999999781,0
1042620,0.2070000000000163,0
1042650,0.1994999999999436,0
1042680,0.09050000000002,0
1042710,0.2120000000000345,0
1042740,0.125,0
1042770,0.1939999999999145,0
1042800,0.1255000000000564,0
1042830,0.0274999999999181,0
1042860,0.0079999999999927,0
1042890,0.0069999999999708,0
1042920,0.0064999999999599,0
1042950,0.1125,0
1042980,0.1094999999999345,0
1043010,0.4803799050237732,0
1043040,0.1170000000000527,0
1043070,0.3954999999999473,0
1043100,0.1414999999999509,0
1043130,0.5909999999998036,0
1043160,0.2385000000000673,0
1043190,0.2840000000000146,0
1043220,0.175,0
1043250,0.1860000000000127,0
1043280,0.5745000000000345,0
1043310,0.2294999999999618,0
1043340,0.0875000000000909,0
1043370,0.1760000000000218,0
1043400,0.0219999999999345,0
1043430,0.1554999999999836,0
1043460,0.2725000000000364,0
1043490,0.1880000000000109,0
1043520,0.0909999999999399,0
1043550,0.0885000000000673,0
1043580,0.6030000000000201,0
1043610,0.2345000000000254,0
1043640,0.1965000000000145,0
1043670,0.2134999999999763,0
1043700,0.1925000000000182,0
1043730,0.2050000000000182,0
1043760,0.0290000000000418,0
1043790,0.0315000000000054,0
1043820,0.0460000000000036,0
1043850,0.5190000000000055,0
1043880,0.1289999999999508,0
1043910,0.2089999999999691,0
1043940,0.2345000000001164,0
1043970,0.2924999999999727,0
1044000,0.2434999999999945,0
1044030,0.1520000000000436,0
1044060,0.3320000000000618,0
1044090,0.2355000000000018,0
1044120,0.5639999999999418,0
1044150,0.1520000000000436,0
1044180,0.0149999999999636,0
1044210,0.0155000000000654,0
1044240,0.009499999999889,0
1044270,0.4625000000000455,0
1044300,0.1695000000000618,0
1044330,0.1164999999999963,0
1044360,0.1004999999999654,0
1044390,0.0575000000000727,0
1044420,0.052999999999929,0
1044450,0.0644999999999981,0
1044480,0.0640000000000327,0
1044510,0.0614999999999327,0
1044540,0.0835000000000036,0
1044570,0.0800000000000636,0
1044600,0.0854999999999563,0
1044630,0.0634999999999763,0
1044660,0.6164999999999964,0
1044690,0.268499999999949,0
1044720,0.0195000000000618,0
1044750,0.5965000000001056,0
1044780,0.1445000000000163,0
1044810,0.0169999999999163,0
1044840,0.280999999999949,0
1044870,0.0689999999999145,0
1044900,0.5450000000000274,0
1044930,0.1079999999999472,0
1044960,0.3105000000000928,0
1044990,0.0954999999999472,0
1045020,0.4950000000000728,0
1045050,0.0955000000000382,0
1045080,0.6350000000000363,0
1045110,0.22150000000006,0
1045140,0.0919999999999163,0
1045170,0.2380000000001018,0
1045200,0.2740000000000236,0
1045230,0.0264999999999872,0
1045260,0.01200000000008,0
1045290,0.1564999999999599,0
1045320,0.2519999999999527,0
1045350,0.1474999999999909,0
1045380,0.0129999999999654,0
1045410,0.0135000000000218,0
1045440,0.0149999999999636,0
1045470,0.0159999999999854,0
1045500,0.015000000000009,0
1045530,0.2345000000000255,0
1045560,0.0500000000000454,0
1045590,0.2019999999999982,0
1045620,0.0300000000001091,0
1045650,0.0165000000000418,0
1045680,0.0984999999999672,0
1045710,0.1085000000000036,0
1045740,0.0210000000000036,0
1045770,0.0189999999999599,0
1045800,0.0195000000000163,0
1045830,0.0205000000001291,0
1045860,0.20349999999994,0
1045890,0.1125000000000454,0
1045920,0.0149999999999636,0
1045950,0.0180000000000745,0
1045980,0.0220000000000254,0
1046010,0.0230000000000927,0
1046040,0.0250000000000909,0
1046070,0.0225000000000363,0
1046100,0.2139999999999418,0
1046130,0.0525000000000091,0
1046160,0.0109999999999672,0
1046190,0.0170000000000072,0
1046220,0.0180000000000291,0
1046250,0.1299999999999272,0
1046280,0.2615000000000236,0
1046310,0.0445000000000618,0
1046340,0.1989999999999782,0
1046370,0.0324999999999818,0
1046400,0.0090000000000145,0
1046430,0.0105000000000018,0
1046460,0.0070000000000163,0
1046490,0.0095000000000709,0
1046520,0.0064999999999599,0
1046550,0.0065000000000509,0
1046580,0.0070000000000163,0
1046610,0.0085000000000491,0
1046640,0.2050000000000182,0
1046670,0.0299999999999727,0
1046700,0.0155000000001109,0
1046730,0.2339999999999236,0
1046760,0.0534999999999854,0
1046790,0.0195000000000163,0
1046820,0.0164999999999963,0
1046850,0.2289999999999054,0
1046880,0.0774999999999636,0
1046910,0.0184999999999945,0
1046940,0.2355000000000473,0
1046970,0.1954999999998563,0
1047000,0.027500000000009,0
1047030,0.0129999999999654,0
1047060,0.2455000000000382,0
1047090,0.1934999999999945,0
1047120,0.0240000000000236,0
1047150,0.01850000000004,0
1047180,0.2005000000000109,0
1047210,0.0650000000000545,0
1047240,0.0115000000000236,0
1047270,0.011999999999989,0
1047300,0.0115000000000236,0
1047330,0.0099999999999454,0
1047360,0.0084999999999581,0
1047390,0.0075000000000727,0
1047420,0.0079999999999927,0
1047450,0.0070000000000163,0
1047480,0.2285000000000309,0
1047510,0.1414999999999963,0
1047540,0.0729999999999563,0
1047570,0.1259999999999763,0
1047600,0.0330000000000382,0
1047630,0.2424999999999727,0
1047660,0.1574999999999818,0
1047690,0.0724999999999909,0
1047720,0.1659999999999854,0
1047750,0.0289999999999963,0
1047780,0.0635000000000673,0
1047810,0.2430000000000291,0
1047840,0.0770000000000891,0
1047870,0.0124999999998635,0
1047900,0.2170000000000073,0
1047930,0.0739999999999781,0
1047960,0.0175000000000636,0
1047990,0.2439999999999599,0
1048020,0.1104999999999563,0
1048050,0.0265000000000782,0
1048080,0.2455000000000382,0
1048110,0.0605000000000473,0
1048140,0.0139999999999872,0
1048170,0.0764999999999418,0
1048200,0.1290000000000873,0
1048230,0.0274999999999181,0
1048260,0.0144999999999527,0
1048290,0.2445000000000163,0
1048320,0.0834999999999581,0
1048350,0.00900000000006,0
1048380,0.2429999999999381,0
1048410,0.1849999999999454,0
1048440,0.0355000000000472,0
1048470,0.2625000000000909,0
1048500,0.1360000000000127,0
1048530,0.0145000000000891,0
1048560,0.0074999999999818,0
1048590,0.0124999999999545,0
1048620,0.0060000000000854,0
1048650,0.0094999999999345,0
1048680,0.0384999999999763,0
1048710,0.1654999999999745,0
1048740,0.1380000000000109,0
1048770,0.0099999999999909,0
1048800,0.0065000000000054,0
1048830,0.0635000000000218,0
1048860,0.2069999999999709,0
1048890,0.1120000000000345,0
1048920,0.07800000000002,0
1048950,0.2165000000000873,0
1048980,0.1329999999999927,0
1049010,0.0285000000000309,0
1049040,0.0164999999999508,0
1049070,0.2429999999999836,0
1049100,0.1415000000000873,0
1049130,0.0840000000000145,0
1049160,0.0340000000000145,0
1049190,0.0330000000001291,0
1049220,0.0274999999999636,0
1049250,0.1284999999999399,0
1049280,0.1899999999999181,0
1049310,0.0415000000001327,0
1049340,0.0300000000000636,0
1049370,0.0460000000000036,0
1049400,0.19650000000006,0
1049430,0.0879999999999654,0
1049460,0.0070000000000163,0
1049490,0.0075000000000272,0
1049520,0.0134999999999763,0
1049550,0.0214999999999236,0
1049580,0.0050000000000181,0
1049610,0.0639999999999872,0
1049640,0.1354999999999109,0
1049670,0.0699999999999363,0
1049700,0.0065000000000509,0
1049730,0.0109999999999217,0
1049760,0.0099999999999454,0
1049790,0.0250000000000454,0
1049820,0.0074999999999818,0
1049850,0.0385000000000218,0
1049880,0.156499999999869,0
1049910,0.0545000000000982,0
1049940,0.0180000000000291,0
1049970,0.0114999999999781,0
1050000,0.0134999999999763,0
1050030,0.0170000000000527,0
1050060,0.0144999999999527,0
1050090,0.0145000000000436,0
1050120,0.0144999999999072,0
1050150,0.0264999999999417,0
1050180,0.0164999999999508,0
1050210,0.0085000000000036,0
1050240,0.0184999999999945,0
1050270,0.0075000000000272,0
1050300,0.0134999999999308,0
1050330,0.0170000000000072,0
1050360,0.0070000000000618,0
1050390,0.0059999999999945,0
1050420,0.0094999999999799,0
1050450,0.0090000000000145,0
1050480,0.0134999999999308,0
1050510,0.0190000000000509,0
1050540,0.0199999999999818,0
1050570,0.2654999999999745,0
1050600,0.0525000000000091,0
1050630,0.1320000000001073,0
1050660,0.0049999999999272,0
1050690,0.043499999999949,0
1050720,0.1200000000000272,0
1050750,0.0939999999999599,0
1050780,0.0065000000000054,0
1050810,0.008999999999969,0
1050840,0.2400000000000091,0
1050870,0.1425000000000182,0
1050900,0.25600000000004,0
1050930,0.1434999999999945,0
1050960,0.0240000000000236,0
1050990,0.1824999999999818,0
1051020,0.1929999999999836,0
1051050,0.1914999999999963,0
1051080,0.1470000000000254,0
1051110,0.0209999999999581,0
1051140,0.2445000000000618,0
1051170,0.1470000000000254,0
1051200,0.0134999999999763,0
1051230,0.0509999999999763,0
1051260,0.2594999999999799,0
1051290,0.0494999999999436,0
1051320,0.27199999999998,0
1051350,0.0469999999999799,0
1051380,0.2500000000000454,0
1051410,0.0585000000000491,0
1051440,0.2594999999999345,0
1051470,0.0465000000000145,0
1051500,0.2344999999999345,0
1051530,0.0864999999999781,0
1051560,0.1985000000000582,0
1051590,0.152999999999929,0
1051620,0.0330000000000836,0
1051650,0.0190000000000509,0
1051680,0.0284999999999854,0
1051710,0.03400000000006,0
1051740,0.0075000000000727,0
1051770,0.0069999999999254,0
1051800,0.0069999999999254,0
1051830,0.0475000000000818,0
1051860,0.0230000000000472,0
1051890,0.0184999999999945,0
1051920,0.00900000000006,0
1051950,0.0079999999999927,0
1051980,0.0134999999999763,0
1052010,0.2389999999999418,0
1052040,0.1394999999999527,0
1052070,0.0364999999999781,0
1052100,0.1554999999999836,0
1052130,0.0804999999999381,0
1052160,0.0070000000000163,0
1052190,0.0094999999999345,0
1052220,0.2400000000000091,0
1052250,0.1079999999999472,0
1052280,0.0165000000000418,0
1052310,0.0074999999999818,0
1052340,0.2345000000000255,0
1052370,0.1239999999999781,0
1052400,0.0235000000000127,0
1052430,0.0079999999999927,0
1052460,0.0080000000000836,0
1052490,0.0074999999999818,0
1052520,0.2460000000000036,0
1052550,0.0824999999999818,0
1052580,0.5544999999999618,0
1052610,0.2539999999999509,0
1052640,0.2730000000000927,0
1052670,0.2264999999999418,0
1052700,0.0919999999999618,0
1052730,0.227500000000009,0
1052760,0.0905000000000654,0
1052790,0.2480000000000018,0
1052820,0.1639999999999872,0
1052850,0.4574999999998909,0
1052880,0.2460000000000491,0
1052910,0.0860000000000582,0
1052940,0.2174999999999272,0
1052970,0.1159999999999854,0
1053000,0.700500000000011,0
1053030,0.2210000000000491,0
1053060,0.0509999999999763,0
1053090,0.4399999999999636,0
1053120,0.2319999999999254,0
1053150,0.0834999999999126,0
1053180,0.2525000000000545,0
1053210,0.1105000000000018,0
1053240,0.4044999999999618,0
1053270,0.2070000000000618,0
1053300,0.3639999999999872,0
1053330,0.2384999999998854,0
1053360,0.0830000000000381,0
1053390,0.2265000000000328,0
1053420,0.0835000000000491,0
1053450,0.3219999999999799,0
1053480,0.1159999999999854,0
1053510,0.4830000000000382,0
1053540,0.1195000000000163,0
1053570,0.43100000000004,0
1053600,0.2420000000000527,0
1053630,0.0895000000000436,0
1053660,0.2349999999999909,0
1053690,0.0904999999999745,0
1053720,0.4729999999999563,0
1053750,0.1909999999998945,0
1053780,0.3255000000000563,0
1053810,0.5420000000000527,0
1053840,0.25,0
1053870,0.2090000000000145,0
1053900,0.2379999999999199,0
1053930,0.0615000000000691,0
1053960,0.20600000000004,0
1053990,0.1084999999999127,0
1054020,0.5009999999999764,0
1054050,0.1139999999999872,0
1054080,0.4054999999999836,0
1054110,0.1445000000000618,0
1054140,0.5620000000000346,0
1054170,0.2355000000000018,0
1054200,0.2849999999999454,0
1054230,0.3720000000000255,0
1054260,0.2125000000000454,0
1054290,0.3434999999999036,0
1054320,0.2505000000001018,0
1054350,0.0860000000000127,0
1054380,0.2865000000000237,0
1054410,0.0989999999999781,0
1054440,0.5475000000000819,0
1054470,0.1610000000001037,0
1054500,0.3214999999999691,0
1054530,0.2434999999999035,0
1054560,0.0515000000000327,0
1054590,0.2455000000000382,0
1054620,0.2635000000000673,0
1054650,0.230999999999949,0
1054680,0.0929999999999836,0
1054710,0.2275000000001,0
1054740,0.1014999999999417,0
1054770,0.3155000000000655,0
1054800,0.1199999999998908,0
1054830,0.39399999999996,0
1054860,0.2415000000000418,0
1054890,0.2589999999999691,0
1054920,0.2244999999999436,0
1054950,0.0890000000000327,0
1054980,0.0379999999999654,0
1055010,0.1949999999999818,0
1055040,0.1300000000000636,0
1055070,0.0250000000000909,0
1055100,0.015499999999929,0
1055130,0.0315000000000964,0
1055160,0.01550000000002,0
1055190,0.0065000000000054,0
1055220,0.0424999999999727,0
1055250,0.1899999999999636,0
1055280,0.0659999999999854,0
1055310,0.0165000000000418,0
1055340,0.0279999999999745,0
1055370,0.0145000000000436,0
1055400,0.0079999999999472,0
1055430,0.0210000000000036,0
1055460,0.2209999999999581,0
1055490,0.2190000000000054,0
1055520,0.0184999999999945,0
1055550,0.0134999999999763,0
1055580,0.046499999999969,0
1055610,0.1350000000000364,0
1055640,0.05,0
1055670,0.01550000000002,0
1055700,0.0099999999999909,0
1055730,0.2289999999999509,0
1055760,0.1664999999999963,0
1055790,0.0144999999999981,0
1055820,0.0090000000000145,0
1055850,0.005999999999949,0
1055880,0.0090000000000145,0
1055910,0.2335000000000036,0
1055940,0.2260000000000673,0
1055970,0.0219999999999799,0
1056000,0.0085000000000945,0
1056030,0.0109999999999217,0
1056060,0.2235000000001036,0
1056090,0.1790000000000418,0
1056120,0.0205000000000382,0
1056150,0.0125000000000909,0
1056180,0.0150000000001,0
1056210,0.0139999999999872,0
1056240,0.0229999999999563,0
1056270,0.1344999999999345,0
1056300,0.1375000000000455,0
1056330,0.0290000000000418,0
1056360,0.0109999999999672,0
1056390,0.0080000000000381,0
1056420,0.0070000000000618,0
1056450,0.0080000000000381,0
1056480,0.0674999999999272,0
1056510,0.1100000000000363,0
1056540,0.0179999999999836,0
1056570,0.0355000000000018,0
1056600,0.13100000000004,0
1056630,0.036999999999989,0
1056660,0.025,0
1056690,0.2329999999999927,0
1056720,0.0910000000000764,0
1056750,0.0724999999999454,0
1056780,0.1134999999999763,0
1056810,0.0335000000000036,0
1056840,0.2269999999999982,0
1056870,0.1115000000000236,0
1056900,0.0160000000000309,0
1056930,0.0294999999999618,0
1056960,0.027999999999929,0
1056990,0.0195000000000163,0
1057020,0.0479999999999563,0
1057050,0.1420000000000527,0
1057080,0.083999999999969,0
1057110,0.0199999999999818,0
1057140,0.0155000000000654,0
1057170,0.015499999999929,0
1057200,0.0164999999999963,0
1057230,0.0255000000000563,0
1057260,0.0269999999999527,0
1057290,0.0229999999999108,0
1057320,0.0205000000000836,0
1057350,0.0969999999999799,0
1057380,0.1509999999999763,0
1057410,0.0209999999999126,0
1057440,0.0130000000000109,0
1057470,0.0114999999999781,0
1057500,0.0130000000000109,0
1057530,0.0125000000000454,0
1057560,0.0124999999999545,0
1057590,0.0395000000000436,0
1057620,0.1229999999999563,0
1057650,0.0804999999999381,0
1057680,0.0455000000000836,0
1057710,0.0410000000000309,0
1057740,0.0404999999999745,0
1057770,0.0150000000000545,0
1057800,0.01550000000002,0
1057830,0.0145000000001346,0
1057860,0.0690000000000964,0
1057890,0.1294999999999618,0
1057920,0.0555000000000291,0
1057950,0.0100000000000818,0
1057980,0.0139999999999417,0
1058010,0.252999999999929,0
1058040,0.1674999999999727,0
1058070,0.0169999999999618,0
1058100,0.2420000000000072,0
1058130,0.1804999999998017,0
1058160,0.01850000000004,0
1058190,0.2239999999999782,0
1058220,0.1639999999999418,0
1058250,0.0225000000000363,0
1058280,0.0099999999999454,0
1058310,0.0105000000000018,0
1058340,0.0129999999999199,0
1058370,0.0109999999999672,0
1058400,0.0125,0
1058430,0.0130000000000563,0
1058460,0.0094999999999799,0
1058490,0.0094999999999799,0
1058520,0.0105000000000018,0
1058550,0.0135000000000218,0
1058580,0.0120000000000345,0
1058610,0.0135000000000673,0
1058640,0.0144999999999981,0
1058670,0.0115000000000236,0
1058700,0.0480000000000927,0
1058730,0.2089999999999691,0
1058760,0.086999999999989,0
1058790,0.02800000000002,0
1058820,0.0140000000000782,0
1058850,0.0249999999999545,0
1058880,0.0389999999999872,0
1058910,0.1729999999999563,0
1058940,0.0885000000000673,0
1058970,0.1434999999999945,0
1059000,0.1369999999999891,0
1059030,0.0224999999999454,0
1059060,0.0320000000000618,0
1059090,0.1220000000000254,0
1059120,0.0439999999999599,0
1059150,0.0315000000000509,0
1059180,0.0254999999999654,0
1059210,0.2224999999999909,0
1059240,0.1360000000000582,0
1059270,0.0364999999999327,0
1059300,0.2170000000000527,0
1059330,0.1329999999999927,0
1059360,0.0070000000000163,0
1059390,0.0054999999999381,0
1059420,0.0035000000000309,0
1059450,0.0054999999999836,0
1059480,0.0599999999999909,0
1059510,0.1414999999999963,0
1059540,0.0475000000000363,0
1059570,0.0074999999998908,0
1059600,0.0080000000000381,0
1059630,0.0065000000000054,0
1059660,0.0074999999999818,0
1059690,0.0379999999999654,0
1059720,0.2400000000000091,0
1059750,0.0855000000000473,0
1059780,0.1479999999999563,0
1059810,0.1440000000000054,0
1059840,0.0690000000000509,0
1059870,0.1379999999999654,0
1059900,0.0319999999999709,0
1059930,0.2254999999999654,0
1059960,0.0849999999999909,0
1059990,0.2395000000000891,0
1060020,0.0644999999999527,0
1060050,0.0705000000000836,0
1060080,0.2334999999999127,0
1060110,0.0909999999999854,0
1060140,0.0575000000000272,0
1060170,0.0659999999999854,0
1060200,0.2339999999999236,0
1060230,0.1789999999999054,0
1060260,0.0229999999999108,0
1060290,0.0150000000000545,0
1060320,0.2460000000000946,0
1060350,0.1235000000000127,0
1060380,0.0094999999999345,0
1060410,0.0305000000000291,0
1060440,0.0160000000000309,0
1060470,0.0180000000000745,0
1060500,0.0150000000000545,0
1060530,0.243000000000029,0
1060560,0.1170000000000527,0
1060590,0.0094999999999345,0
1060620,0.0095000000000254,0
1060650,0.015000000000009,0
1060680,0.0204999999999927,0
1060710,0.2365000000000236,0
1060740,0.0769999999999981,0
1060770,0.0174999999999727,0
1060800,0.0124999999999545,0
1060830,0.0155000000000654,0
1060860,0.0139999999999417,0
1060890,0.0140000000000327,0
1060920,0.2374999999999545,0
1060950,0.0545000000000072,0
1060980,0.024499999999989,0
1061010,0.0159999999999854,0
1061040,0.2315000000000054,0
1061070,0.1194999999999709,0
1061100,0.0120000000000345,0
1061130,0.0085000000000036,0
1061160,0.0149999999999181,0
1061190,0.0090000000000145,0
1061220,0.0145000000000436,0
1061250,0.011999999999989,0
1061280,0.0204999999999472,0
1061310,0.0140000000000327,0
1061340,0.0514999999999872,0
1061370,0.1009999999999308,0
1061400,0.0120000000000345,0
1061430,0.0115000000000691,0
1061460,0.0144999999999072,0
1061490,0.0135000000000218,0
1061520,0.0095000000000254,0
1061550,0.0080000000000381,0
1061580,0.0099999999999454,0
1061610,0.0115000000000691,0
1061640,0.0125000000000454,0
1061670,0.2355000000000473,0
1061700,0.0430000000000291,0
1061730,0.0134999999999763,0
1061760,0.0134999999999308,0
1061790,0.0140000000000327,0
1061820,0.0119999999999436,0
1061850,0.0109999999999672,0
1061880,0.0154999999999745,0
1061910,0.0145000000000436,0
1061940,0.0204999999999017,0
1061970,0.6484999999999218,0
1062000,0.2014999999999872,0
1062030,0.20300000000002,0
1062060,0.2514999999999873,0
1062090,0.1974999999998999,0
1062120,0.2019999999999527,0
1062150,0.0240000000000236,0
1062180,0.0230000000000472,0
1062210,0.0380000000000563,0
1062240,0.0535000000000309,0
1062270,0.0024999999999636,0
1062300,0.0035000000000763,0
1062330,0.0029999999999745,0
1062360,0.0024999999999181,0
1062390,0.002500000000009,0
1062420,0.0019999999999981,0
1062450,0.0030000000000654,0
1062480,0.0035000000000309,0
1062510,0.0040000000000418,0
1062540,0.0045000000000072,0
1062570,0.002500000000009,0
1062600,0.0029999999999745,0
1062630,0.00600000000004,0
1062660,0.0055000000000291,0
1062690,0.0034999999999854,0
1062720,0.0034999999999854,0
1062750,0.00300000000002,0
1062780,0.0029999999999745,0
1062810,0.0040000000000418,0
1062840,0.0050000000000636,0
1062870,0.002500000000009,0
1062900,0.0050000000000636,0
1062930,0.0029999999999745,0
1062960,0.0040000000000873,0
1062990,0.002999999999929,0
1063020,0.0050000000000181,0
1063050,0.0019999999999981,0
1063080,0.0034999999999399,0
1063110,0.00600000000004,0
1063140,0.0044999999999618,0
1063170,0.002500000000009,0
1063200,0.0040000000000418,0
1063230,0.0024999999999636,0
1063260,0.0024999999999636,0
1063290,0.0014999999999417,0
1063320,0.0029999999999745,0
1063350,0.0035000000000309,0
1063380,0.0040000000000418,0
1063410,0.0045000000000072,0
1063440,0.0054999999999836,0
1063470,0.0039999999999963,0
1063500,0.005999999999949,0
1063530,0.0054999999999836,0
1063560,0.0045000000000527,0
1063590,0.00300000000002,0
1063620,0.0040000000000418,0
1063650,0.0045000000000072,0
1063680,0.0050000000000181,0
1063710,0.0065000000000054,0
1063740,0.0035000000000309,0
1063770,0.0049999999999727,0
1063800,0.00300000000002,0
1063830,0.0045000000000072,0
1063860,0.0044999999999618,0
1063890,0.0040000000000418,0
1063920,0.0045000000000072,0
1063950,0.0059999999999945,0
1063980,0.0044999999999618,0
1064010,0.0049999999999727,0
1064040,0.0049999999999727,0
1064070,0.0039999999999508,0
1064100,0.0050000000000636,0
1064130,0.0035000000000763,0
1064160,0.0049999999999727,0
1064190,0.0044999999999618,0
1064220,0.0050000000000636,0
1064250,0.0059999999999945,0
1064280,0.00300000000002,0
1064310,0.0065000000000054,0
1064340,0.0044999999999618,0
1064370,0.0040000000000418,0
1064400,0.0035000000000309,0
1064430,0.0085000000000036,0
1064460,0.0039999999999963,0
1064490,0.0045000000000072,0
1064520,0.0069999999999708,0
1064550,0.0039999999999963,0
1064580,0.0055000000000291,0
1064610,0.0085000000000491,0
1064640,0.0050000000000181,0
1064670,0.0049999999999272,0
1064700,0.0039999999999963,0
1064730,0.0065000000000509,0
1064760,0.0039999999999054,0
1064790,0.0054999999999381,0
1064820,0.0039999999999963,0
1064850,0.0040000000000418,0
1064880,0.0049999999999727,0
1064910,0.0069999999999254,0
1064940,0.0045000000000527,0
1064970,0.0050000000000181,0
1065000,0.0039999999999963,0
1065030,0.0045000000000072,0
1065060,0.0059999999999945,0
1065090,0.0065000000000054,0
1065120,0.0049999999999272,0
1065150,0.0045000000000527,0
1065180,0.0045000000000072,0
1065210,0.0054999999999836,0
1065240,0.0054999999999836,0
1065270,0.0070000000000163,0
1065300,0.0055000000000745,0
1065330,0.0099999999998999,0
1065360,0.0070000000000163,0
1065390,0.0049999999999272,0
1065420,0.0049999999999727,0
1065450,0.0039999999999963,0
1065480,0.0049999999999727,0
1065510,0.0029999999999745,0
1065540,0.00600000000004,0
1065570,0.0049999999999727,0
1065600,0.0059999999999945,0
1065630,0.0045000000000072,0
1065660,0.0079999999999927,0
1065690,0.0044999999999163,0
1065720,0.0045000000000072,0
1065750,0.0054999999999836,0
1065780,0.0049999999999727,0
1065810,0.0050000000000181,0
1065840,0.0059999999999035,0
1065870,0.00550000000012,0
1065900,0.0045000000000072,0
1065930,0.0049999999999727,0
1065960,0.0065000000000509,0
1065990,0.0054999999999836,0
1066020,0.0039999999999508,0
1066050,0.0045000000000072,0
1066080,0.0054999999999836,0
1066110,0.0045000000000072,0
1066140,0.0044999999999618,0
1066170,0.0050000000000181,0
1066200,0.0054999999999836,0
1066230,0.0064999999999599,0
1066260,0.0055000000000291,0
1066290,0.0029999999999745,0
1066320,0.0045000000000527,0
1066350,0.0040000000000873,0
1066380,0.005999999999949,0
1066410,0.00600000000004,0
1066440,0.005999999999949,0
1066470,0.0045000000000072,0
1066500,0.0054999999999836,0
1066530,0.0050000000000181,0
1066560,0.0054999999999381,0
1066590,0.0050000000000181,0
1066620,0.0054999999999836,0
1066650,0.0045000000000527,0
1066680,0.0049999999999272,0
1066710,0.0035000000000309,0
1066740,0.0044999999999618,0
1066770,0.0054999999999381,0
1066800,0.0060000000000854,0
1066830,0.0045000000000527,0
1066860,0.0075000000000727,0
1066890,0.0050000000000181,0
1066920,0.0055000000000291,0
1066950,0.0069999999999708,0
1066980,0.0050000000000181,0
1067010,0.0045000000000072,0
1067040,0.0044999999999618,0
1067070,0.0039999999999508,0
1067100,0.00600000000004,0
1067130,0.0039999999999508,0
1067160,0.0050000000000181,0
1067190,0.0045000000000527,0
1067220,0.0050000000000181,0
1067250,0.0039999999999963,0
1067280,0.0045000000000072,0
1067310,0.00600000000004,0
1067340,0.0054999999998926,0
1067370,0.0040000000000873,0
1067400,0.0045000000000527,0
1067430,0.0045000000000527,0
1067460,0.0080000000000382,0
1067490,0.0040000000000418,0
1067520,0.0035000000000309,0
1067550,0.0040000000000418,0
1067580,0.0045000000000072,0
1067610,0.0069999999999254,0
1067640,0.0060000000000854,0
1067670,0.0065000000000054,0
1067700,0.00300000000002,0
1067730,0.0045000000000527,0
1067760,0.0050000000000181,0
1067790,0.0054999999999836,0
1067820,0.0039999999999508,0
1067850,0.0059999999999945,0
1067880,0.0049999999999727,0
1067910,0.0034999999999854,0
1067940,0.0040000000000418,0
1067970,0.00300000000002,0
1068000,0.0065000000000054,0
1068030,0.0099999999998999,0
1068060,0.0045000000000072,0
1068090,0.00900000000006,0
1068120,0.0050000000000636,0
1068150,0.0035000000000309,0
1068180,0.0134999999999763,0
1068210,0.0074999999999818,0
1068240,0.0059999999999945,0
1068270,0.0049999999999272,0
1068300,0.0045000000000527,0
1068330,0.0054999999998926,0
1068360,0.0045000000000072,0
1068390,0.0039999999999963,0
1068420,0.0039999999999963,0
1068450,0.0034999999999854,0
1068480,0.0035000000000309,0
1068510,0.0069999999999254,0
1068540,0.0049999999999727,0
1068570,0.0050000000000636,0
1068600,0.0065000000000054,0
1068630,0.0214999999999236,0
1068660,0.0065000000000509,0
1068690,0.0044999999999163,0
1068720,0.0059999999999945,0
1068750,0.0364999999999781,0
1068780,0.0065000000000054,0
1068810,0.0074999999999818,0
1068840,0.0059999999999945,0
1068870,0.0054999999999836,0
1068900,0.0049999999999727,0
1068930,0.008999999999969,0
1068960,0.0039999999999054,0
1068990,0.0045000000000072,0
1069020,0.0049999999999272,0
1069050,0.0039999999999963,0
1069080,0.0044999999999163,0
1069110,0.0049999999999727,0
1069140,0.0055000000000291,0
1069170,0.0049999999999727,0
1069200,0.0055000000000291,0
1069230,0.0049999999999727,0
1069260,0.0034999999999854,0
1069290,0.0055000000000291,0
1069320,0.0035000000000309,0
1069350,0.0045000000000072,0
1069380,0.0039999999999963,0
1069410,0.0050000000000181,0
1069440,0.0045000000000527,0
1069470,0.0034999999999399,0
1069500,0.0039999999999963,0
1069530,0.005999999999949,0
1069560,0.0045000000000072,0
1069590,0.0054999999999836,0
1069620,0.00600000000004,0
1069650,0.0045000000000072,0
1069680,0.0045000000000072,0
1069710,0.0045000000000072,0
1069740,0.0044999999999618,0
1069770,0.00300000000002,0
1069800,0.0029999999999745,0
1069830,0.0079999999999472,0
1069860,0.0029999999999745,0
1069890,0.0039999999999963,0
1069920,0.0055000000000291,0
1069950,0.0035000000000309,0
1069980,0.0055000000000745,0
1070010,0.0045000000000527,0
1070040,0.0039999999999963,0
1070070,0.0034999999999399,0
1070100,0.0039999999999963,0
1070130,0.0064999999999599,0
1070160,0.0049999999999727,0
1070190,0.0024999999999636,0
1070220,0.0050000000001091,0
1070250,0.00600000000004,0
1070280,0.0044999999999618,0
1070310,0.0054999999999836,0
1070340,0.0040000000000418,0
1070370,0.0049999999999272,0
1070400,0.0045000000000982,0
1070430,0.0045000000000072,0
1070460,0.0039999999999508,0
1070490,0.0029999999999745,0
1070520,0.0054999999999836,0
1070550,0.0059999999999945,0
1070580,0.0074999999999818,0
1070610,0.0029999999999745,0
1070640,0.0039999999999963,0
1070670,0.00600000000004,0
1070700,0.0039999999999508,0
1070730,0.0049999999999727,0
1070760,0.0050000000000181,0
1070790,0.0080000000000381,0
1070820,0.0075000000000272,0
1070850,0.0039999999999963,0
1070880,0.0045000000000072,0
1070910,0.0065000000000509,0
1070940,0.0069999999999254,0
1070970,0.0050000000000636,0
1071000,0.0050000000000181,0
1071030,0.0055000000000291,0
1071060,0.0034999999999854,0
1071090,0.0070000000000163,0
1071120,0.0065000000000964,0
1071150,0.00600000000004,0
1071180,0.0049999999999727,0
1071210,0.0054999999999836,0
1071240,0.0055000000000745,0
1071270,0.0039999999999963,0
1071300,0.00300000000002,0
1071330,0.0040000000000873,0
1071360,0.0050000000000636,0
1071390,0.0050000000000636,0
1071420,0.0064999999999145,0
1071450,0.0059999999999945,0
1071480,0.0059999999999945,0
1071510,0.00600000000004,0
1071540,0.0045000000000072,0
1071570,0.0054999999999381,0
1071600,0.0049999999999272,0
1071630,0.0050000000000636,0
1071660,0.0054999999999836,0
1071690,0.0055000000000291,0
1071720,0.0054999999999836,0
1071750,0.0045000000000072,0
1071780,0.0045000000000072,0
1071810,0.0064999999999145,0
1071840,0.0040000000000418,0
1071870,0.0049999999999727,0
1071900,0.0070000000000618,0
1071930,0.0050000000000181,0
1071960,0.0044999999999618,0
1071990,0.0224999999999909,0
1072020,0.0064999999999145,0
1072050,0.0065000000000509,0
1072080,0.0054999999999836,0
1072110,0.00600000000004,0
1072140,0.0054999999999836,0
1072170,0.0079999999999927,0
1072200,0.0039999999999508,0
1072230,0.0179999999999836,0
1072260,0.0070000000001073,0
1072290,0.0049999999999272,0
1072320,0.00600000000004,0
1072350,0.0065000000000054,0
1072380,0.008999999999969,0
1072410,0.0059999999999035,0
1072440,0.0075000000000272,0
1072470,0.0065000000000054,0
1072500,0.005999999999949,0
1072530,0.0069999999999708,0
1072560,0.0059999999999945,0
1072590,0.0095000000000709,0
1072620,0.00600000000004,0
1072650,0.0079999999999927,0
1072680,0.0065000000000509,0
1072710,0.0055000000000291,0
1072740,0.005999999999949,0
1072770,0.0045000000000072,0
1072800,0.0070000000000618,0
1072830,0.0064999999999599,0
1072860,0.0074999999999818,0
1072890,0.0065000000000509,0
1072920,0.0054999999999836,0
1072950,0.0049999999999727,0
1072980,0.0070000000001073,0
1073010,0.0080000000000381,0
1073040,0.0079999999999472,0
1073070,0.0075000000000272,0
1073100,0.0074999999999363,0
1073130,0.0059999999999945,0
1073160,0.0059999999999945,0
1073190,0.0059999999999945,0
1073220,0.0070000000000163,0
1073250,0.0055000000000745,0
1073280,0.0054999999999836,0
1073310,0.0079999999999017,0
1073340,0.0075000000001182,0
1073370,0.0054999999999836,0
1073400,0.0075000000000272,0
1073430,0.0080000000000381,0
1073460,0.0080000000000381,0
1073490,0.005999999999949,0
1073520,0.0070000000000163,0
1073550,0.0085000000000036,0
1073580,0.0045000000000072,0
1073610,0.0084999999999581,0
1073640,0.0050000000000181,0
1073670,0.0059999999999945,0
1073700,0.0075000000000272,0
1073730,0.0065000000000054,0
1073760,0.0065000000000054,0
1073790,0.0074999999999363,0
1073820,0.0055000000000745,0
1073850,0.0075000000000272,0
1073880,0.0075000000000272,0
1073910,0.0065000000000509,0
1073940,0.0080000000000381,0
1073970,0.0075000000000272,0
1074000,0.0050000000000181,0
1074030,0.0050000000000181,0
1074060,0.0054999999999836,0
1074090,0.0054999999999836,0
1074120,0.00600000000004,0
1074150,0.0069999999999708,0
1074180,0.0065000000000054,0
1074210,0.0090000000000145,0
1074240,0.0059999999999945,0
1074270,0.0064999999999145,0
1074300,0.0069999999999708,0
1074330,0.0080000000000381,0
1074360,0.0085000000000036,0
1074390,0.0065000000000509,0
1074420,0.0065000000000054,0
1074450,0.0060000000000854,0
1074480,0.0075000000000272,0
1074510,0.0074999999998908,0
1074540,0.0064999999999145,0
1074570,0.00600000000004,0
1074600,0.0065000000000054,0
1074630,0.0070000000000618,0
1074660,0.0065000000000054,0
1074690,0.0065000000000054,0
1074720,0.005999999999949,0
1074750,0.0069999999999708,0
1074780,0.005999999999949,0
1074810,0.00600000000004,0
1074840,0.0040000000000418,0
1074870,0.0064999999999599,0
1074900,0.0080000000000381,0
1074930,0.0065000000000509,0
1074960,0.0085000000000491,0
1074990,0.0044999999999618,0
1075020,0.0074999999999818,0
1075050,0.0055000000000291,0
1075080,0.00600000000004,0
1075110,0.0069999999998799,0
1075140,0.0070000000000163,0
1075170,0.0060000000000854,0
1075200,0.0065000000000054,0
1075230,0.0094999999999345,0
1075260,0.0059999999999945,0
1075290,0.0060000000000854,0
1075320,0.0064999999999599,0
1075350,0.005999999999949,0
1075380,0.0059999999999945,0
1075410,0.0094999999999799,0
1075440,0.0059999999999945,0
1075470,0.0075000000000272,0
1075500,0.0075000000000272,0
1075530,0.0085000000000036,0
1075560,0.0099999999998999,0
1075590,0.0055000000000745,0
1075620,0.005999999999949,0
1075650,0.0064999999999599,0
1075680,0.0080000000000381,0
1075710,0.0085000000000491,0
1075740,0.0079999999999927,0
1075770,0.0054999999999836,0
1075800,0.0059999999999945,0
1075830,0.0064999999999599,0
1075860,0.00600000000004,0
1075890,0.005999999999949,0
1075920,0.0054999999999836,0
1075950,0.0059999999999945,0
1075980,0.0049999999999272,0
1076010,0.0069999999999708,0
1076040,0.0065000000000509,0
1076070,0.0070000000000163,0
1076100,0.0070000000000163,0
1076130,0.009499999999889,0
1076160,0.0064999999999599,0
1076190,0.0045000000000072,0
1076220,0.0054999999999381,0
1076250,0.0040000000000418,0
1076280,0.005999999999949,0
1076310,0.0050000000000181,0
1076340,0.0064999999999145,0
1076370,0.0069999999999708,0
1076400,0.00600000000004,0
1076430,0.0075000000000272,0
1076460,0.0075000000000272,0
1076490,0.00600000000004,0
1076520,0.0050000000000636,0
1076550,0.0050000000000181,0
1076580,0.0044999999999163,0
1076610,0.0050000000000181,0
1076640,0.0065000000000054,0
1076670,0.0079999999999472,0
1076700,0.0065000000000054,0
1076730,0.0070000000000163,0
1076760,0.0070000000000163,0
1076790,0.0059999999999035,0
1076820,0.00600000000004,0
1076850,0.0065000000000509,0
1076880,0.0064999999999599,0
1076910,0.0069999999998799,0
1076940,0.0064999999999145,0
1076970,0.0059999999999945,0
1077000,0.0065000000000054,0
1077030,0.0095000000000254,0
1077060,0.0050000000000181,0
1077090,0.0084999999999126,0
1077120,0.00600000000004,0
1077150,0.0060000000000854,0
1077180,0.00600000000004,0
1077210,0.0055000000000291,0
1077240,0.0064999999999599,0
1077270,0.0079999999999472,0
1077300,0.0079999999999927,0
1077330,0.00600000000004,0
1077360,0.0069999999999708,0
1077390,0.0065000000000509,0
1077420,0.0084999999999581,0
1077450,0.0065000000000509,0
1077480,0.0065000000000054,0
1077510,0.008999999999969,0
1077540,0.0044999999999618,0
1077570,0.0055000000000291,0
1077600,0.0065000000000054,0
1077630,0.0094999999999799,0
1077660,0.0074999999999818,0
1077690,0.0070000000000163,0
1077720,0.0055000000000291,0
1077750,0.0054999999999381,0
1077780,0.00600000000004,0
1077810,0.0069999999999254,0
1077840,0.0044999999999618,0
1077870,0.0059999999999945,0
1077900,0.0055000000000291,0
1077930,0.0085000000000036,0
1077960,0.0079999999999927,0
1077990,0.00600000000004,0
1078020,0.0045000000000527,0
1078050,0.0044999999999163,0
1078080,0.0075000000000272,0
1078110,0.0055000000000291,0
1078140,0.0070000000000618,0
1078170,0.0070000000000163,0
1078200,0.0050000000000181,0
1078230,0.0050000000000181,0
1078260,0.0084999999998672,0
1078290,0.0054999999999836,0
1078320,0.0055000000000291,0
1078350,0.0040000000000873,0
1078380,0.0045000000000072,0
1078410,0.0049999999999727,0
1078440,0.0044999999999163,0
1078470,0.0065000000000509,0
1078500,0.0054999999999381,0
1078530,0.0044999999999618,0
1078560,0.0069999999999708,0
1078590,0.0070000000000163,0
1078620,0.0074999999999818,0
1078650,0.0045000000000072,0
1078680,0.00600000000004,0
1078710,0.0070000000000163,0
1078740,0.0045000000000072,0
1078770,0.0069999999999708,0
1078800,0.0044999999999618,0
1078830,0.0054999999999836,0
1078860,0.002500000000009,0
1078890,0.0045000000000527,0
1078920,0.0055000000000291,0
1078950,0.0050000000000636,0
1078980,0.0064999999999599,0
1079010,0.0059999999999945,0
1079040,0.0049999999999727,0
1079070,0.0054999999999381,0
1079100,0.0054999999999836,0
1079130,0.0050000000000181,0
1079160,0.0049999999999272,0
1079190,0.0059999999999945,0
1079220,0.0065000000000509,0
1079250,0.0039999999999508,0
1079280,0.0045000000000072,0
1079310,0.0040000000000418,0
1079340,0.0034999999999854,0
1079370,0.0054999999999836,0
1079400,0.0045000000000527,0
1079430,0.0054999999999836,0
1079460,0.0034999999999854,0
1079490,0.0049999999999727,0
1079520,0.0034999999999854,0
1079550,0.0045000000000072,0
1079580,0.0039999999999963,0
1079610,0.0049999999999727,0
1079640,0.0039999999999963,0
1079670,0.0034999999999854,0
1079700,0.0049999999999727,0
1079730,0.0050000000000636,0
1079760,0.0065000000000054,0
1079790,0.006499999999869,0
1079820,0.0060000000000854,0
1079850,0.0030000000000654,0
1079880,0.0065000000000054,0
1079910,0.0050000000000181,0
1079940,0.005999999999949,0
1079970,0.0035000000000309,0
1080000,0.0079999999999472,0
1080030,0.0055000000000291,0
1080060,0.0049999999999272,0
1080090,0.0050000000000636,0
1080120,0.0065000000000054,0
1080150,0.0050000000000181,0
1080180,0.0070000000000163,0
1080210,0.0054999999999836,0
1080240,0.0085000000000491,0
1080270,0.0045000000000072,0
1080300,0.0055000000000291,0
1080330,0.0045000000000072,0
1080360,0.008999999999969,0
1080390,0.0050000000000636,0
1080420,0.005999999999949,0
1080450,0.0065000000000509,0
1080480,0.0065000000000054,0
1080510,0.0055000000000291,0
1080540,0.0070000000000163,0
1080570,0.0035000000000309,0
1080600,0.0060000000000854,0
1080630,0.0095000000000254,0
1080660,0.0075000000000272,0
1080690,0.0035000000000763,0
1080720,0.0079999999999927,0
1080750,0.0049999999999727,0
1080780,0.0070000000000163,0
1080810,0.0050000000000181,0
1080840,0.005999999999949,0
1080870,0.0065000000000054,0
1080900,0.0054999999999836,0
1080930,0.00600000000004,0
1080960,0.0099999999999909,0
1080990,0.0075000000000272,0
1081020,0.0054999999999836,0
1081050,0.0065000000000509,0
1081080,0.0084999999999581,0
1081110,0.0065000000000054,0
1081140,0.0104999999999563,0
1081170,0.0064999999999599,0
1081200,0.0090000000000145,0
1081230,0.00600000000004,0
1081260,0.008999999999969,0
1081290,0.0079999999999927,0
1081320,0.0079999999999927,0
1081350,0.0054999999999381,0
1081380,0.008999999999969,0
1081410,0.0065000000000509,0
1081440,0.0085000000000036,0
1081470,0.0049999999999727,0
1081500,0.0084999999999126,0
1081530,0.0110000000000582,0
1081560,0.0080000000000381,0
1081590,0.0049999999999727,0
1081620,0.0084999999998217,0
1081650,0.0085000000000491,0
1081680,0.0064999999999145,0
1081710,0.0059999999999945,0
1081740,0.005999999999949,0
1081770,0.0059999999999945,0
1081800,0.0050000000000636,0
1081830,0.0055000000000291,0
1081860,0.0079999999999472,0
1081890,0.0070000000000163,0
1081920,0.0085000000000491,0
1081950,0.0069999999999708,0
1081980,0.0074999999998908,0
1082010,0.0085000000000036,0
1082040,0.00900000000006,0
1082070,0.0065000000000054,0
1082100,0.00600000000004,0
1082130,0.0039999999999963,0
1082160,0.0100000000000363,0
1082190,0.0060000000000854,0
1082220,0.0065000000000964,0
1082250,0.0045000000000072,0
1082280,0.0069999999999254,0
1082310,0.0070000000000618,0
1082340,0.0069999999999708,0
1082370,0.0064999999999599,0
1082400,0.0074999999999818,0
1082430,0.0099999999999454,0
1082460,0.0065000000000054,0
1082490,0.005999999999949,0
1082520,0.0075000000000727,0
1082550,0.0059999999999945,0
1082580,0.0070000000000618,0
1082610,0.0074999999999818,0
1082640,0.0079999999999472,0
1082670,0.0069999999999254,0
1082700,0.0085000000000491,0
1082730,0.0070000000000163,0
1082760,0.0064999999999599,0
1082790,0.0074999999999818,0
1082820,0.0125,0
1082850,0.0184999999999035,0
1082880,0.0070000000000163,0
1082910,0.0075000000000272,0
1082940,0.0080000000000381,0
1082970,0.0069999999999254,0
1083000,0.0055000000000745,0
1083030,0.0054999999999836,0
1083060,0.0100000000000818,0
1083090,0.0074999999999818,0
1083120,0.0069999999999708,0
1083150,0.0050000000000636,0
1083180,0.0074999999999818,0
1083210,0.0054999999999836,0
1083240,0.0069999999999708,0
1083270,0.0065000000000054,0
1083300,0.0075000000000272,0
1083330,0.0075000000000727,0
1083360,0.0069999999999708,0
1083390,0.005999999999949,0
1083420,0.0074999999999818,0
1083450,0.0065000000000054,0
1083480,0.0085000000000036,0
1083510,0.0079999999999927,0
1083540,0.0079999999999927,0
1083570,0.0079999999999927,0
1083600,0.0085000000000036,0
1083630,0.00600000000004,0
1083660,0.0054999999999836,0
1083690,0.0059999999999945,0
1083720,0.0079999999999927,0
1083750,0.0059999999999945,0
1083780,0.0085000000000036,0
1083810,0.0085000000000036,0
1083840,0.0095000000000254,0
1083870,0.0050000000001091,0
1083900,0.0069999999999254,0
1083930,0.0059999999999945,0
1083960,0.0085000000000945,0
1083990,0.0075000000000272,0
1084020,0.0059999999999945,0
1084050,0.0064999999999599,0
1084080,0.0095000000000709,0
1084110,0.0070000000000163,0
1084140,0.0074999999999818,0
1084170,0.0075000000000272,0
1084200,0.0090000000000145,0
1084230,0.0074999999999363,0
1084260,0.0085000000000036,0
1084290,0.0059999999999945,0
1084320,0.0070000000000618,0
1084350,0.0065000000000054,0
1084380,0.0070000000000163,0
1084410,0.005999999999949,0
1084440,0.0070000000000618,0
1084470,0.0045000000000072,0
1084500,0.0079999999999472,0
1084530,0.0045000000000072,0
1084560,0.0095000000000709,0
1084590,0.0039999999999963,0
1084620,0.0065000000000054,0
1084650,0.0075000000000272,0
1084680,0.0085000000000036,0
1084710,0.0065000000000054,0
1084740,0.0069999999999254,0
1084770,0.0069999999999708,0
1084800,0.0070000000000618,0
1084830,0.0039999999999963,0
1084860,0.0054999999999381,0
1084890,0.0050000000000181,0
1084920,0.0070000000000618,0
1084950,0.0064999999999145,0
1084980,0.0075000000000272,0
1085010,0.0054999999999836,0
1085040,0.0085000000000036,0
1085070,0.00600000000004,0
1085100,0.00600000000004,0
1085130,0.0090000000000145,0
1085160,0.0084999999999581,0
1085190,0.0054999999999836,0
1085220,0.0090000000000145,0
1085250,0.0069999999999254,0
1085280,0.00600000000004,0
1085310,0.0065000000000054,0
1085340,0.0050000000000181,0
1085370,0.0034999999999854,0
1085400,0.0084999999999126,0
1085430,0.0045000000000527,0
1085460,0.0065000000000054,0
1085490,0.0034999999999399,0
1085520,0.0075000000000272,0
1085550,0.0040000000000418,0
1085580,0.0065000000000509,0
1085610,0.0034999999999399,0
1085640,0.0050000000000181,0
1085670,0.00600000000004,0
1085700,0.0065000000000509,0
1085730,0.0049999999999272,0
1085760,0.0065000000000964,0
1085790,0.0049999999998817,0
1085820,0.0055000000000291,0
1085850,0.0050000000000181,0
1085880,0.0074999999999363,0
1085910,0.0075000000000727,0
1085940,0.0039999999999508,0
1085970,0.0090000000000145,0
1086000,0.0074999999999818,0
1086030,0.0130000000000109,0
1086060,0.0064999999999599,0
1086090,0.0049999999999727,0
1086120,0.0065000000000509,0
1086150,0.0054999999999381,0
1086180,0.0059999999999945,0
1086210,0.0065000000000054,0
1086240,0.0080000000000381,0
1086270,0.0045000000000072,0
1086300,0.0075000000000272,0
1086330,0.0064999999999145,0
1086360,0.0055000000000745,0
1086390,0.005999999999949,0
1086420,0.0070000000000163,0
1086450,0.0049999999999727,0
1086480,0.0065000000000054,0
1086510,0.0024999999999636,0
1086540,0.0065000000000054,0
1086570,0.0059999999999945,0
1086600,0.0044999999999618,0
1086630,0.0054999999999836,0
1086660,0.0055000000000291,0
1086690,0.005999999999949,0
1086720,0.0070000000000163,0
1086750,0.0054999999999836,0
1086780,0.00600000000004,0
1086810,0.0060000000000854,0
1086840,0.0059999999999945,0
1086870,0.0045000000000072,0
1086900,0.0065000000000509,0
1086930,0.0094999999999799,0
1086960,0.0059999999999945,0
1086990,0.0044999999999163,0
1087020,0.0070000000000163,0
1087050,0.0034999999999399,0
1087080,0.0074999999999818,0
1087110,0.0040000000000418,0
1087140,0.005999999999949,0
1087170,0.005999999999949,0
1087200,0.005999999999949,0
1087230,0.0084999999999581,0
1087260,0.0085000000000491,0
1087290,0.0049999999999727,0
1087320,0.0069999999999708,0
1087350,0.0055000000000291,0
1087380,0.0054999999998926,0
1087410,0.0065000000000509,0
1087440,0.00600000000004,0
1087470,0.0049999999998817,0
1087500,0.0055000000000291,0
1087530,0.0039999999999963,0
1087560,0.0050000000000181,0
1087590,0.0039999999999508,0
1087620,0.0050000000000181,0
1087650,0.0049999999999727,0
1087680,0.0055000000000745,0
1087710,0.0065000000000054,0
1087740,0.0075000000000272,0
1087770,0.0054999999999836,0
1087800,0.0055000000000745,0
1087830,0.0069999999999708,0
1087860,0.0060000000001309,0
1087890,0.0044999999998708,0
1087920,0.0050000000000181,0
1087950,0.0045000000000527,0
1087980,0.00600000000004,0
1088010,0.0054999999999381,0
1088040,0.0074999999998908,0
1088070,0.0039999999999963,0
1088100,0.0050000000000181,0
1088130,0.0049999999999727,0
1088160,0.0070000000000163,0
1088190,0.0050000000000181,0
1088220,0.0049999999999727,0
1088250,0.0059999999999945,0
1088280,0.0049999999999272,0
1088310,0.0070000000001073,0
1088340,0.0080000000000381,0
1088370,0.0044999999998708,0
1088400,0.0070000000000618,0
1088430,0.0045000000000527,0
1088460,0.0054999999999381,0
1088490,0.0039999999999963,0
1088520,0.0085000000000945,0
1088550,0.0069999999999254,0
1088580,0.0050000000000181,0
1088610,0.0044999999999618,0
1088640,0.0050000000000181,0
1088670,0.0049999999999727,0
1088700,0.0074999999999818,0
1088730,0.0085000000000036,0
1088760,0.0074999999999818,0
1088790,0.0055000000000291,0
1088820,0.0049999999998817,0
1088850,0.0034999999999854,0
1088880,0.0070000000000618,0
1088910,0.0054999999999381,0
1088940,0.0045000000000072,0
1088970,0.0055000000000745,0
1089000,0.0040000000000418,0
1089030,0.0040000000000873,0
1089060,0.0069999999999254,0
1089090,0.0050000000000181,0
1089120,0.0064999999999599,0
1089150,0.0050000000000636,0
1089180,0.0049999999999727,0
1089210,0.0045000000000072,0
1089240,0.0079999999999927,0
1089270,0.0080000000000381,0
1089300,0.0059999999999945,0
1089330,0.0040000000000418,0
1089360,0.0069999999999708,0
1089390,0.0045000000000072,0
1089420,0.0044999999999618,0
1089450,0.0050000000000181,0
1089480,0.0054999999999381,0
1089510,0.0059999999999945,0
1089540,0.0054999999999381,0
1089570,0.0045000000000527,0
1089600,0.0074999999999363,0
1089630,0.0069999999999708,0
1089660,0.0065000000000054,0
1089690,0.00600000000004,0
1089720,0.005999999999949,0
1089750,0.0055000000000291,0
1089780,0.0075000000000272,0
1089810,0.0069999999999708,0
1089840,0.0090000000000145,0
1089870,0.0070000000000163,0
1089900,0.0069999999999708,0
1089930,0.0059999999999945,0
1089960,0.0054999999999836,0
1089990,0.0054999999999836,0
1090020,0.0070000000001073,0
1090050,0.0055000000000291,0
1090080,0.0074999999999818,0
1090110,0.0154999999999745,0
1090140,0.0070000000000618,0
1090170,0.0099999999999909,0
1090200,0.0065000000000054,0
1090230,0.0055000000000291,0
1090260,0.0075000000000727,0
1090290,0.0065000000000509,0
1090320,0.008999999999969,0
1090350,0.011999999999989,0
1090380,0.0070000000000163,0
1090410,0.0065000000000054,0
1090440,0.0074999999999818,0
1090470,0.0039999999999508,0
1090500,0.0064999999999599,0
1090530,0.0070000000001073,0
1090560,0.009499999999889,0
1090590,0.0055000000000291,0
1090620,0.0080000000000381,0
1090650,0.0069999999999254,0
1090680,0.0070000000000163,0
1090710,0.0059999999999945,0
1090740,0.0054999999999836,0
1090770,0.0045000000000527,0
1090800,0.0069999999998799,0
1090830,0.0054999999999836,0
1090860,0.0084999999999581,0
1090890,0.0064999999999599,0
1090920,0.0075000000000272,0
1090950,0.0055000000000745,0
1090980,0.0070000000000163,0
1091010,0.0074999999999818,0
1091040,0.0074999999999818,0
1091070,0.0045000000000072,0
1091100,0.0074999999999818,0
1091130,0.0065000000000054,0
1091160,0.009499999999889,0
1091190,0.0055000000000291,0
1091220,0.0065000000000054,0
1091250,0.0074999999999818,0
1091280,0.0075000000000272,0
1091310,0.0069999999999708,0
1091340,0.0075000000000272,0
1091370,0.0049999999999272,0
1091400,0.0069999999999708,0
1091430,0.0065000000000054,0
1091460,0.0054999999999836,0
1091490,0.0069999999999708,0
1091520,0.0059999999999945,0
1091550,0.0079999999999927,0
1091580,0.0070000000000163,0
1091610,0.0070000000001073,0
1091640,0.0074999999999818,0
1091670,0.0064999999999145,0
1091700,0.0075000000001182,0
1091730,0.0049999999999272,0
1091760,0.0070000000000618,0
1091790,0.0065000000000054,0
1091820,0.0074999999999818,0
1091850,0.0054999999999836,0
1091880,0.0065000000000509,0
1091910,0.0055000000000745,0
1091940,0.0069999999999254,0
1091970,0.0064999999999599,0
1092000,0.0075000000000272,0
1092030,0.0194999999999708,0
1092060,0.00600000000004,0
1092090,0.0064999999999145,0
1092120,0.0104999999999563,0
1092150,0.0064999999999599,0
1092180,0.0075000000000727,0
1092210,0.0065000000000054,0
1092240,0.0069999999999708,0
1092270,0.0074999999999818,0
1092300,0.0075000000000272,0
1092330,0.0064999999999599,0
1092360,0.0085000000000036,0
1092390,0.0069999999999708,0
1092420,0.0055000000000291,0
1092450,0.00600000000004,0
1092480,0.0079999999999927,0
1092510,0.0070000000000163,0
1092540,0.0065000000000054,0
1092570,0.0054999999999381,0
1092600,0.0069999999999708,0
1092630,0.00600000000004,0
1092660,0.0070000000000163,0
1092690,0.0044999999999618,0
1092720,0.0074999999999363,0
1092750,0.0059999999999945,0
1092780,0.0065000000000509,0
1092810,0.0065000000000509,0
1092840,0.0085000000000036,0
1092870,0.0064999999999599,0
1092900,0.0044999999999618,0
1092930,0.0050000000000181,0
1092960,0.0064999999999145,0
1092990,0.0050000000000181,0
1093020,0.0069999999999708,0
1093050,0.0064999999999599,0
1093080,0.00900000000006,0
1093110,0.0065000000000054,0
1093140,0.00550000000012,0
1093170,0.0054999999999381,0
1093200,0.0075000000000727,0
1093230,0.0070000000000618,0
1093260,0.0054999999999836,0
1093290,0.00300000000002,0
1093320,0.0040000000000418,0
1093350,0.00600000000004,0
1093380,0.0049999999998817,0
1093410,0.0069999999999708,0
1093440,0.0065000000000964,0
1093470,0.0075000000000272,0
1093500,0.0069999999999254,0
1093530,0.0055000000000291,0
1093560,0.0065000000000509,0
1093590,0.0070000000000618,0
1093620,0.0045000000000072,0
1093650,0.0044999999999618,0
1093680,0.005999999999949,0
1093710,0.0055000000000291,0
1093740,0.0064999999999599,0
1093770,0.0055000000000745,0
1093800,0.0055000000000291,0
1093830,0.0045000000000527,0
1093860,0.0065000000000509,0
1093890,0.0045000000000072,0
1093920,0.0054999999999381,0
1093950,0.0065000000000054,0
1093980,0.005999999999949,0
1094010,0.0074999999999818,0
1094040,0.0084999999999581,0
1094070,0.0059999999999945,0
1094100,0.0065000000000509,0
1094130,0.0095000000000254,0
1094160,0.0079999999999927,0
1094190,0.0054999999999836,0
1094220,0.0039999999999054,0
1094250,0.0069999999999708,0
1094280,0.0055000000000745,0
1094310,0.0054999999999836,0
1094340,0.0060000000000854,0
1094370,0.0065000000000509,0
1094400,0.0064999999999599,0
1094430,0.0070000000000163,0
1094460,0.0059999999999945,0
1094490,0.0035000000000309,0
1094520,0.0045000000000072,0
1094550,0.0055000000000291,0
1094580,0.0059999999999945,0
1094610,0.0050000000000636,0
1094640,0.0060000000001309,0
1094670,0.0039999999999054,0
1094700,0.0049999999999727,0
1094730,0.005999999999949,0
1094760,0.0055000000000291,0
1094790,0.0055000000000291,0
1094820,0.0045000000000072,0
1094850,0.0044999999999618,0
1094880,0.0039999999999963,0
1094910,0.0069999999998799,0
1094940,0.0045000000000982,0
1094970,0.0039999999999508,0
1095000,0.0060000000000854,0
1095030,0.0090000000000145,0
1095060,0.0064999999999145,0
1095090,0.0045000000000527,0
1095120,0.0059999999999945,0
1095150,0.0054999999999836,0
1095180,0.0064999999999599,0
1095210,0.0064999999999599,0
1095240,0.0089999999999236,0
1095270,0.0065000000000054,0
1095300,0.0050000000000181,0
1095330,0.0054999999999381,0
1095360,0.0085000000000036,0
1095390,0.0059999999999945,0
1095420,0.0074999999999363,0
1095450,0.0065000000000054,0
1095480,0.0095000000000254,0
1095510,0.0064999999999145,0
1095540,0.005999999999949,0
1095570,0.0050000000000181,0
1095600,0.0069999999999708,0
1095630,0.0055000000000291,0
1095660,0.0054999999999836,0
1095690,0.0050000000000181,0
1095720,0.0054999999999381,0
1095750,0.0055000000000291,0
1095780,0.0059999999999945,0
1095810,0.0035000000000309,0
1095840,0.0054999999999836,0
1095870,0.0065000000000509,0
1095900,0.0039999999999508,0
1095930,0.0045000000000072,0
1095960,0.0044999999999163,0
1095990,0.0055000000000291,0
1096020,0.0045000000000527,0
1096050,0.0050000000001091,0
1096080,0.0039999999999508,0
1096110,0.0055000000000291,0
1096140,0.0049999999999727,0
1096170,0.0065000000000509,0
1096200,0.0059999999999945,0
1096230,0.0049999999999727,0
1096260,0.0075000000000727,0
1096290,0.0044999999999163,0
1096320,0.0079999999999472,0
1096350,0.0065000000000964,0
1096380,0.0040000000000418,0
1096410,0.0039999999999963,0
1096440,0.0064999999999145,0
1096470,0.0065000000000054,0
1096500,0.0065000000000054,0
1096530,0.0059999999999945,0
1096560,0.0085000000000491,0
1096590,0.0055000000000291,0
1096620,0.0080000000000381,0
1096650,0.0039999999999508,0
1096680,0.0069999999999708,0
1096710,0.0055000000000291,0
1096740,0.0045000000000527,0
1096770,0.0035000000000309,0
1096800,0.00600000000004,0
1096830,0.0084999999999581,0
1096860,0.0050000000000636,0
1096890,0.0029999999999745,0
1096920,0.0050000000000181,0
1096950,0.0044999999999618,0
1096980,0.0054999999999381,0
1097010,0.0034999999999854,0
1097040,0.0050000000000181,0
1097070,0.0045000000000072,0
1097100,0.00300000000002,0
1097130,0.0040000000000418,0
1097160,0.0039999999999508,0
1097190,0.002500000000009,0
1097220,0.0049999999999727,0
1097250,0.0045000000000527,0
1097280,0.00600000000004,0
1097310,0.0050000000000181,0
1097340,0.0049999999999272,0
1097370,0.00300000000002,0
1097400,0.0044999999999163,0
1097430,0.0049999999999727,0
1097460,0.0049999999999272,0
1097490,0.0035000000000309,0
1097520,0.0075000000000727,0
1097550,0.0039999999999054,0
1097580,0.0065000000000054,0
1097610,0.0070000000000618,0
1097640,0.0064999999999145,0
1097670,0.0034999999999854,0
1097700,0.0055000000000291,0
1097730,0.0044999999999618,0
1097760,0.0069999999999708,0
1097790,0.0055000000000745,0
1097820,0.0069999999999708,0
1097850,0.0035000000000309,0
1097880,0.0079999999999927,0
1097910,0.0049999999999727,0
1097940,0.0049999999999727,0
1097970,0.0039999999999508,0
1098000,0.0075000000000272,0
1098030,0.0050000000000181,0
1098060,0.0069999999998799,0
1098090,0.0059999999999945,0
1098120,0.0059999999999945,0
1098150,0.0065000000000509,0
1098180,0.0040000000000418,0
1098210,0.005999999999949,0
1098240,0.0065000000000054,0
1098270,0.0054999999999836,0
1098300,0.0040000000000418,0
1098330,0.0049999999999727,0
1098360,0.0084999999999581,0
1098390,0.0055000000000745,0
1098420,0.0054999999999836,0
1098450,0.0074999999999818,0
1098480,0.0070000000000618,0
1098510,0.0069999999999708,0
1098540,0.0075000000000727,0
1098570,0.00600000000004,0
1098600,0.0065000000000054,0
1098630,0.0094999999999799,0
1098660,0.0069999999999708,0
1098690,0.0039999999999963,0
1098720,0.0064999999999599,0
1098750,0.0059999999999035,0
1098780,0.0064999999999599,0
1098810,0.0070000000000618,0
1098840,0.0065000000000054,0
1098870,0.0069999999999708,0
1098900,0.0060000000000854,0
1098930,0.0054999999999836,0
1098960,0.0074999999999818,0
1098990,0.00600000000004,0
1099020,0.0070000000000163,0
1099050,0.0080000000000381,0
1099080,0.0079999999999472,0
1099110,0.0085000000000491,0
1099140,0.0079999999999472,0
1099170,0.0049999999999727,0
1099200,0.0064999999999599,0
1099230,0.0045000000000527,0
1099260,0.0074999999998453,0
1099290,0.00600000000004,0
1099320,0.0399999999999636,0
1099350,0.00600000000004,0
1099380,0.0050000000000181,0
1099410,0.0049999999999727,0
1099440,0.0079999999999472,0
1099470,0.0050000000000181,0
1099500,0.0085000000000036,0
1099530,0.0095000000000254,0
1099560,0.0084999999998672,0
1099590,0.0055000000000745,0
1099620,0.0039999999999054,0
1099650,0.0065000000000509,0
1099680,0.0070000000000163,0
1099710,0.0064999999999599,0
1099740,0.0055000000000291,0
1099770,0.0075000000000272,0
1099800,0.0059999999999945,0
1099830,0.00600000000004,0
1099860,0.005999999999949,0
1099890,0.0039999999999963,0
1099920,0.0070000000000163,0
1099950,0.0069999999998799,0
1099980,0.0075000000000727,0
1100010,0.00600000000004,0
1100040,0.0085000000000036,0
1100070,0.0070000000000163,0
1100100,0.0070000000000163,0
1100130,0.0049999999999272,0
1100160,0.0085000000000491,0
1100190,0.0064999999999599,0
1100220,0.0074999999999818,0
1100250,0.005999999999949,0
1100280,0.0069999999999708,0
1100310,0.0039999999999963,0
1100340,0.0054999999999836,0
1100370,0.0054999999999836,0
1100400,0.00600000000004,0
1100430,0.0099999999998999,0
1100460,0.0085000000000491,0
1100490,0.0054999999999836,0
1100520,0.0064999999999599,0
1100550,0.0074999999999818,0
1100580,0.0050000000000181,0
1100610,0.0055000000000291,0
1100640,0.0075000000000727,0
1100670,0.0080000000000381,0
1100700,0.0050000000000636,0
1100730,0.0069993000700093,0
1100760,0.0085000000000036,0
1100790,0.0065000000000509,0
1100820,0.0049999999999727,0
1100850,0.0060000000001309,0
1100880,0.006499999999869,0
1100910,0.0075000000000272,0
1100940,0.0055000000000745,0
1100970,0.0065000000000509,0
1101000,0.0049999999999727,0
1101030,0.00600000000004,0
1101060,0.0055000000000291,0
1101090,0.0054999999998926,0
1101120,0.0045000000000527,0
1101150,0.0050000000000181,0
1101180,0.0045000000000527,0
1101210,0.0079999999999472,0
1101240,0.00600000000004,0
1101270,0.0070000000000163,0
1101300,0.0045000000000072,0
1101330,0.0065000000000964,0
1101360,0.0065000000000509,0
1101390,0.0064999999999599,0
1101420,0.0045000000000072,0
1101450,0.0049999999999727,0
1101480,0.0054999999999836,0
1101510,0.0069999999999708,0
1101540,0.0050000000000636,0
1101570,0.0039999999999963,0
1101600,0.0064999999999599,0
1101630,0.0055000000000291,0
1101660,0.0050000000000636,0
1101690,0.0039999999999508,0
1101720,0.0035000000000763,0
1101750,0.0050000000000636,0
1101780,0.0034999999999854,0
1101810,0.0045000000000527,0
1101840,0.0065000000000054,0
1101870,0.0035000000000309,0
1101900,0.0034999999999854,0
1101930,0.0040000000000418,0
1101960,0.00550000000012,0
1101990,0.0054999999999836,0
1102020,0.0035000000000309,0
1102050,0.0050000000000181,0
1102080,0.0054999999998926,0
1102110,0.0075000000000727,0
1102140,0.0049999999999727,0
1102170,0.0050000000000636,0
1102200,0.0065000000000054,0
1102230,0.0099999999999909,0
1102260,0.0065000000000054,0
1102290,0.0069999999999708,0
1102320,0.0065000000000509,0
1102350,0.0054999999999836,0
1102380,0.0054999999999836,0
1102410,0.0079999999999927,0
1102440,0.0070000000000163,0
1102470,0.0074999999998908,0
1102500,0.0070000000000618,0
1102530,0.0034999999999854,0
1102560,0.0065000000000509,0
1102590,0.0059999999999945,0
1102620,0.0069999999999708,0
1102650,0.0070000000000163,0
1102680,0.0064999999999145,0
1102710,0.0040000000000418,0
1102740,0.0049999999999727,0
1102770,0.0065000000000509,0
1102800,0.0054999999999381,0
1102830,0.0065000000000509,0
1102860,0.0049999999999727,0
1102890,0.0019999999999527,0
1102920,0.0055000000000291,0
1102950,0.0050000000000636,0
1102980,0.0044999999999618,0
1103010,0.0045000000000072,0
1103040,0.0065000000000964,0
1103070,0.0039999999999508,0
1103100,0.0084999999999581,0
1103130,0.0050000000000636,0
1103160,0.00600000000004,0
1103190,0.0054999999999381,0
1103220,0.005999999999949,0
1103250,0.0054999999999836,0
1103280,0.0054999999999381,0
1103310,0.0060000000000854,0
1103340,0.0059999999999945,0
1103370,0.0055000000000291,0
1103400,0.0075000000000272,0
1103430,0.0050000000000181,0
1103460,0.0075000000000272,0
1103490,0.0045000000000527,0
1103520,0.0054999999999836,0
1103550,0.0050000000000181,0
1103580,0.00600000000004,0
1103610,0.0050000000000181,0
1103640,0.0065000000000054,0
1103670,0.0054999999999836,0
1103700,0.0050000000000181,0
1103730,0.0054999999999381,0
1103760,0.0074999999999363,0
1103790,0.0065000000000964,0
1103820,0.0024999999999636,0
1103850,0.0044999999999618,0
1103880,0.0055000000000291,0
1103910,0.0039999999999963,0
1103940,0.0054999999999381,0
1103970,0.0040000000000418,0
1104000,0.0045000000000072,0
1104030,0.0079999999999017,0
1104060,0.0065000000000054,0
1104090,0.0039999999999963,0
1104120,0.0064999999999599,0
1104150,0.00600000000004,0
1104180,0.0069999999999708,0
1104210,0.0049999999999727,0
1104240,0.0029999999999745,0
1104270,0.0039999999999963,0
1104300,0.0045000000000072,0
1104330,0.0054999999999836,0
1104360,0.0055000000000291,0
1104390,0.0054999999999836,0
1104420,0.0055000000000291,0
1104450,0.0034999999999854,0
1104480,0.0069999999999708,0
1104510,0.0054999999999381,0
1104540,0.00600000000004,0
1104570,0.0044999999999618,0
1104600,0.0075000000001182,0
1104630,0.0054999999999381,0
1104660,0.0059999999999035,0
1104690,0.0049999999999727,0
1104720,0.0039999999999963,0
1104750,0.005999999999949,0
1104780,0.0060000000000854,0
1104810,0.0050000000000636,0
1104840,0.0039999999999963,0
1104870,0.0059999999999035,0
1104900,0.0049999999999727,0
1104930,0.0079999999999927,0
1104960,0.0075000000000272,0
1104990,0.0040000000000873,0
1105020,0.0055000000000291,0
1105050,0.0045000000000072,0
1105080,0.0064999999999599,0
1105110,0.00600000000004,0
1105140,0.0039999999999508,0
1105170,0.0044999999999618,0
1105200,0.0044999999999618,0
1105230,0.0050000000000181,0
1105260,0.0049999999999727,0
1105290,0.0035000000000309,0
1105320,0.0045000000000527,0
1105350,0.0054999999999836,0
1105380,0.0034999999999854,0
1105410,0.0054999999999381,0
1105440,0.0050000000000636,0
1105470,0.0039999999999963,0
1105500,0.0040000000000418,0
1105530,0.00300000000002,0
1105560,0.0075000000000272,0
1105590,0.0054999999999836,0
1105620,0.0050000000000181,0
1105650,0.0029999999999745,0
1105680,0.0054999999999836,0
1105710,0.0074999999999818,0
1105740,0.0045000000000072,0
1105770,0.0034999999999854,0
1105800,0.0055000000000745,0
1105830,0.0074999999999818,0
1105860,0.0045000000000072,0
1105890,0.0045000000000527,0
1105920,0.0069999999999708,0
1105950,0.0054999999999836,0
1105980,0.0049999999999727,0
1106010,0.0055000000000745,0
1106040,0.0065000000000054,0
1106070,0.0050000000000181,0
1106100,0.0064999999999599,0
1106130,0.0034999999999854,0
1106160,0.0054999999999836,0
1106190,0.0049999999999727,0
1106220,0.0065000000000509,0
1106250,0.0085000000000491,0
1106280,0.0030000000000654,0
1106310,0.0064999999999145,0
1106340,0.0065000000000509,0
1106370,0.0054999999999381,0
1106400,0.0045000000000072,0
1106430,0.0064999999999599,0
1106460,0.0045000000000527,0
1106490,0.0034999999999854,0
1106520,0.0075000000000727,0
1106550,0.0054999999999836,0
1106580,0.0054999999999381,0
1106610,0.0079999999999927,0
1106640,0.0080000000000381,0
1106670,0.0049999999999727,0
1106700,0.0065000000000054,0
1106730,0.0089999999999236,0
1106760,0.0055000000000291,0
1106790,0.0045000000000072,0
1106820,0.0035000000000309,0
1106850,0.0045000000000072,0
1106880,0.0080000000000836,0
1106910,0.005999999999949,0
1106940,0.0065000000000509,0
1106970,0.0070000000000163,0
1107000,0.0070000000000163,0
1107030,0.0044999999999618,0
1107060,0.0049999999999727,0
1107090,0.0039999999999963,0
1107120,0.0059999999999945,0
1107150,0.0054999999999836,0
1107180,0.005999999999949,0
1107210,0.0080000000000381,0
1107240,0.0059999999999945,0
1107270,0.0055000000000291,0
1107300,0.0070000000000618,0
1107330,0.0045000000000527,0
1107360,0.005999999999949,0
1107390,0.005999999999949,0
1107420,0.0055000000000291,0
1107450,0.0045000000000527,0
1107480,0.0084999999999126,0
1107510,0.1705000000000381,0
1107540,0.0074999999999363,0
1107570,0.0054999999999836,0
1107600,0.0059999999999945,0
1107630,0.0094999999999345,0
1107660,0.0059999999999945,0
1107690,0.0054999999999836,0
1107720,0.005999999999949,0
1107750,0.0070000000000163,0
1107780,0.0070000000000163,0
1107810,0.00600000000004,0
1107840,0.0064999999999599,0
1107870,0.0114999999999781,0
1107900,0.0035000000000309,0
1107930,0.0069999999999708,0
1107960,0.0055000000000291,0
1107990,0.0049999999999727,0
1108020,0.0039999999999508,0
1108050,0.0049999999999727,0
1108080,0.0055000000000745,0
1108110,0.0069999999999254,0
1108140,0.0075000000000272,0
1108170,0.0045000000000527,0
1108200,0.0069999999999254,0
1108230,0.0065000000000964,0
1108260,0.0084999999999581,0
1108290,0.0055000000000291,0
1108320,0.0065000000000509,0
1108350,0.0045000000000527,0
1108380,0.0054999999999836,0
1108410,0.0049999999999272,0
1108440,0.0065000000000054,0
1108470,0.0055000000000291,0
1108500,0.0055000000000291,0
1108530,0.0059999999999945,0
1108560,0.0069999999999708,0
1108590,0.0045000000000072,0
1108620,0.0049999999999727,0
1108650,0.0065000000000509,0
1108680,0.00600000000004,0
1108710,0.0054999999999836,0
1108740,0.0054999999999381,0
1108770,0.00600000000004,0
1108800,0.0074999999999818,0
1108830,0.0054999999999836,0
1108860,0.0059999999999945,0
1108890,0.0049999999999272,0
1108920,0.0065000000000509,0
1108950,0.0059999999999945,0
1108980,0.0089999999999236,0
1109010,0.0045000000000072,0
1109040,0.0079999999999927,0
1109070,0.005999999999949,0
1109100,0.0054999999999836,0
1109130,0.0049999999999727,0
1109160,0.0069999999999708,0
1109190,0.0070000000000618,0
1109220,0.0054999999999381,0
1109250,0.0065000000000054,0
1109280,0.0080000000000381,0
1109310,0.0074999999999363,0
1109340,0.0064999999999599,0
1109370,0.0070000000000163,0
1109400,0.0059999999999945,0
1109430,0.0064999999999599,0
1109460,0.0075000000000272,0
1109490,0.0055000000000291,0
1109520,0.0074999999998908,0
1109550,0.0075000000000272,0
1109580,0.0065000000000509,0
1109610,0.0050000000000181,0
1109640,0.0074999999999818,0
1109670,0.0064999999999599,0
1109700,0.0060000000000854,0
1109730,0.0055000000000745,0
1109760,0.0084999999999126,0
1109790,0.005999999999949,0
1109820,0.0045000000000527,0
1109850,0.0079999999999927,0
1109880,0.0949999999999818,0
1109910,0.0065000000000054,0
1109940,0.0065000000000509,0
1109970,0.0034999999999399,0
1110000,0.0054999999999836,0
1110030,0.0050000000000181,0
1110060,0.0075000000000727,0
1110090,0.0045000000000072,0
1110120,0.0054999999999381,0
1110150,0.0074999999999818,0
1110180,0.0069999999998799,0
1110210,0.0049999999999272,0
1110240,0.0045000000000072,0
1110270,0.0054999999999836,0
1110300,0.00600000000004,0
1110330,0.0079999999999927,0
1110360,0.0075000000000272,0
1110390,0.0065000000000509,0
1110420,0.0079999999999472,0
1110450,0.002999999999929,0
1110480,0.005999999999949,0
1110510,0.0075000000000272,0
1110540,0.0064999999999599,0
1110570,0.0054999999999836,0
1110600,0.0045000000000072,0
1110630,0.0069999999999708,0
1110660,0.0059999999999945,0
1110690,0.0059999999999945,0
1110720,0.0070000000000163,0
1110750,0.0070000000000163,0
1110780,0.0040000000000873,0
1110810,0.0059999999999945,0
1110840,0.0055000000000291,0
1110870,0.0059999999999945,0
1110900,0.0059999999999945,0
1110930,0.0045000000000072,0
1110960,0.0059999999999035,0
1110990,0.0049999999999272,0
1111020,0.0054999999999836,0
1111050,0.0034999999999854,0
1111080,0.0055000000000291,0
1111110,0.0069999999999708,0
1111140,0.0049999999999727,0
1111170,0.0059999999999945,0
1111200,0.0049999999999727,0
1111230,0.0080000000000381,0
1111260,0.0054999999999836,0
1111290,0.0024999999999636,0
1111320,0.0079999999999472,0
1111350,0.0049999999999727,0
1111380,0.005999999999949,0
1111410,0.0080000000000381,0
1111440,0.0044999999999618,0
1111470,0.0049999999999727,0
1111500,0.0035000000000309,0
1111530,0.0045000000000072,0
1111560,0.0059999999999945,0
1111590,0.0054999999999836,0
1111620,0.0055000000000291,0
1111650,0.0034999999999854,0
1111680,0.0069999999999708,0
1111710,0.0025000000000545,0
1111740,0.0039999999999963,0
1111770,0.0040000000000418,0
1111800,0.0065000000000054,0
1111830,0.0040000000000418,0
1111860,0.0045000000000527,0
1111890,0.0340000000000145,0
1111920,0.1690000000000964,0
1111950,0.2394999999999982,0
1111980,0.3519999999999982,0
1112010,0.3405000000000655,0
1112040,0.2524999999999636,0
1112070,0.1985000000000582,0
1112100,0.4125,0
1112130,0.2839999999999691,0
1112160,0.4930000000000746,0
1112190,0.1659999999999399,0
1112220,0.1869999999999891,0
1112250,0.0140000000000327,0
1112280,0.0124999999999545,0
1112310,0.0899999999999181,0
1112340,0.2115000000000691,0
1112370,0.1880000000000109,0
1112400,0.0799999999999727,0
1112430,0.0449999999999363,0
1112460,0.0530000000001109,0
1112490,0.0569999999999254,0
1112520,0.0679999999999836,0
1112550,0.0710000000000036,0
1112580,0.0799999999999727,0
1112610,0.0945000000000163,0
1112640,0.0899999999999636,0
1112670,0.07199999999998,0
1112700,0.4984999999999218,0
1112730,0.2540000000000418,0
1112760,0.1414999999999963,0
1112790,0.4724999999999909,0
1112820,0.1635000000000218,0
1112850,0.1014999999998963,0
1112880,0.049499999999989,0
1112910,0.1894999999999527,0
1112940,0.2909999999999855,0
1112970,0.1074999999999818,0
1113000,0.2830000000000837,0
1113030,0.1615000000000236,0
1113060,0.2050000000000182,0
1113090,0.0170000000000072,0
1113120,0.1424999999999727,0
1113150,0.2449999999999818,0
1113180,0.2174999999999727,0
1113210,0.0129999999999654,0
1113240,0.0169999999999618,0
1113270,0.0154999999999745,0
1113300,0.01550000000002,0
1113330,0.0105000000000018,0
1113360,0.2250000000000454,0
1113390,0.0934999999999945,0
1113420,0.2440000000000054,0
1113450,0.0574999999999818,0
1113480,0.0254999999999654,0
1113510,0.0220000000000709,0
1113540,0.2430000000000746,0
1113570,0.0559999999999945,0
1113600,0.0220000000000254,0
1113630,0.0210000000000491,0
1113660,0.02800000000002,0
1113690,0.1430000000000291,0
1113720,0.0154999999998835,0
1113750,0.0105000000000018,0
1113780,0.0120000000000345,0
1113810,0.0105000000000018,0
1113840,0.0190000000000054,0
1113870,0.0149999999999636,0
1113900,0.2230000000000928,0
1113930,0.1264999999999873,0
1113960,0.0119999999999436,0
1113990,0.011999999999989,0
1114020,0.0140000000000782,0
1114050,0.0139999999999417,0
1114080,0.2364999999999327,0
1114110,0.2000000000000455,0
1114140,0.0375,0
1114170,0.0860000000000127,0
1114200,0.0255000000000109,0
1114230,0.0149999999999636,0
1114260,0.0079999999999927,0
1114290,0.0074999999998908,0
1114320,0.0225000000000818,0
1114350,0.0519999999999981,0
1114380,0.0304999999999381,0
1114410,0.0065000000000054,0
1114440,0.0074999999999818,0
1114470,0.0084999999999581,0
1114500,0.2389999999999418,0
1114530,0.2494999999999891,0
1114560,0.0269999999999072,0
1114590,0.3099999999999909,0
1114620,0.1109999999999217,0
1114650,0.1780000000001109,0
1114680,0.1304999999999381,0
1114710,0.011999999999989,0
1114740,0.0135000000000218,0
1114770,0.0115000000000691,0
1114800,0.0114999999999326,0
1114830,0.0130000000000109,0
1114860,0.0130000000000109,0
1114890,0.0099999999999909,0
1114920,0.231000000000131,0
1114950,0.0399999999999636,0
1114980,0.0139999999999417,0
1115010,0.2370000000000345,0
1115040,0.0429999999999836,0
1115070,0.0175000000000181,0
1115100,0.0144999999999981,0
1115130,0.1855000000000473,0
1115160,0.0320000000000618,0
1115190,0.0210000000000036,0
1115220,0.2395000000000436,0
1115250,0.0990000000000691,0
1115280,0.2604999999999564,0
1115310,0.0995000000000345,0
1115340,0.3779999999999746,0
1115370,0.1729999999999108,0
1115400,0.4075000000000273,0
1115430,0.1994999999999891,0
1115460,0.1389999999999872,0
1115490,0.0150000000000545,0
1115520,0.0149999999999636,0
1115550,0.1714999999998781,0
1115580,0.1444999999999254,0
1115610,0.0305000000000291,0
1115640,0.0160000000000309,0
1115670,0.20949999999998,0
1115700,0.1125,0
1115730,0.0349999999999454,0
1115760,0.0110000000000582,0
1115790,0.0135000000000218,0
1115820,0.0180000000000745,0
1115850,0.0255000000000563,0
1115880,0.0169999999999618,0
1115910,0.2110000000000582,0
1115940,0.1309999999999945,0
1115970,0.0265000000000327,0
1116000,0.0189999999999145,0
1116030,0.2650000000000546,0
1116060,0.0569999999999254,0
1116090,0.2474999999999909,0
1116120,0.1385000000000673,0
1116150,0.0230000000000473,0
1116180,0.0105015752362417,0
1116210,0.0295000000000527,0
1116240,0.2539999999999509,0
1116270,0.14699999999998,0
1116300,0.0995000000000345,0
1116330,0.1125000000000454,0
1116360,0.0385000000000673,0
1116390,0.2524999999999181,0
1116420,0.0859999999999672,0
1116450,0.0550000000000181,0
1116480,0.2025000000000091,0
1116510,0.1889999999999872,0
1116540,0.1295000000000072,0
1116570,0.2320000000000618,0
1116600,0.0510000000000673,0
1116630,0.0284999999999854,0
1116660,0.2234999999999672,0
1116690,0.1195000000000618,0
1116720,0.0200000000000272,0
1116750,0.0254999999999654,0
1116780,0.2474999999999454,0
1116810,0.0795000000000527,0
1116840,0.2404999999999745,0
1116870,0.0830000000000382,0
1116900,0.1550000000000181,0
1116930,0.1740000000000236,0
1116960,0.1130000000000109,0
1116990,0.1005000000000563,0
1117020,0.024499999999989,0
1117050,0.2055000000000746,0
1117080,0.1235000000000127,0
1117110,0.2485000000000127,0
1117140,0.2090000000000145,0
1117170,0.0239999999999781,0
1117200,0.24399999999996,0
1117230,0.2020000000000436,0
1117260,0.1750000000000909,0
1117290,0.1510000000001127,0
1117320,0.0615000000000236,0
1117350,0.1134999999999308,0
1117380,0.1129999999998745,0
1117410,0.2309999999999945,0
1117440,0.0514999999999417,0
1117470,0.1990000000000236,0
1117500,0.071499999999969,0
1117530,0.2255000000000109,0
1117560,0.1739999999999781,0
1117590,0.01850000000004,0
1117620,0.008999999999969,0
1117650,0.0070000000000618,0
1117680,0.0649999999999636,0
1117710,0.1860000000000127,0
1117740,0.0289999999999508,0
1117770,0.149499999999989,0
1117800,0.1599999999999454,0
1117830,0.0149999999999181,0
1117860,0.0320000000000163,0
1117890,0.0675000000000182,0
1117920,0.1759999999999763,0
1117950,0.1525000000000091,0
1117980,0.2119999999999891,0
1118010,0.1070000000000618,0
1118040,0.2125,0
1118070,0.0525000000000545,0
1118100,0.083999999999969,0
1118130,0.0990000000000691,0
1118160,0.2635000000000218,0
1118190,0.1225000000000364,0
1118220,0.0479999999999108,0
1118250,0.1034999999999854,0
1118280,0.1734999999999217,0
1118310,0.0470000000000254,0
1118340,0.0720000000000254,0
1118370,0.0329999999999927,0
1118400,0.1334999999999581,0
1118430,0.2040000000000873,0
1118460,0.1364999999999327,0
1118490,0.24050000000002,0
1118520,0.1074999999999818,0
1118550,0.2779999999999291,0
1118580,0.1110000000000582,0
1118610,0.0525000000000545,0
1118640,0.2509999999999763,0
1118670,0.0909999999999854,0
1118700,0.1955000000000836,0
1118730,0.0670000000000527,0
1118760,0.3540000000000419,0
1118790,0.0665000000000418,0
1118820,0.2695000000000618,0
1118850,0.1914999999999963,0
1118880,0.0554999999999836,0
1118910,0.2515000000000782,0
1118940,0.080999999999949,0
1118970,0.2704999999999018,0
1119000,0.1910000000000764,0
1119030,0.05600000000004,0
1119060,0.0445000000000163,0
1119090,0.0414999999999963,0
1119120,0.2494999999999891,0
1119150,0.0485000000000582,0
1119180,0.0345000000000254,0
1119210,0.02800000000002,0
1119240,0.1909999999999399,0
1119270,0.1245000000000345,0
1119300,0.0140000000000327,0
1119330,0.0180000000000745,0
1119360,0.0144999999999981,0
1119390,0.0710000000000036,0
1119420,0.1279999999999745,0
1119450,0.0220000000000709,0
1119480,0.2289999999999509,0
1119510,0.0480000000000018,0
1119540,0.2334999999999581,0
1119570,0.1469999999999345,0
1119600,0.0229999999999108,0
1119630,0.0110000000000127,0
1119660,0.16599999999994,0
1119690,0.1725000000000818,0
1119720,0.0364999999999327,0
1119750,0.0159999999999854,0
1119780,0.0549999999999272,0
1119810,0.1645000000000891,0
1119840,0.0830000000000836,0
1119870,0.0185000000000854,0
1119900,0.0125000000000454,0
1119930,0.2400000000000091,0
1119960,0.2045000000000528,0
1119990,0.0269999999999981,0
1120020,0.0189999999999599,0
1120050,0.0144999999999981,0
1120080,0.2449999999999818,0
1120110,0.1785000000000764,0
1120140,0.0364999999999327,0
1120170,0.01850000000004,0
1120200,0.2429999999999836,0
1120230,0.2444999999999709,0
1120260,0.0149999999999636,0
1120290,0.0719999999999345,0
1120320,0.2670000000000527,0
1120350,0.1139999999999872,0
1120380,0.0150000000000545,0
1120410,0.0105000000000018,0
1120440,0.2399999999999636,0
1120470,0.118499999999949,0
1120500,0.0265000000000327,0
1120530,0.0100000000000818,0
1120560,0.2599999999999909,0
1120590,0.0845000000000254,0
1120620,0.005999999999949,0
1120650,0.0070000000000163,0
1120680,0.0090000000000145,0
1120710,0.2519999999999527,0
1120740,0.0644999999999527,0
1120770,0.1834999999999126,0
1120800,0.1270000000000436,0
1120830,0.5765000000000328,0
1120860,0.1015000000000327,0
1120890,0.33100000000004,0
1120920,0.1155000000000655,0
1120950,0.1159999999999854,0
1120980,0.3430000000000747,0
1121010,0.1230000000000018,0
1121040,0.3119999999999436,0
1121070,0.2299999999999272,0
1121100,0.1039999999999963,0
1121130,0.3159999999999854,0
1121160,0.111999999999989,0
1121190,0.3524999999999181,0
1121220,0.1985000000000127,0
1121250,0.0430000000000745,0
1121280,0.2784999999999854,0
1121310,0.0819999999999709,0
1121340,0.0239999999999781,0
1121370,0.1954999999999472,0
1121400,0.26200000000008,0
1121430,0.2110000000000582,0
1121460,0.2449999999999818,0
1121490,0.1235000000000127,0
1121520,0.0239999999999781,0
1121550,0.0625,0
1121580,0.1255000000000109,0
1121610,0.0224999999998999,0
1121640,0.0169999999999618,0
1121670,0.0379999999998744,0
1121700,0.0190000000000964,0
1121730,0.0109999999999217,0
1121760,0.0510000000000673,0
1121790,0.2110000000000127,0
1121820,0.086999999999989,0
1121850,0.0064999999999145,0
1121880,0.0210000000000036,0
1121910,0.0019999999999981,0
1121940,0.1195000000000163,0
1121970,0.1954999999999472,0
1122000,0.1115000000000236,0
1122030,0.0229999999999563,0
1122060,0.0160000000000309,0
1122090,0.0194999999998799,0
1122120,0.0190000000000054,0
1122150,0.0174999999999727,0
1122180,0.2334999999999581,0
1122210,0.1859999999999672,0
1122240,0.0199999999999818,0
1122270,0.0099999999999454,0
1122300,0.0099999999999909,0
1122330,0.0099999999999909,0
1122360,0.0135000000000673,0
1122390,0.1744999999998981,0
1122420,0.1454999999999927,0
1122450,0.0139999999999417,0
1122480,0.0784999999999399,0
1122510,0.0965000000000145,0
1122540,0.0209999999999581,0
1122570,0.0420000000000527,0
1122600,0.12450000000008,0
1122630,0.0474999999999909,0
1122660,0.2195000000000618,0
1122690,0.0824999999999818,0
1122720,0.1550000000000181,0
1122750,0.1515000000000327,0
1122780,0.0249999999999999,0
1122810,0.0204999999999017,0
1122840,0.0229999999999563,0
1122870,0.0255000000000109,0
1122900,0.0089999999999236,0
1122930,0.2450000000000273,0
1122960,0.1655000000000654,0
1122990,0.0159999999999854,0
1123020,0.0144999999999527,0
1123050,0.015000000000009,0
1123080,0.0205000000000382,0
1123110,0.0209999999999126,0
1123140,0.0170000000000072,0
1123170,0.0240000000000236,0
1123200,0.0305000000000291,0
1123230,0.0444999999999254,0
1123260,0.2304999999999381,0
1123290,0.0840000000000145,0
1123320,0.0109999999999672,0
1123350,0.0110000000000127,0
1123380,0.0094999999999799,0
1123410,0.0094999999999799,0
1123440,0.0125,0
1123470,0.0154999999999745,0
1123500,0.2414999999999963,0
1123530,0.1585000000000036,0
1123560,0.0174999999999272,0
1123590,0.0384999999998854,0
1123620,0.0449999999999818,0
1123650,0.0414999999999508,0
1123680,0.0100000000000363,0
1123710,0.0099999999999454,0
1123740,0.0139999999999417,0
1123770,0.0924999999999272,0
1123800,0.1205000000000382,0
1123830,0.0290000000000418,0
1123860,0.0650000000000091,0
1123890,0.1300000000000181,0
1123920,0.0794999999999618,0
1123950,0.0864999999999781,0
1123980,0.1260000000000218,0
1124010,0.0409999999999854,0
1124040,0.0100000000000363,0
1124070,0.0144999999999527,0
1124100,0.0115000000000691,0
1124130,0.0139999999999872,0
1124160,0.0175000000000636,0
1124190,0.0129999999999199,0
1124220,0.0130000000000109,0
1124250,0.0189999999999145,0
1124280,0.0099999999999454,0
1124310,0.0145000000000891,0
1124340,0.0174999999999727,0
1124370,0.0184999999999945,0
1124400,0.0149999999999636,0
1124430,0.0174999999999727,0
1124460,0.0195000000000163,0
1124490,0.0675000000000182,0
1124520,0.1149999999999636,0
1124550,0.0174999999999727,0
1124580,0.0164999999999508,0
1124610,0.0184999999999945,0
1124640,0.0240000000000236,0
1124670,0.1740000000000236,0
1124700,0.19099999999994,0
1124730,0.0559999999999945,0
1124760,0.1375,0
1124790,0.0425000000000182,0
1124820,0.2,0
1124850,0.071499999999969,0
1124880,0.2509999999999763,0
1124910,0.0654999999999745,0
1124940,0.0820000000000163,0
1124970,0.2330000000000382,0
1125000,0.1550000000000181,0
1125030,0.01850000000004,0
1125060,0.0110000000000582,0
1125090,0.0155000000000654,0
1125120,0.0115000000000691,0
1125150,0.0179999999999381,0
1125180,0.0375000000000454,0
1125210,0.2149999999999636,0
1125240,0.1494999999999436,0
1125270,0.0720000000000254,0
1125300,0.2414999999999963,0
1125330,0.1245000000000345,0
1125360,0.0314999999999145,0
1125390,0.2349999999999454,0
1125420,0.11550000000002,0
1125450,0.0194999999999708,0
1125480,0.233999999999969,0
1125510,0.1049999999999727,0
1125540,0.0274999999999636,0
1125570,0.0114999999999781,0
1125600,0.0094999999999345,0
1125630,0.0325000000000727,0
1125660,0.0170000000000072,0
1125690,0.0164999999999963,0
1125720,0.0159999999998945,0
1125750,0.0150000000001,0
1125780,0.015000000000009,0
1125810,0.0080000000000836,0
1125840,0.0204999999999017,0
1125870,0.0075000000001182,0
1125900,0.0174999999999727,0
1125930,0.0124999999999545,0
1125960,0.0070000000000163,0
1125990,0.0084999999999581,0
1126020,0.0059999999999945,0
1126050,0.0065000000000509,0
1126080,0.01550000000002,0
1126110,0.0090000000000145,0
1126140,0.0149999999999181,0
1126170,0.2255000000001018,0
1126200,0.1605000000000927,0
1126230,0.2484999999998763,0
1126260,0.0235000000000127,0
1126290,0.0075000000000727,0
1126320,0.24650000000006,0
1126350,0.1515000000000327,0
1126380,0.0294999999999618,0
1126410,0.0110000000000127,0
1126440,0.1915000000000418,0
1126470,0.2125,0
1126500,0.1644999999999982,0
1126530,0.1835000000000036,0
1126560,0.0350000000000363,0
1126590,0.0249999999999999,0
1126620,0.25649999999996,0
1126650,0.1070000000000163,0
1126680,0.2579999999999927,0
1126710,0.11550000000002,0
1126740,0.1240000000001146,0
1126770,0.1515000000000782,0
1126800,0.0364999999999327,0
1126830,0.0155000000000654,0
1126860,0.2589999999999236,0
1126890,0.1445000000000164,0
1126920,0.0309999999999945,0
1126950,0.1634999999999764,0
1126980,0.08449999999998,0
1127010,0.2454999999998563,0
1127040,0.0760000000000218,0
1127070,0.2384999999998399,0
1127100,0.0564999999999599,0
1127130,0.2094999999999345,0
1127160,0.1199999999999363,0
1127190,0.0125000000000454,0
1127220,0.0105000000000018,0
1127250,0.02800000000002,0
1127280,0.1420000000000982,0
1127310,0.1070000000000163,0
1127340,0.2385000000000673,0
1127370,0.1429999999999836,0
1127400,0.0790000000000873,0
1127430,0.1290000000000418,0
1127460,0.0280000000001109,0
1127490,0.2335000000000491,0
1127520,0.0589999999999236,0
1127550,0.11850000000004,0
1127580,0.1044999999999618,0
1127610,0.0209999999999581,0
1127640,0.2295000000000527,0
1127670,0.0854999999999563,0
1127700,0.2295000000000073,0
1127730,0.0900000000000091,0
1127760,0.2295000000000527,0
1127790,0.0925000000000181,0
1127820,0.2230000000000473,0
1127850,0.1249999999999545,0
1127880,0.0245000000000345,0
1127910,0.1299999999999727,0
1127940,0.086999999999989,0
1127970,0.2454999999999927,0
1128000,0.1610000000000127,0
1128030,0.1010000000001127,0
1128060,0.10949999999998,0
1128090,0.061999999999989,0
1128120,0.0320000000001073,0
1128150,0.1575000000000272,0
1128180,0.0124999999999545,0
1128210,0.0095000000000254,0
1128240,0.0110000000000582,0
1128270,0.0109999999999217,0
1128300,0.0150000000000545,0
1128330,0.0099999999999909,0
1128360,0.0144999999999072,0
1128390,0.0129999999999199,0
1128420,0.0105000000000018,0
1128450,0.2320000000000164,0
1128480,0.0460000000000036,0
1128510,0.0239999999999781,0
1128540,0.0384999999999308,0
1128570,0.1460000000000036,0
1128600,0.0160000000000309,0
1128630,0.009499999999889,0
1128660,0.0094999999999799,0
1128690,0.0300000000000181,0
1128720,0.2260000000000218,0
1128750,0.1099999999999909,0
1128780,0.00900000000006,0
1128810,0.02800000000002,0
1128840,0.027999999999929,0
1128870,0.011999999999989,0
1128900,0.0100000000000818,0
1128930,0.0070000000000163,0
1128960,0.0130000000000109,0
1128990,0.0109999999999672,0
1129020,0.0059999999999945,0
1129050,0.1379999999999654,0
1129080,0.1409999999999854,0
1129110,0.0699999999999818,0
1129140,0.1345000000001164,0
1129170,0.0230000000000018,0
1129200,0.2320000000000163,0
1129230,0.1394999999999981,0
1129260,0.0979999999999563,0
1129290,0.2315000000000054,0
1129320,0.0480000000000927,0
1129350,0.2545000000000073,0
1129380,0.1210000000000491,0
1129410,0.0204999999999927,0
1129440,0.0110000000000127,0
1129470,0.1794999999999618,0
1129500,0.1134999999999763,0
1129530,0.50349999999994,0
1129560,0.1045000000000982,0
1129590,0.3894999999999982,0
1129620,0.1300000000000181,0
1129650,0.5319999999999709,0
1129680,0.1995000000000345,0
1129710,0.5339999999999236,0
1129740,0.0470000000000709,0
1129770,0.1280000000001109,0
1129800,0.6979999999999563,0
1129830,0.2399999999999636,0
1129860,0.1855000000000473,0
1129890,0.1230000000000018,0
1129920,0.0219999999999799,0
1129950,0.7940000000000964,0
1129980,0.1945000000001073,0
1130010,0.1599999999999454,0
1130040,0.4690000000001419,0
1130070,0.1694999999999709,0
1130100,0.1340000000000145,0
1130130,0.0340000000000145,0
1130160,0.0319999999999709,0
1130190,0.158999999999969,0
1130220,0.571999999999889,0
1130250,0.16200000000008,0
1130280,0.2765000000000782,0
1130310,0.4005000000000564,0
1130340,0.3729999999999108,0
1130370,0.1615000000001145,0
1130400,0.2835000000000946,0
1130430,0.2634999999999763,0
1130460,0.2360000000000127,0
1130490,0.5984999999998765,0
1130520,0.1384999999999308,0
1130550,0.0125000000000454,0
1130580,0.0114999999999781,0
1130610,0.015000000000009,0
1130640,0.49350000000004,0
1130670,0.1539999999999963,0
1130700,0.071999999999889,0
1130730,0.1050000000000181,0
1130760,0.0534999999999854,0
1130790,0.049499999999989,0
1130820,0.0614999999999781,0
1130850,0.0830000000000382,0
1130880,0.0670000000001437,0
1130910,0.0820000000000618,0
1130940,0.0805000000000745,0
1130970,0.1014999999999872,0
1131000,0.061999999999989,0
1131030,0.6259999999998854,0
1131060,0.2745000000000346,0
1131090,0.0159999999999399,0
1131120,0.6219999999999345,0
1131150,0.19650000000006,0
1131180,0.0110000000000582,0
1131210,0.4175000000000636,0
1131240,0.0199999999999818,0
1131270,0.5440000000000055,0
1131300,0.1034999999999854,0
1131330,0.2875,0
1131360,0.0919999999999618,0
1131390,0.3420000000000981,0
1131420,0.1204999999999472,0
1131450,0.5974999999999908,0
1131480,0.2404999999999745,0
1131510,0.3375000000000455,0
1131540,0.2394999999999981,0
1131570,0.2664999999999963,0
1131600,0.0100000000000363,0
1131630,0.0130000000000563,0
1131660,0.0754999999998745,0
1131690,0.2294999999999618,0
1131720,0.0474999999998999,0
1131750,0.0204999999999927,0
1131780,0.0180000000000291,0
1131810,0.0150000000001,0
1131840,0.0154999999999745,0
1131870,0.0244999999999436,0
1131900,0.2315000000000509,0
1131930,0.0514999999999417,0
1131960,0.1349999999999909,0
1131990,0.024499999999989,0
1132020,0.0179999999999836,0
1132050,0.1914999999999963,0
1132080,0.1194999999999709,0
1132110,0.0209999999999581,0
1132140,0.0215000000001055,0
1132170,0.0220000000000254,0
1132200,0.2335000000000036,0
1132230,0.0675000000000181,0
1132260,0.0135000000000218,0
1132290,0.0110000000001036,0
1132320,0.0139999999999417,0
1132350,0.0144999999999527,0
1132380,0.0145000000000891,0
1132410,0.0224999999999454,0
1132440,0.2345000000000709,0
1132470,0.0584999999999126,0
1132500,0.0200000000000272,0
1132530,0.0170000000000072,0
1132560,0.0185000000000854,0
1132590,0.0804999999999381,0
1132620,0.3724999999999455,0
1132650,0.1114999999999327,0
1132680,0.2330000000000382,0
1132710,0.0530000000000654,0
1132740,0.0054999999999381,0
1132770,0.0050000000000636,0
1132800,0.0039999999999963,0
1132830,0.0079999999999017,0
1132860,0.0055000000000291,0
1132890,0.0065000000000054,0
1132920,0.0045000000000072,0
1132950,0.0050000000000181,0
1132980,0.0064999999999599,0
1133010,0.0054999999999381,0
1133040,0.0055000000000291,0
1133070,0.0054999999999381,0
1133100,0.0065000000000054,0
1133130,0.1740000000000236,0
1133160,0.0210000000000036,0
1133190,0.0140000000000327,0
1133220,0.2234999999999672,0
1133250,0.03050000000012,0
1133280,0.0164999999999963,0
1133310,0.0175000000000181,0
1133340,0.2425000000000182,0
1133370,0.0475000000000363,0
1133400,0.0180000000000745,0
1133430,0.2510000000000673,0
1133460,0.1579999999999927,0
1133490,0.0220000000000709,0
1133520,0.0079999999999927,0
1133550,0.2429999999999836,0
1133580,0.1399999999999181,0
1133610,0.0205000000000836,0
1133640,0.0934999999999945,0
1133670,0.1019999999999982,0
1133700,0.0140000000000327,0
1133730,0.0130000000000109,0
1133760,0.0105000000000472,0
1133790,0.0064999999999145,0
1133820,0.0059999999999945,0
1133850,0.0090000000000145,0
1133880,0.0099999999999454,0
1133910,0.0104999999999563,0
1133940,0.0290000000000873,0
1133970,0.1869999999999891,0
1134000,0.0759999999999308,0
1134030,0.2335000000000491,0
1134060,0.2164999999999509,0
1134090,0.0585000000000945,0
1134120,0.1980000000000018,0
1134150,0.137499999999909,0
1134180,0.2469999999999345,0
1134210,0.1859999999999672,0
1134240,0.0559999999999945,0
1134270,0.0775000000000545,0
1134300,0.1904999999999745,0
1134330,0.0315000000000054,0
1134360,0.0784999999999854,0
1134390,0.0984999999999672,0
1134420,0.0150000000001,0
1134450,0.0289999999998599,0
1134480,0.1300000000000181,0
1134510,0.0695000000000163,0
1134540,0.0295000000000982,0
1134570,0.2170000000000073,0
1134600,0.0324999999999818,0
1134630,0.0140000000000782,0
1134660,0.2264999999999418,0
1134690,0.2064999999999145,0
1134720,0.0160000000000309,0
1134750,0.0375,0
1134780,0.2399999999998727,0
1134810,0.0799999999999272,0
1134840,0.0070000000000163,0
1134870,0.2420000000000527,0
1134900,0.1519999999999527,0
1134930,0.0434999999998581,0
1134960,0.2434999999999491,0
1134990,0.1324999999999363,0
1135020,0.0080000000000381,0
1135050,0.0070000000000163,0
1135080,0.0094999999999345,0
1135110,0.0095000000000254,0
1135140,0.0080000000000836,0
1135170,0.0569999999999709,0
1135200,0.1494999999999436,0
1135230,0.1229999999999108,0
1135260,0.0095000000000709,0
1135290,0.0065000000000054,0
1135320,0.0484999999999217,0
1135350,0.1865000000000691,0
1135380,0.0829999999999472,0
1135410,0.0799999999998817,0
1135440,0.19650000000006,0
1135470,0.1399999999999636,0
1135500,0.0359999999999672,0
1135530,0.0179999999999381,0
1135560,0.2480000000000018,0
1135590,0.1445000000001073,0
1135620,0.0844999999999799,0
1135650,0.0359999999999217,0
1135680,0.0320000000001073,0
1135710,0.0299999999999727,0
1135740,0.1595000000000709,0
1135770,0.1829999999999472,0
1135800,0.0239999999999781,0
1135830,0.0420000000000527,0
1135860,0.0644999999999981,0
1135890,0.2099999999999909,0
1135920,0.0809999999999035,0
1135950,0.0079999999999927,0
1135980,0.0070000000000618,0
1136010,0.015999999999849,0
1136040,0.0180000000000291,0
1136070,0.0085000000000491,0
1136100,0.2330000000000382,0
1136130,0.1824999999999818,0
1136160,0.0329999999999927,0
1136190,0.0090000000000145,0
1136220,0.0080000000000381,0
1136250,0.0180000000000291,0
1136280,0.0179999999998926,0
1136310,0.0114999999999781,0
1136340,0.21599999999994,0
1136370,0.1664999999999963,0
1136400,0.0229999999999563,0
1136430,0.0125000000000454,0
1136460,0.0105000000000018,0
1136490,0.0325000000000272,0
1136520,0.0159999999999854,0
1136550,0.0230000000000472,0
1136580,0.0155000000000654,0
1136610,0.0135000000000673,0
1136640,0.0179999999999836,0
1136670,0.0119999999999436,0
1136700,0.0090000000000145,0
1136730,0.0114999999999781,0
1136760,0.0114999999999326,0
1136790,0.0079999999999017,0
1136820,0.0235000000001036,0
1136850,0.0114999999998417,0
1136880,0.0230000000000927,0
1136910,0.1210000000000036,0
1136940,0.1710000000000946,0
1136970,0.2394999999999527,0
1137000,0.0549999999999272,0
1137030,0.0065000000000054,0
1137060,0.237499999999909,0
1137090,0.1469999999999345,0
1137120,0.0359999999999672,0
1137150,0.0080000000000381,0
1137180,0.1049999999999272,0
1137210,0.1699999999999363,0
1137240,0.1109999999999218,0
1137270,0.1225000000000363,0
1137300,0.0364999999999781,0
1137330,0.0315000000000054,0
1137360,0.2420000000000527,0
1137390,0.1295000000000072,0
1137420,0.2349999999999909,0
1137450,0.1175000000000182,0
1137480,0.1294999999999618,0
1137510,0.1504999999999654,0
1137540,0.02800000000002,0
1137570,0.01850000000004,0
1137600,0.2830000000000837,0
1137630,0.0920000000000073,0
1137660,0.3105000000000473,0
1137690,0.1134999999999763,0
1137720,0.2174999999998817,0
1137750,0.1190000000000054,0
1137780,0.2394999999999072,0
1137810,0.1005000000001018,0
1137840,0.1524999999998726,0
1137870,0.1220000000000709,0
1137900,0.0264999999999872,0
1137930,0.1355000000000473,0
1137960,0.1040000000000418,0
1137990,0.0289999999999054,0
1138020,0.0949999999999818,0
1138050,0.0204999999999472,0
1138080,0.00600000000004,0
1138110,0.0084999999999126,0
1138140,0.0054999999999836,0
1138170,0.0225000000000363,0
1138200,0.0290000000000873,0
1138230,0.0270000000000436,0
1138260,0.0079999999999927,0
1138290,0.0084999999999581,0
1138320,0.0085000000000036,0
1138350,0.2530000000001109,0
1138380,0.2434999999999945,0
1138410,0.0159999999998945,0
1138440,0.2229999999999563,0
1138470,0.1004999999999654,0
1138500,0.0135000000000218,0
1138530,0.0094999999999799,0
1138560,0.2415000000000873,0
1138590,0.1255000000000564,0
1138620,0.0259999999998399,0
1138650,0.0090000000001055,0
1138680,0.1280000000001109,0
1138710,0.1119999999999436,0
1138740,0.0250000000000454,0
1138770,0.0139999999999872,0
1138800,0.0265000000000782,0
1138830,0.2079999999999927,0
1138860,0.3165000000000418,0
1138890,0.3065000000000509,0
1138920,0.2415000000000418,0
1138950,0.2720000000000254,0
1138980,0.2319999999999709,0
1139010,0.0864999999999781,0
1139040,0.2300000000000182,0
1139070,0.0834999999999581,0
1139100,0.22549999999992,0
1139130,0.1840000000001055,0
1139160,0.5090000000000146,0
1139190,0.2460000000000036,0
1139220,0.090499999999929,0
1139250,0.2230000000000928,0
1139280,0.1280000000001109,0
1139310,0.6364999999998872,0
1139340,0.2385000000001127,0
1139370,0.052999999999929,0
1139400,0.4480000000001383,0
1139430,0.2349999999999454,0
1139460,0.0874999999999545,0
1139490,0.2675000000000182,0
1139520,0.1380000000000563,0
1139550,0.4515000000000783,0
1139580,0.2139999999999872,0
1139610,0.3539999999999509,0
1139640,0.2344999999999345,0
1139670,0.0815000000000054,0
1139700,0.2089999999999691,0
1139730,0.0994999999999436,0
1139760,0.4035000000000309,0
1139790,0.1115000000000236,0
1139820,0.4389999999999873,0
1139850,0.1110000000000127,0
1139880,0.44399999999996,0
1139910,0.2420000000000073,0
1139940,0.0915000000000873,0
1139970,0.2234999999998763,0
1140000,0.1044999999999163,0
1140030,0.40600000000004,0
1140060,0.2019999999999527,0
1140090,0.3209999999999582,0
1140120,0.5559999999999946,0
1140150,0.2494999999999436,0
1140180,0.1180000000000745,0
1140210,0.2305000000000291,0
1140240,0.0729999999999563,0
1140270,0.2510000000001128,0
1140300,0.1150000000000545,0
1140330,0.3884999999999763,0
1140360,0.1250000000000455,0
1140390,0.4169999999999618,0
1140420,0.1824999999999818,0
1140450,0.5674999999999273,0
1140480,0.2490000000000236,0
1140510,0.0889999999999872,0
1140540,0.4354999999998654,0
1140570,0.2449999999999363,0
1140600,0.2069999999999254,0
1140630,0.2365000000000691,0
1140660,0.0914999999999963,0
1140690,0.2429999999999381,0
1140720,0.2490000000000691,0
1140750,0.2119999999999436,0
1140780,0.2414999999999509,0
1140810,0.0699999999999363,0
1140840,0.1554999999999836,0
1140870,0.0934999999999945,0
1140900,0.1450000000000272,0
1140930,0.1129999999999654,0
1140960,0.3640000000000782,0
1140990,0.1099999999999454,0
1141020,0.4254999999999199,0
1141050,0.1705000000000382,0
1141080,0.4429999999998927,0
1141110,0.2415000000000418,0
1141140,0.0835000000000491,0
1141170,0.2115000000000236,0
1141200,0.1034999999999854,0
1141230,0.3110000000000127,0
1141260,0.1229999999999108,0
1141290,0.3690000000000055,0
1141320,0.0669999999999163,0
1141350,0.2275000000000091,0
1141380,0.0639999999999418,0
1141410,0.01850000000004,0
1141440,0.0304999999999381,0
1141470,0.0150000000000545,0
1141500,0.0045000000000072,0
1141530,0.0319999999999709,0
1141560,0.2294999999998708,0
1141590,0.1175000000000182,0
1141620,0.0135000000001127,0
1141650,0.0050000000000636,0
1141680,0.0164999999999508,0
1141710,0.0170000000000527,0
1141740,0.0070000000000163,0
1141770,0.046499999999969,0
1141800,0.2390000000001692,0
1141830,0.1099999999999909,0
1141860,0.0125,0
1141890,0.0064999999999145,0
1141920,0.2234999999999218,0
1141950,0.2044999999999618,0
1141980,0.0370000000000345,0
1142010,0.0149999999999181,0
1142040,0.0340000000001055,0
1142070,0.2295000000000072,0
1142100,0.1054999999999836,0
1142130,0.0079999999999472,0
1142160,0.0085000000000036,0
1142190,0.0039999999999963,0
1142220,0.1144999999999527,0
1142250,0.212499999999909,0
1142280,0.1399999999999636,0
1142310,0.0134999999998854,0
1142340,0.0090000000000145,0
1142370,0.0259999999999308,0
1142400,0.2385000000000218,0
1142430,0.1145000000000436,0
1142460,0.0140000000000782,0
1142490,0.0115000000000236,0
1142520,0.0125000000000454,0
1142550,0.0135000000000673,0
1142580,0.0234999999999672,0
1142610,0.0324999999999818,0
1142640,0.1555000000000291,0
1142670,0.0699999999999818,0
1142700,0.0099999999999454,0
1142730,0.0105000000000472,0
1142760,0.0074999999999363,0
1142790,0.0069999999999254,0
1142820,0.0285000000000309,0
1142850,0.1515000000000782,0
1142880,0.0254999999999199,0
1142910,0.0210000000000491,0
1142940,0.2169999999999163,0
1142970,0.077999999999929,0
1143000,0.0364999999999781,0
1143030,0.2389999999998963,0
1143060,0.0870000000001255,0
1143090,0.1210000000000945,0
1143120,0.1179999999999836,0
1143150,0.0390000000000327,0
1143180,0.1550000000000637,0
1143210,0.068499999999949,0
1143240,0.0164999999999963,0
1143270,0.0284999999999854,0
1143300,0.025,0
1143330,0.0119999999999436,0
1143360,0.1415000000000873,0
1143390,0.1605000000000473,0
1143420,0.0179999999999836,0
1143450,0.0250000000000454,0
1143480,0.02450000000008,0
1143510,0.0215000000000145,0
1143540,0.0154999999999745,0
1143570,0.0144999999999527,0
1143600,0.0230000000000018,0
1143630,0.0305000000000291,0
1143660,0.0215000000001055,0
1143690,0.2349999999998999,0
1143720,0.1710000000001855,0
1143750,0.0144999999999981,0
1143780,0.0065000000000509,0
1143810,0.0135000000000218,0
1143840,0.0099999999998999,0
1143870,0.0139999999999872,0
1143900,0.0154999999999745,0
1143930,0.1399999999999636,0
1143960,0.1625000000000909,0
1143990,0.02450000000008,0
1144020,0.0430000000000745,0
1144050,0.046499999999969,0
1144080,0.0399999999999636,0
1144110,0.0205000000000836,0
1144140,0.0170000000000527,0
1144170,0.0224999999998999,0
1144200,0.0549999999999272,0
1144230,0.1465000000000145,0
1144260,0.0930000000000745,0
1144290,0.0074999999997999,0
1144320,0.0175000000000636,0
1144350,0.1989999999999781,0
1144380,0.1415000000000418,0
1144410,0.0289999999999508,0
1144440,0.2390000000000327,0
1144470,0.1595000000000709,0
1144500,0.0204999999999017,0
1144530,0.2480000000000927,0
1144560,0.18400000000006,0
1144590,0.0309999999999945,0
1144620,0.0139999999999417,0
1144650,0.0124999999999999,0
1144680,0.0104999999999108,0
1144710,0.0150000000000545,0
1144740,0.0139999999999417,0
1144770,0.015000000000009,0
1144800,0.0120000000001255,0
1144830,0.0094999999999799,0
1144860,0.0104999999999563,0
1144890,0.0114999999999781,0
1144920,0.0139999999999872,0
1144950,0.0114999999999781,0
1144980,0.011999999999989,0
1145010,0.015000000000009,0
1145040,0.0145000000000891,0
1145070,0.2429999999999836,0
1145100,0.112499999999909,0
1145130,0.0269999999998617,0
1145160,0.0159999999999399,0
1145190,0.0379999999999654,0
1145220,0.0329999999999927,0
1145250,0.2165000000000418,0
1145280,0.1429999999999836,0
1145310,0.0615000000000236,0
1145340,0.1244999999999436,0
1145370,0.0240000000001146,0
1145400,0.0299999999998817,0
1145430,0.1364999999999327,0
1145460,0.0809999999999036,0
1145490,0.0530000000000654,0
1145520,0.0210000000000491,0
1145550,0.2235000000000127,0
1145580,0.1479999999999109,0
1145610,0.0370000000000345,0
1145640,0.2364999999999782,0
1145670,0.1339999999999236,0
1145700,0.0074999999999818,0
1145730,0.0090000000000145,0
1145760,0.0080000000000381,0
1145790,0.0085000000000036,0
1145820,0.065499999999929,0
1145850,0.1545000000000072,0
1145880,0.0784999999999399,0
1145910,0.0090000000000145,0
1145940,0.0084999999999581,0
1145970,0.0070000000000618,0
1146000,0.00600000000004,0
1146030,0.0339999999999236,0
1146060,0.2264999999999418,0
1146090,0.0895000000000436,0
1146120,0.0835000000000491,0
1146150,0.1075000000000272,0
1146180,0.0600000000000818,0
1146210,0.1844999999999345,0
1146240,0.068499999999949,0
1146270,0.25900000000006,0
1146300,0.1139999999999872,0
1146330,0.2549999999999727,0
1146360,0.06550000000002,0
1146390,0.0734999999999672,0
1146420,0.2104999999999108,0
1146450,0.1254999999999654,0
1146480,0.0509999999999763,0
1146510,0.0774999999999636,0
1146540,0.1420000000000982,0
1146570,0.1575000000000727,0
1146600,0.043999999999869,0
1146630,0.0210000000000491,0
1146660,0.2559999999999491,0
1146690,0.1690000000000964,0
1146720,0.0180000000000291,0
1146750,0.0229999999998653,0
1146780,0.0155000000000654,0
1146810,0.0255000000000563,0
1146840,0.03050000000012,0
1146870,0.0420000000000527,0
1146900,0.2249999999999545,0
1146930,0.102500000000009,0
1146960,0.0160000000000763,0
1146990,0.0169999999999163,0
1147020,0.0189999999999599,0
1147050,0.0635000000000673,0
1147080,0.1494999999999436,0
1147110,0.0459999999999581,0
1147140,0.0189999999999145,0
1147170,0.0190000000000509,0
1147200,0.0144999999999981,0
1147230,0.0140000000000782,0
1147260,0.0335000000000036,0
1147290,0.18449999999998,0
1147320,0.0734999999999672,0
1147350,0.0380000000000563,0
1147380,0.0135000000000218,0
1147410,0.2110000000000127,0
1147440,0.0375000000001364,0
1147470,0.0130000000000109,0
1147500,0.0105000000000018,0
1147530,0.0100000000000363,0
1147560,0.0119999999999436,0
1147590,0.0075000000000272,0
1147620,0.0149999999999636,0
1147650,0.0180000000000745,0
1147680,0.0050000000000636,0
1147710,0.2339999999999236,0
1147740,0.0914999999999509,0
1147770,0.0139999999999872,0
1147800,0.0095000000000254,0
1147830,0.0165000000000418,0
1147860,0.0105000000000472,0
1147890,0.0160000000000763,0
1147920,0.0129999999999199,0
1147950,0.021499999999969,0
1147980,0.0200000000001182,0
1148010,0.0645000000000436,0
1148040,0.1024999999999636,0
1148070,0.0130000000001473,0
1148100,0.0174999999999272,0
1148130,0.0200000000000272,0
1148160,0.012499999999909,0
1148190,0.0204999999999927,0
1148220,0.015000000000009,0
1148250,0.0194999999999708,0
1148280,0.0240000000001145,0
1148310,0.08149999999996,0
1148340,0.8180000000000746,0
1148370,0.1784999999999854,0
1148400,0.0320000000000163,0
1148430,0.6220000000000254,0
1148460,0.168500000000131,0
1148490,0.0249999999999545,0
1148520,0.0349999999999909,0
1148550,0.0360000000000582,0
1148580,0.2789999999998599,0
1148610,0.0064999999999599,0
1148640,0.0040000000000418,0
1148670,0.0069999999999254,0
1148700,0.0045000000000072,0
1148730,0.0040000000000873,0
1148760,0.0054999999999836,0
1148790,0.0065000000000509,0
1148820,0.0044999999999163,0
1148850,0.0045000000000527,0
1148880,0.002500000000009,0
1148910,0.008999999999969,0
1148940,0.0054999999999836,0
1148970,0.0075000000000272,0
1149000,0.0180000000000291,0
1149030,0.0100000000000363,0
1149060,0.0040000000000418,0
1149090,0.0034999999999399,0
1149120,0.0045000000000982,0
1149150,0.0069999999999708,0
1149180,0.0045000000000527,0
1149210,0.0045000000000072,0
1149240,0.0049999999998817,0
1149270,0.0065000000000509,0
1149300,0.0045000000000072,0
1149330,0.002500000000009,0
1149360,0.0029999999999745,0
1149390,0.0054999999999836,0
1149420,0.0050000000000181,0
1149450,0.0065000000000054,0
1149480,0.0045000000000527,0
1149510,0.0054999999998926,0
1149540,0.0034999999999399,0
1149570,0.0050000000000181,0
1149600,0.0050000000001091,0
1149630,0.0074999999998908,0
1149660,0.0035000000000763,0
1149690,0.0059999999999945,0
1149720,0.0019999999999981,0
1149750,0.0064999999999145,0
1149780,0.0039999999999508,0
1149810,0.0044999999999163,0
1149840,0.0060000000000854,0
1149870,0.0054999999999381,0
1149900,0.0034999999999854,0
1149930,0.0074999999999363,0
1149960,0.0039999999999508,0
1149990,0.0065000000000964,0
1150020,0.0059999999999035,0
1150050,0.0054999999999381,0
1150080,0.0040000000000418,0
1150110,0.0065000000000054,0
1150140,0.005999999999949,0
1150170,0.0050000000000636,0
1150200,0.0034999999999854,0
1150230,0.0054999999998926,0
1150260,0.0050000000000636,0
1150290,0.006499999999869,0
1150320,0.0059999999999945,0
1150350,0.0030000000000654,0
1150380,0.0050000000000636,0
1150410,0.0049999999998362,0
1150440,0.002999999999929,0
1150470,0.0040000000000873,0
1150500,0.0039999999999963,0
1150530,0.0050000000000181,0
1150560,0.00300000000002,0
1150590,0.0064999999999599,0
1150620,0.0035000000000309,0
1150650,0.0059999999999945,0
1150680,0.0050000000000636,0
1150710,0.0050000000000636,0
1150740,0.002999999999929,0
1150770,0.0050000000000181,0
1150800,0.0039999999999054,0
1150830,0.0115000000000691,0
1150860,0.0049999999999727,0
1150890,0.0055000000000745,0
1150920,0.0034999999999854,0
1150950,0.0054999999999836,0
1150980,0.0035000000000763,0
1151010,0.0044999999998708,0
1151040,0.0069999999999254,0
1151070,0.0079999999999927,0
1151100,0.0025000000000545,0
1151130,0.0050000000000636,0
1151160,0.005999999999949,0
1151190,0.0039999999999963,0
1151220,0.0059999999999945,0
1151250,0.0050000000000636,0
1151280,0.0044999999999163,0
1151310,0.00550000000012,0
1151340,0.0039999999999508,0
1151370,0.0044999999999618,0
1151400,0.0045000000000072,0
1151430,0.0070000000000163,0
1151460,0.0065000000000054,0
1151490,0.00600000000004,0
1151520,0.0039999999999963,0
1151550,0.0055000000000291,0
1151580,0.0044999999999618,0
1151610,0.0040000000000418,0
1151640,0.0024999999999636,0
1151670,0.0044999999999163,0
1151700,0.0049999999999727,0
1151730,0.0064999999999599,0
1151760,0.0055000000000745,0
1151790,0.0039999999999963,0
1151820,0.0044999999999163,0
1151850,0.0039999999999508,0
1151880,0.0025000000000545,0
1151910,0.0050000000000181,0
1151940,0.0060000000000854,0
1151970,0.0050000000000636,0
1152000,0.0055000000000291,0
1152030,0.005999999999949,0
1152060,0.0044999999999163,0
1152090,0.0060000000000854,0
1152120,0.0054999999999836,0
1152150,0.0055000000000745,0
1152180,0.0055000000000745,0
1152210,0.0049999999998817,0
1152240,0.0040000000000418,0
1152270,0.0070000000000163,0
1152300,0.0009999999999763,0
1152330,0.0044999999999618,0
1152360,0.0045000000000527,0
1152390,0.0055000000000291,0
1152420,0.00300000000002,0
1152450,0.0069999999999708,0
1152480,0.0059999999999945,0
1152510,0.0069999999999708,0
1152540,0.0055000000000291,0
1152570,0.0055000000000291,0
1152600,0.0040000000000418,0
1152630,0.0125000000000454,0
1152660,0.0064999999998235,0
1152690,0.0045000000000527,0
1152720,0.0055000000000291,0
1152750,0.0085000000000036,0
1152780,0.0064999999999145,0
1152810,0.0059999999999945,0
1152840,0.0055000000000745,0
1152870,0.0080000000001291,0
1152900,0.0024999999998271,0
1152930,0.00550000000012,0
1152960,0.0050000000000181,0
1152990,0.0074999999999818,0
1153020,0.0064999999999145,0
1153050,0.0055000000000291,0
1153080,0.0039999999999963,0
1153110,0.0080000000000836,0
1153140,0.0054999999999381,0
1153170,0.0045000000000527,0
1153200,0.0070000000000163,0
1153230,0.0074999999998453,0
1153260,0.0050000000000636,0
1153290,0.0060000000000854,0
1153320,0.0060000000001309,0
1153350,0.0084999999998217,0
1153380,0.0055000000000745,0
1153410,0.0074999999999363,0
1153440,0.0045000000000072,0
1153470,0.0070000000000618,0
1153500,0.0039999999999963,0
1153530,0.0055000000000291,0
1153560,0.0064999999999145,0
1153590,0.0070000000001073,0
1153620,0.0049999999999727,0
1153650,0.0065000000000964,0
1153680,0.0054999999998926,0
1153710,0.0110000000001491,0
1153740,0.0040000000000418,0
1153770,0.0060000000000854,0
1153800,0.0044999999999618,0
1153830,0.0074999999999818,0
1153860,0.0045000000000072,0
1153890,0.0049999999999727,0
1153920,0.0054999999999381,0
1153950,0.0075000000000272,0
1153980,0.0045000000000982,0
1154010,0.0079999999998563,0
1154040,0.0060000000001309,0
1154070,0.0069999999999708,0
1154100,0.005999999999949,0
1154130,0.0069999999999708,0
1154160,0.0055000000000745,0
1154190,0.0055000000000291,0
1154220,0.0050000000000181,0
1154250,0.0044999999999163,0
1154280,0.0070000000000163,0
1154310,0.0094999999999345,0
1154340,0.00600000000004,0
1154370,0.0050000000000181,0
1154400,0.0039999999999963,0
1154430,0.0109999999998763,0
1154460,0.0065000000000054,0
1154490,0.0050000000000181,0
1154520,0.0049999999998817,0
1154550,0.0065000000000964,0
1154580,0.0034999999999399,0
1154610,0.0075000000000727,0
1154640,0.0044999999999618,0
1154670,0.0074999999999818,0
1154700,0.0045000000000072,0
1154730,0.00600000000004,0
1154760,0.0045000000000527,0
1154790,0.0064999999999599,0
1154820,0.0054999999999836,0
1154850,0.0065000000000054,0
1154880,0.0049999999999727,0
1154910,0.0085000000000036,0
1154940,0.0045000000000527,0
1154970,0.0070000000000163,0
1155000,0.0059999999999945,0
1155030,0.0074999999999818,0
1155060,0.005999999999949,0
1155090,0.0065000000000964,0
1155120,0.0055000000000745,0
1155150,0.0074999999999363,0
1155180,0.0055000000000291,0
1155210,0.0075000000000727,0
1155240,0.0049999999999272,0
1155270,0.0084999999999126,0
1155300,0.0050000000000636,0
1155330,0.0080000000000381,0
1155360,0.0044999999999618,0
1155390,0.0090000000000145,0
1155420,0.0054999999999836,0
1155450,0.0069999999999708,0
1155480,0.0050000000001091,0
1155510,0.0089999999999236,0
1155540,0.0060000000000854,0
1155570,0.005999999999949,0
1155600,0.0039999999999963,0
1155630,0.0090000000000145,0
1155660,0.00600000000004,0
1155690,0.0055000000000745,0
1155720,0.0065000000000509,0
1155750,0.0059999999998581,0
1155780,0.0055000000000291,0
1155810,0.0075000000000272,0
1155840,0.0050000000000636,0
1155870,0.0050000000000181,0
1155900,0.0049999999999727,0
1155930,0.0054999999999381,0
1155960,0.0064999999999599,0
1155990,0.0075000000001182,0
1156020,0.0040000000000418,0
1156050,0.0044999999999163,0
1156080,0.0040000000000873,0
1156110,0.0069999999999254,0
1156140,0.0050000000000636,0
1156170,0.0040000000000873,0
1156200,0.0059999999997671,0
1156230,0.0090000000001509,0
1156260,0.0059999999999035,0
1156290,0.0045000000000072,0
1156320,0.0044999999999618,0
1156350,0.0059999999999945,0
1156380,0.0050000000000181,0
1156410,0.0084999999999581,0
1156440,0.0040000000000873,0
1156470,0.0070000000000163,0
1156500,0.0034999999999854,0
1156530,0.0069999999999708,0
1156560,0.00600000000004,0
1156590,0.0070000000000163,0
1156620,0.0050000000000181,0
1156650,0.0045000000000527,0
1156680,0.0050000000000181,0
1156710,0.0070000000000163,0
1156740,0.0055000000000745,0
1156770,0.0054999999999836,0
1156800,0.0040000000000418,0
1156830,0.0064999999999599,0
1156860,0.0055000000000291,0
1156890,0.005999999999949,0
1156920,0.0045000000000527,0
1156950,0.0064999999999599,0
1156980,0.0074999999999818,0
1157010,0.0055000000000745,0
1157040,0.0059999999999035,0
1157070,0.0065000000000054,0
1157100,0.0045000000000527,0
1157130,0.0090000000000145,0
1157160,0.0059999999999035,0
1157190,0.0054999999999381,0
1157220,0.00550000000012,0
1157250,0.0054999999999836,0
1157280,0.002500000000009,0
1157310,0.0074999999999818,0
1157340,0.0065000000001418,0
1157370,0.0035000000000309,0
1157400,0.0045000000000527,0
1157430,0.0080000000000381,0
1157460,0.0054999999999836,0
1157490,0.0069999999998799,0
1157520,0.0050000000000636,0
1157550,0.0075000000000272,0
1157580,0.0045000000000072,0
1157610,0.0055000000000291,0
1157640,0.0050000000000181,0
1157670,0.0050000000000181,0
1157700,0.0054999999999381,0
1157730,0.0044999999999618,0
1157760,0.0040000000000418,0
1157790,0.0054999999999381,0
1157820,0.0045000000000527,0
1157850,0.00300000000002,0
1157880,0.0035000000000763,0
1157910,0.005999999999949,0
1157940,0.0039999999998599,0
1157970,0.0045000000000527,0
1158000,0.0035000000000309,0
1158030,0.0079999999999927,0
1158060,0.0045000000000527,0
1158090,0.0039999999998599,0
1158120,0.0045000000000982,0
1158150,0.0080000000000381,0
1158180,0.0040000000000418,0
1158210,0.0039999999999963,0
1158240,0.0040000000000418,0
1158270,0.00600000000004,0
1158300,0.0049999999999272,0
1158330,0.005999999999949,0
1158360,0.0029999999999745,0
1158390,0.0065000000000054,0
1158420,0.0034999999999399,0
1158450,0.0045000000000527,0
1158480,0.0045000000000527,0
1158510,0.0064999999999145,0
1158540,0.0065000000000964,0
1158570,0.0049999999999727,0
1158600,0.0049999999999272,0
1158630,0.0055000000000291,0
1158660,0.0040000000000873,0
1158690,0.0044999999999163,0
1158720,0.0035000000000309,0
1158750,0.0055000000000291,0
1158780,0.0040000000000418,0
1158810,0.0045000000000527,0
1158840,0.0039999999998599,0
1158870,0.0074999999999818,0
1158900,0.0050000000000636,0
1158930,0.00900000000006,0
1158960,0.00300000000002,0
1158990,0.0049999999999727,0
1159020,0.0039999999999963,0
1159050,0.0039999999999963,0
1159080,0.0064999999999599,0
1159110,0.0070000000000163,0
1159140,0.0034999999999854,0
1159170,0.0029999999999745,0
1159200,0.0040000000000873,0
1159230,0.0045000000000072,0
1159260,0.0049999999999727,0
1159290,0.0029999999999745,0
1159320,0.0045000000000982,0
1159350,0.0055000000000291,0
1159380,0.00300000000002,0
1159410,0.0044999999999618,0
1159440,0.0040000000000873,0
1159470,0.006499999999869,0
1159500,0.0040000000000418,0
1159530,0.0029999999999745,0
1159560,0.0034999999999854,0
1159590,0.0065000000000509,0
1159620,0.00300000000002,0
1159650,0.0065000000000054,0
1159680,0.0019999999999527,0
1159710,0.0064999999999599,0
1159740,0.0045000000000072,0
1159770,0.0024999999999181,0
1159800,0.0030000000000654,0
1159830,0.0075000000000272,0
1159860,0.0045000000000527,0
1159890,0.0049999999999272,0
1159920,0.0030000000000654,0
1159950,0.0050000000000181,0
1159980,0.002500000000009,0
1160010,0.0045000000000072,0
1160040,0.0029999999999745,0
1160070,0.0045000000000982,0
1160100,0.0025000000000545,0
1160130,0.0044999999999618,0
1160160,0.0044999999999618,0
1160190,0.0055000000000745,0
1160220,0.0025000000000545,0
1160250,0.0045000000000527,0
1160280,0.002999999999929,0
1160310,0.0059999999999035,0
1160340,0.0029999999999745,0
1160370,0.00300000000002,0
1160400,0.0039999999999963,0
1160430,0.0060000000000854,0
1160460,0.0024999999999636,0
1160490,0.0050000000000181,0
1160520,0.0039999999999508,0
1160550,0.0060000000000854,0
1160580,0.0055000000000291,0
1160610,0.0059999999999945,0
1160640,0.0050000000000636,0
1160670,0.005999999999949,0
1160700,0.0045000000000527,0
1160730,0.0075000000000272,0
1160760,0.0044999999998708,0
1160790,0.0045000000000072,0
1160820,0.0050000000000181,0
1160850,0.005999999999949,0
1160880,0.0044999999999163,0
1160910,0.0050000000000181,0
1160940,0.0034999999999399,0
1160970,0.0219999999999799,0
1161000,0.0045000000000072,0
1161030,0.00600000000004,0
1161060,0.0064999999999145,0
1161090,0.005999999999949,0
1161120,0.0050000000000181,0
1161150,0.0069999999999708,0
1161180,0.0050000000000181,0
1161210,0.0074999999999363,0
1161240,0.005999999999949,0
1161270,0.0075000000000272,0
1161300,0.0065000000000054,0
1161330,0.00600000000004,0
1161360,0.0054999999999836,0
1161390,0.0100000000000363,0
1161420,0.0055000000000291,0
1161450,0.0055000000000291,0
1161480,0.005999999999949,0
1161510,0.0075000000000272,0
1161540,0.0055000000000291,0
1161570,0.0064999999999145,0
1161600,0.0059999999999035,0
1161630,0.0115000000000691,0
1161660,0.0064999999999599,0
1161690,0.0054999999999836,0
1161720,0.0024999999999636,0
1161750,0.0070000000000163,0
1161780,0.0045000000000072,0
1161810,0.0059999999999945,0
1161840,0.0054999999999836,0
1161870,0.0070000000000163,0
1161900,0.0055000000000291,0
1161930,0.0054999999998926,0
1161960,0.0060000000000854,0
1161990,0.0064999999999599,0
1162020,0.0070000000000163,0
1162050,0.0059999999999945,0
1162080,0.0029999999999745,0
1162110,0.0069999999999254,0
1162140,0.0054999999999836,0
1162170,0.0059999999999945,0
1162200,0.00550000000012,0
1162230,0.005999999999949,0
1162260,0.0055000000000291,0
1162290,0.0065000000000054,0
1162320,0.0039999999999508,0
1162350,0.0074999999998908,0
1162380,0.0069999999999254,0
1162410,0.0045000000000982,0
1162440,0.0045000000000072,0
1162470,0.0075000000000727,0
1162500,0.0064999999999145,0
1162530,0.0050000000000181,0
1162560,0.0054999999999836,0
1162590,0.0079999999999927,0
1162620,0.0054999999999836,0
1162650,0.0050000000000636,0
1162680,0.0055000000000291,0
1162710,0.0045000000000527,0
1162740,0.0054999999998472,0
1162770,0.0075000000000272,0
1162800,0.0045000000000072,0
1162830,0.0074999999998908,0
1162860,0.00600000000004,0
1162890,0.0070000000000163,0
1162920,0.0045000000000072,0
1162950,0.005999999999949,0
1162980,0.0050000000000636,0
1163010,0.0050000000000636,0
1163040,0.0039999999999508,0
1163070,0.0064999999999145,0
1163100,0.0050000000000181,0
1163130,0.0045000000000982,0
1163160,0.0069999999999254,0
1163190,0.0060000000000854,0
1163220,0.0039999999999508,0
1163250,0.00600000000004,0
1163280,0.0044999999999163,0
1163310,0.0090000000000145,0
1163340,0.0045000000000527,0
1163370,0.0060000000000854,0
1163400,0.0050000000000636,0
1163430,0.0105000000000472,0
1163460,0.0054999999999381,0
1163490,0.006499999999869,0
1163520,0.0045000000000072,0
1163550,0.0075000000000272,0
1163580,0.005999999999949,0
1163610,0.0050000000001091,0
1163640,0.0054999999999836,0
1163670,0.0069999999999254,0
1163700,0.0050000000000636,0
1163730,0.0064999999999599,0
1163760,0.0055000000000745,0
1163790,0.0035000000000763,0
1163820,0.0054999999998926,0
1163850,0.0085000000000491,0
1163880,0.0040000000000418,0
1163910,0.0065000000000054,0
1163940,0.0039999999999963,0
1163970,0.00600000000004,0
1164000,0.0055000000000291,0
1164030,0.0049999999999727,0
1164060,0.0065000000000054,0
1164090,0.0045000000000072,0
1164120,0.0045000000000072,0
1164150,0.0059999999999945,0
1164180,0.0059999999999035,0
1164210,0.0065000000000509,0
1164240,0.0049999999998362,0
1164270,0.0074999999999818,0
1164300,0.0060000000001309,0
1164330,0.0099999999998544,0
1164360,0.0055000000000291,0
1164390,0.0070000000000618,0
1164420,0.0049999999999272,0
1164450,0.0039999999999508,0
1164480,0.0055000000000291,0
1164510,0.0074999999998908,0
1164540,0.0049999999999727,0
1164570,0.005999999999949,0
1164600,0.0070000000000618,0
1164630,0.0044999999998708,0
1164660,0.0050000000000181,0
1164690,0.0065000000000054,0
1164720,0.0050000000000181,0
1164750,0.0070000000000163,0
1164780,0.0045000000000072,0
1164810,0.0064999999999599,0
1164840,0.0050000000000636,0
1164870,0.0054999999999836,0
1164900,0.0019999999999981,0
1164930,0.0039999999999508,0
1164960,0.0025000000000545,0
1164990,0.005999999999949,0
1165020,0.0045000000000527,0
1165050,0.0040000000000418,0
1165080,0.0045000000000072,0
1165110,0.0059999999999035,0
1165140,0.0050000000000636,0
1165170,0.0049999999998817,0
1165200,0.0050000000000636,0
1165230,0.0109999999999217,0
1165260,0.0035000000000309,0
1165290,0.0050000000000181,0
1165320,0.0045000000000072,0
1165350,0.0044999999998708,0
1165380,0.0060000000000854,0
1165410,0.0054999999999381,0
1165440,0.0055000000000291,0
1165470,0.0065000000000509,0
1165500,0.0030000000000654,0
1165530,0.0069999999998799,0
1165560,0.0050000000000636,0
1165590,0.0049999999999727,0
1165620,0.0045000000000527,0
1165650,0.0069999999998344,0
1165680,0.0040000000000418,0
1165710,0.0069999999999708,0
1165740,0.0045000000000072,0
1165770,0.0079999999999927,0
1165800,0.0045000000000072,0
1165830,0.0069999999999708,0
1165860,0.0024999999999636,0
1165890,0.0050000000000636,0
1165920,0.0055000000000745,0
1165950,0.0059999999999945,0
1165980,0.0029999999999745,0
1166010,0.0055000000000291,0
1166040,0.0054999999998926,0
1166070,0.00600000000004,0
1166100,0.0029999999999745,0
1166130,0.0105000000000472,0
1166160,0.0044999999999163,0
1166190,0.0045000000000527,0
1166220,0.0050000000000181,0
1166250,0.0054999999999836,0
1166280,0.0054999999999381,0
1166310,0.0074999999999818,0
1166340,0.0054999999999381,0
1166370,0.0059999999999945,0
1166400,0.0045000000000982,0
1166430,0.006499999999869,0
1166460,0.0040000000000418,0
1166490,0.0035000000000763,0
1166520,0.002500000000009,0
1166550,0.0054999999998017,0
1166580,0.005999999999949,0
1166610,0.0044999999999618,0
1166640,0.0065000000000509,0
1166670,0.0055000000000291,0
1166700,0.0045000000000527,0
1166730,0.0040000000000418,0
1166760,0.0064999999999599,0
1166790,0.0064999999999599,0
1166820,0.0050000000000636,0
1166850,0.0055000000000745,0
1166880,0.0044999999999163,0
1166910,0.0080000000000382,0
1166940,0.0049999999998362,0
1166970,0.0035000000000309,0
1167000,0.0040000000000418,0
1167030,0.0080000000000381,0
1167060,0.0029999999999745,0
1167090,0.0039999999999054,0
1167120,0.002500000000009,0
1167150,0.0070000000000163,0
1167180,0.0024999999999636,0
1167210,0.0050000000000181,0
1167240,0.0039999999999963,0
1167270,0.0054999999999381,0
1167300,0.0020000000000436,0
1167330,0.0045000000000527,0
1167360,0.0040000000000418,0
1167390,0.0069999999999708,0
1167420,0.0035000000000763,0
1167450,0.0039999999999054,0
1167480,0.002999999999929,0
1167510,0.0055000000000745,0
1167540,0.00300000000002,0
1167570,0.0045000000000072,0
1167600,0.0039999999999963,0
1167630,0.0050000000000636,0
1167660,0.00600000000004,0
1167690,0.0044999999999618,0
1167720,0.0034999999999399,0
1167750,0.0045000000000527,0
1167780,0.0020000000000436,0
1167810,0.00300000000002,0
1167840,0.0055000000000745,0
1167870,0.0044999999999618,0
1167900,0.0029999999999745,0
1167930,0.0074999999999818,0
1167960,0.0035000000000309,0
1167990,0.005999999999949,0
1168020,0.002500000000009,0
1168050,0.0050000000000181,0
1168080,0.0029999999999745,0
1168110,0.0059999999999945,0
1168140,0.00300000000002,0
1168170,0.0034999999999399,0
1168200,0.0035000000000763,0
1168230,0.0050000000000636,0
1168260,0.0049999999998817,0
1168290,0.0030000000000654,0
1168320,0.0034999999999399,0
1168350,0.0054999999998926,0
1168380,0.0055000000000745,0
1168410,0.0045000000000527,0
1168440,0.0024999999999636,0
1168470,0.0049999999999727,0
1168500,0.0024999999999636,0
1168530,0.0029999999999745,0
1168560,0.0034999999999854,0
1168590,0.0059999999999945,0
1168620,0.0035000000000309,0
1168650,0.0040000000000873,0
1168680,0.0045000000000527,0
1168710,0.0069999999998799,0
1168740,0.0045000000000072,0
1168770,0.0054999999999836,0
1168800,0.0025000000000545,0
1168830,0.0105000000000472,0
1168860,0.0020000000000436,0
1168890,0.0034999999999399,0
1168920,0.0039999999999508,0
1168950,0.0039999999999963,0
1168980,0.0039999999999963,0
1169010,0.0074999999999818,0
1169040,0.0035000000000309,0
1169070,0.0049999999999727,0
1169100,0.0044999999999618,0
1169130,0.0040000000000418,0
1169160,0.00600000000004,0
1169190,0.0060000000000854,0
1169220,0.0044999999999163,0
1169250,0.0044999999999618,0
1169280,0.0044999999999163,0
1169310,0.00550000000012,0
1169340,0.0034999999999854,0
1169370,0.0054999999998472,0
1169400,0.0045000000000527,0
1169430,0.0050000000000181,0
1169460,0.0039999999999508,0
1169490,0.0040000000000418,0
1169520,0.0039999999999963,0
1169550,0.0055000000000291,0
1169580,0.0054999999999836,0
1169610,0.0075000000000727,0
1169640,0.0045000000000072,0
1169670,0.0069999999999254,0
1169700,0.0054999999999836,0
1169730,0.0085000000000036,0
1169760,0.0039999999999054,0
1169790,0.0075000000000272,0
1169820,0.0039999999999963,0
1169850,0.0074999999997999,0
1169880,0.0070000000000163,0
1169910,0.0054999999999836,0
1169940,0.0035000000000309,0
1169970,0.0065000000000964,0
1170000,0.0054999999999381,0
1170030,0.0074999999999363,0
1170060,0.0064999999999599,0
1170090,0.0070000000000163,0
1170120,0.0045000000000072,0
1170150,0.0074999999998908,0
1170180,0.0050000000001091,0
1170210,0.00600000000004,0
1170240,0.0054999999998472,0
1170270,0.0069999999999254,0
1170300,0.0035000000000309,0
1170330,0.0059999999999035,0
1170360,0.0070000000001073,0
1170390,0.0054999999999381,0
1170420,0.0045000000000527,0
1170450,0.0049999999999727,0
1170480,0.0050000000000181,0
1170510,0.0064999999999599,0
1170540,0.0034999999999854,0
1170570,0.0050000000000636,0
1170600,0.0059999999998581,0
1170630,0.0110000000000127,0
1170660,0.0050000000000181,0
1170690,0.0049999999999272,0
1170720,0.0060000000000854,0
1170750,0.0065000000000054,0
1170780,0.0045000000000072,0
1170810,0.00600000000004,0
1170840,0.0040000000000418,0
1170870,0.0050000000000181,0
1170900,0.0045000000000072,0
1170930,0.0059999999999945,0
1170960,0.0065000000000054,0
1170990,0.0070000000000163,0
1171020,0.0054999999999836,0
1171050,0.0045000000000527,0
1171080,0.005999999999949,0
1171110,0.00550000000012,0
1171140,0.0044999999998708,0
1171170,0.0054999999999836,0
1171200,0.0045000000000527,0
1171230,0.0060000000000854,0
1171260,0.0065000000000964,0
1171290,0.0054999999999381,0
1171320,0.0050000000000181,0
1171350,0.0070000000000163,0
1171380,0.0044999999999163,0
1171410,0.00600000000004,0
1171440,0.0054999999998926,0
1171470,0.0054999999999836,0
1171500,0.0039999999999963,0
1171530,0.0090000000000145,0
1171560,0.00600000000004,0
1171590,0.0054999999999381,0
1171620,0.0039999999999963,0
1171650,0.0059999999999945,0
1171680,0.00600000000004,0
1171710,0.0085000000000036,0
1171740,0.0045000000000072,0
1171770,0.0054999999998926,0
1171800,0.0065000000000964,0
1171830,0.0055000000000291,0
1171860,0.0054999999999381,0
1171890,0.0055000000000291,0
1171920,0.0054999999998926,0
1171950,0.0070000000000163,0
1171980,0.0049999999999727,0
1172010,0.0045000000000527,0
1172040,0.0064999999999599,0
1172070,0.0070000000001073,0
1172100,0.0039999999999508,0
1172130,0.0059999999999945,0
1172160,0.0075000000000272,0
1172190,0.0055000000000745,0
1172220,0.0045000000000072,0
1172250,0.0065000000000054,0
1172280,0.0059999999999945,0
1172310,0.0054999999999836,0
1172340,0.0060000000000854,0
1172370,0.00600000000004,0
1172400,0.0064999999999145,0
1172430,0.0085000000000945,0
1172460,0.0049999999999272,0
1172490,0.00600000000004,0
1172520,0.0050000000000181,0
1172550,0.0049999999999727,0
1172580,0.0049999999999272,0
1172610,0.0065000000000509,0
1172640,0.0055000000000291,0
1172670,0.0064999999999599,0
1172700,0.0049999999998817,0
1172730,0.0070000000000618,0
1172760,0.0070000000000618,0
1172790,0.0049999999999727,0
1172820,0.0055000000000745,0
1172850,0.0064999999999145,0
1172880,0.0045000000000527,0
1172910,0.0065000000000054,0
1172940,0.0060000000000854,0
1172970,0.0044999999999163,0
1173000,0.0050000000000636,0
1173030,0.0064999999999599,0
1173060,0.0045000000000072,0
1173090,0.0029999999999745,0
1173120,0.00600000000004,0
1173150,0.0069999999998799,0
1173180,0.0055000000000745,0
1173210,0.0059999999999945,0
1173240,0.0060000000000854,0
1173270,0.005999999999949,0
1173300,0.0059999999999945,0
1173330,0.0095000000001164,0
1173360,0.0044999999999163,0
1173390,0.0060000000001309,0
1173420,0.0034999999999854,0
1173450,0.0035000000000309,0
1173480,0.0040000000000418,0
1173510,0.0075000000000272,0
1173540,0.0035000000000309,0
1173570,0.0050000000000181,0
1173600,0.0039999999999963,0
1173630,0.0075000000000727,0
1173660,0.0040000000000418,0
1173690,0.0044999999999618,0
1173720,0.0030000000000654,0
1173750,0.0044999999999618,0
1173780,0.0044999999999618,0
1173810,0.0069999999999708,0
1173840,0.0045000000000072,0
1173870,0.0060000000000854,0
1173900,0.0019999999999981,0
1173930,0.0050000000000636,0
1173960,0.0060000000000854,0
1173990,0.0054999999998926,0
1174020,0.0044999999999618,0
1174050,0.0079999999999927,0
1174080,0.0034999999999854,0
1174110,0.0065000000000054,0
1174140,0.0040000000000418,0
1174170,0.0039999999999963,0
1174200,0.0034999999999399,0
1174230,0.0045000000000527,0
1174260,0.0029999999999745,0
1174290,0.0044999999999163,0
1174320,0.0034999999999854,0
1174350,0.0075000000000727,0
1174380,0.0060000000000854,0
1174410,0.0064999999999145,0
1174440,0.0039999999999508,0
1174470,0.0055000000000291,0
1174500,0.0019999999999981,0
1174530,0.0049999999999272,0
1174560,0.0045000000000072,0
1174590,0.0065000000000509,0
1174620,0.0039999999999508,0
1174650,0.0059999999999945,0
1174680,0.0049999999999272,0
1174710,0.0079999999999927,0
1174740,0.0039999999999963,0
1174770,0.0044999999999618,0
1174800,0.0060000000000854,0
1174830,0.0059999999999945,0
1174860,0.0045000000000527,0
1174890,0.0054999999998926,0
1174920,0.0055000000000745,0
1174950,0.0049999999999727,0
1174980,0.0039999999999508,0
1175010,0.0054999999999836,0
1175040,0.0035000000000309,0
1175070,0.0040000000000873,0
1175100,0.0029999999999745,0
1175130,0.0080000000000381,0
1175160,0.0044999999999618,0
1175190,0.0050000000000636,0
1175220,0.0059999999999945,0
1175250,0.0040000000000418,0
1175280,0.0039999999999963,0
1175310,0.0045000000000072,0
1175340,0.0050000000000636,0
1175370,0.0064999999999599,0
1175400,0.005999999999949,0
1175430,0.0075000000001182,0
1175460,0.0039999999999508,0
1175490,0.0054999999999381,0
1175520,0.00300000000002,0
1175550,0.0054999999999381,0
1175580,0.0050000000000181,0
1175610,0.0074999999999818,0
1175640,0.0034999999999854,0
1175670,0.00600000000004,0
1175700,0.0024999999999636,0
1175730,0.0060000000001309,0
1175760,0.0045000000000072,0
1175790,0.0039999999999963,0
1175820,0.0019999999999981,0
1175850,0.0055000000000745,0
1175880,0.0039999999998599,0
1175910,0.0059999999999945,0
1175940,0.0035000000000309,0
1175970,0.0044999999999618,0
1176000,0.0050000000000181,0
1176030,0.0074999999999363,0
1176060,0.0035000000000309,0
1176090,0.0029999999999745,0
1176120,0.0035000000000763,0
1176150,0.0044999999999618,0
1176180,0.0030000000000654,0
1176210,0.003499999999849,0
1176240,0.0045000000000982,0
1176270,0.0055000000000291,0
1176300,0.0034999999998944,0
1176330,0.0040000000000418,0
1176360,0.0040000000000418,0
1176390,0.0059999999999945,0
1176420,0.0039999999999508,0
1176450,0.0050000000000181,0
1176480,0.002500000000009,0
1176510,0.0080000000000381,0
1176540,0.0045000000000072,0
1176570,0.0035000000000309,0
1176600,0.0039999999998599,0
1176630,0.0059999999999945,0
1176660,0.0029999999999745,0
1176690,0.0024999999999636,0
1176720,0.0034999999999854,0
1176750,0.0050000000000636,0
1176780,0.0029999999999745,0
1176810,0.0045000000000072,0
1176840,0.0035000000000309,0
1176870,0.0039999999999963,0
1176900,0.002500000000009,0
1176930,0.0055000000000291,0
1176960,0.0040000000000418,0
1176990,0.0045000000000072,0
1177020,0.0049999999999272,0
1177050,0.0034999999999399,0
1177080,0.0045000000000982,0
1177110,0.0044999999999163,0
1177140,0.0035000000000309,0
1177170,0.0055000000000291,0
1177200,0.0039999999999963,0
1177230,0.0054999999999836,0
1177260,0.0040000000000418,0
1177290,0.0040000000000418,0
1177320,0.0034999999999399,0
1177350,0.0055000000000745,0
1177380,0.0019999999999981,0
1177410,0.0039999999998599,0
1177440,0.0045000000000982,0
1177470,0.00300000000002,0
1177500,0.0029999999999745,0
1177530,0.0039999999999963,0
1177560,0.0064999999999599,0
1177590,0.006499999999869,0
1177620,0.0039999999999963,0
1177650,0.0034999999999854,0
1177680,0.0049999999999727,0
1177710,0.0085000000000945,0
1177740,0.0050000000000636,0
1177770,0.0039999999999963,0
1177800,0.0045000000000527,0
1177830,0.0049999999999272,0
1177860,0.0045000000000072,0
1177890,0.0039999999999963,0
1177920,0.0039999999999054,0
1177950,0.0065000000000054,0
1177980,0.0035000000000309,0
1178010,0.0064999999999599,0
1178040,0.0040000000000418,0
1178070,0.0045000000000982,0
1178100,0.0045000000000072,0
1178130,0.0054999999998926,0
1178160,0.0039999999999963,0
1178190,0.0039999999999508,0
1178220,0.0039999999999508,0
1178250,0.0050000000000181,0
1178280,0.0055000000000745,0
1178310,0.0079999999998563,0
1178340,0.0050000000000636,0
1178370,0.0060000000000854,0
1178400,0.0039999999999963,0
1178430,0.0080000000000381,0
1178460,0.0049999999998362,0
1178490,0.0070000000001073,0
1178520,0.0054999999999836,0
1178550,0.0049999999999727,0
1178580,0.0034999999999854,0
1178610,0.0065000000000054,0
1178640,0.0045000000000072,0
1178670,0.0079999999999017,0
1178700,0.0049999999998817,0
1178730,0.0100000000000363,0
1178760,0.0035000000000309,0
1178790,0.0055000000000745,0
1178820,0.0049999999999272,0
1178850,0.0059999999999945,0
1178880,0.0039999999999963,0
1178910,0.0084999999999126,0
1178940,0.0065000000000509,0
1178970,0.0034999999999854,0
1179000,0.0045000000000072,0
1179030,0.005999999999949,0
1179060,0.0064999999999145,0
1179090,0.0050000000000181,0
1179120,0.0050000000000181,0
1179150,0.0070000000000618,0
1179180,0.0054999999999836,0
1179210,0.0080000000000381,0
1179240,0.0054999999999836,0
1179270,0.0039999999999054,0
1179300,0.0050000000000181,0
1179330,0.0044999999998708,0
1179360,0.0050000000000636,0
1179390,0.0054999999999836,0
1179420,0.0054999999999381,0
1179450,0.0044999999999618,0
1179480,0.0094999999999799,0
1179510,0.0095000000000709,0
1179540,0.0040000000000418,0
1179570,0.005999999999949,0
1179600,0.0064999999999145,0
1179630,0.0075000000001182,0
1179660,0.0039999999999963,0
1179690,0.0049999999999727,0
1179720,0.0074999999999818,0
1179750,0.0040000000000418,0
1179780,0.0055000000000291,0
1179810,0.0074999999999363,0
1179840,0.0040000000000418,0
1179870,0.0070000000000163,0
1179900,0.0065000000000509,0
1179930,0.0064999999999145,0
1179960,0.0050000000000636,0
1179990,0.0065000000000509,0
1180020,0.00300000000002,0
1180050,0.0050000000000636,0
1180080,0.0050000000001091,0
1180110,0.00600000000004,0
1180140,0.0049999999999727,0
1180170,0.0060000000000854,0
1180200,0.0045000000000072,0
1180230,0.0079999999999927,0
1180260,0.0059999999999035,0
1180290,0.00600000000004,0
1180320,0.0044999999999163,0
1180350,0.0055000000000745,0
1180380,0.0049999999999727,0
1180410,0.0045000000000072,0
1180440,0.0065000000000964,0
1180470,0.0074999999998453,0
1180500,0.0050000000000636,0
1180530,0.0070000000000163,0
1180560,0.0054999999999381,0